2025-12-22 16:16:39 INFO  BaseClass - config.properties file is loaded!!!
2025-12-22 16:16:45 INFO  BaseClass - chromeDriver initialized!!!
2025-12-22 16:16:45 INFO  BaseClass - chromeDriver initialized!!!
2025-12-22 16:16:45 INFO  BaseClass - chromeDriver initialized!!!
2025-12-22 16:16:47 INFO  BaseClass - browser is launched and window is mazimized
2025-12-22 16:16:47 INFO  BaseClass - ActionDriver initialized!!!
2025-12-22 16:16:47 INFO  BaseClass - ActionDriver class instance is created!!!----->29
2025-12-22 16:16:47 INFO  BaseClass - browser is launched and window is mazimized
2025-12-22 16:16:47 INFO  BaseClass - ActionDriver initialized!!!
2025-12-22 16:16:47 INFO  BaseClass - ActionDriver class instance is created!!!----->32
2025-12-22 16:16:47 INFO  BaseClass - browser is launched and window is mazimized
2025-12-22 16:16:47 INFO  BaseClass - ActionDriver initialized!!!
2025-12-22 16:16:47 INFO  BaseClass - ActionDriver class instance is created!!!----->30
2025-12-22 16:16:49 INFO  BaseClass - chromeDriver initialized!!!
2025-12-22 16:16:49 INFO  BaseClass - chromeDriver initialized!!!
2025-12-22 16:16:49 INFO  BaseClass - applied green color on border of element element with Name attribute:username
2025-12-22 16:16:49 INFO  BaseClass - element with Name attribute:username is visible
2025-12-22 16:16:50 INFO  BaseClass - applied green color on border of element element with Name attribute:username
2025-12-22 16:16:50 INFO  BaseClass - browser is launched and window is mazimized
2025-12-22 16:16:50 INFO  BaseClass - ActionDriver initialized!!!
2025-12-22 16:16:50 INFO  BaseClass - ActionDriver class instance is created!!!----->33
2025-12-22 16:16:50 INFO  BaseClass - browser is launched and window is mazimized
2025-12-22 16:16:50 INFO  BaseClass - ActionDriver initialized!!!
2025-12-22 16:16:50 INFO  BaseClass - ActionDriver class instance is created!!!----->31
2025-12-22 16:16:50 INFO  BaseClass - Entered text :Admin in element with Name attribute:username
2025-12-22 16:16:50 INFO  BaseClass - applied green color on border of element element with Name attribute:password
2025-12-22 16:16:50 INFO  BaseClass - applied green color on border of element element with Name attribute:username
2025-12-22 16:16:51 INFO  BaseClass - element with Name attribute:password is visible
2025-12-22 16:16:51 INFO  BaseClass - element with Name attribute:username is visible
2025-12-22 16:16:51 INFO  BaseClass - applied green color on border of element element with Name attribute:username
2025-12-22 16:16:51 INFO  BaseClass - element with Name attribute:username is visible
2025-12-22 16:16:51 INFO  BaseClass - applied green color on border of element element with Name attribute:password
2025-12-22 16:16:51 INFO  BaseClass - applied green color on border of element element with Name attribute:username
2025-12-22 16:16:51 INFO  BaseClass - applied green color on border of element element with Name attribute:username
2025-12-22 16:16:51 INFO  BaseClass - Entered text :xxxxx in element with Name attribute:password
2025-12-22 16:16:51 INFO  BaseClass - Entered text :admin in element with Name attribute:username
2025-12-22 16:16:51 INFO  BaseClass - Entered text :admin in element with Name attribute:username
2025-12-22 16:16:51 INFO  BaseClass - applied green color on border of element element with Name attribute:password
2025-12-22 16:16:51 INFO  BaseClass - applied green color on border of element element with class attribute:oxd-button oxd-button--medium oxd-button--main orangehrm-login-button
2025-12-22 16:16:51 INFO  BaseClass - element with Name attribute:password is visible
2025-12-22 16:16:51 INFO  BaseClass - applied green color on border of element element with Name attribute:password
2025-12-22 16:16:51 INFO  BaseClass - applied green color on border of element element with class attribute:oxd-button oxd-button--medium oxd-button--main orangehrm-login-button
2025-12-22 16:16:51 INFO  BaseClass - element with Name attribute:password is visible
2025-12-22 16:16:51 INFO  BaseClass - located element by element with class attribute:oxd-button oxd-button--medium oxd-button--main orangehrm-login-button is clickable
2025-12-22 16:16:51 INFO  BaseClass - applied green color on border of element element with Name attribute:password
2025-12-22 16:16:52 INFO  BaseClass - applied green color on border of element element with Name attribute:password
2025-12-22 16:16:52 INFO  BaseClass - Entered text :Manish@880 in element with Name attribute:password
2025-12-22 16:16:52 INFO  BaseClass - Entered text :Manish@880 in element with Name attribute:password
2025-12-22 16:16:52 INFO  BaseClass - applied green color on border of element element with class attribute:oxd-button oxd-button--medium oxd-button--main orangehrm-login-button
2025-12-22 16:16:52 INFO  BaseClass - applied green color on border of element element with class attribute:oxd-button oxd-button--medium oxd-button--main orangehrm-login-button
2025-12-22 16:16:52 INFO  BaseClass - applied green color on border of element element with class attribute:oxd-button oxd-button--medium oxd-button--main orangehrm-login-button
2025-12-22 16:16:52 INFO  BaseClass - applied green color on border of element element with class attribute:oxd-button oxd-button--medium oxd-button--main orangehrm-login-button
2025-12-22 16:16:52 INFO  BaseClass - located element by element with class attribute:oxd-button oxd-button--medium oxd-button--main orangehrm-login-button is clickable
2025-12-22 16:16:52 INFO  BaseClass - located element by element with class attribute:oxd-button oxd-button--medium oxd-button--main orangehrm-login-button is clickable
2025-12-22 16:16:53 INFO  BaseClass - clicked on :element with class attribute:oxd-button oxd-button--medium oxd-button--main orangehrm-login-button
2025-12-22 16:16:53 INFO  BaseClass - applied green color on border of element element with class attribute:oxd-text oxd-text--p oxd-alert-content-text
2025-12-22 16:16:54 INFO  BaseClass - element with class attribute:oxd-text oxd-text--p oxd-alert-content-text is visible
2025-12-22 16:16:54 INFO  BaseClass - applied green color on border of element element with class attribute:oxd-text oxd-text--p oxd-alert-content-text
2025-12-22 16:16:54 INFO  BaseClass - Text are equals :Invalid credentialsequals to Invalid credentials
2025-12-22 16:16:54 INFO  BaseClass - clicked on :element with class attribute:oxd-button oxd-button--medium oxd-button--main orangehrm-login-button
2025-12-22 16:16:54 INFO  BaseClass - clicked on :element with class attribute:oxd-button oxd-button--medium oxd-button--main orangehrm-login-button
2025-12-22 16:16:54 INFO  BaseClass - webdriver & ActionDriver classes instance terminated!!!
2025-12-22 16:16:54 INFO  BaseClass - webdriver & ActionDriver classes instance terminated!!!
2025-12-22 16:16:57 INFO  BaseClass - chromeDriver initialized!!!
2025-12-22 16:16:59 INFO  BaseClass - browser is launched and window is mazimized
2025-12-22 16:16:59 INFO  BaseClass - ActionDriver initialized!!!
2025-12-22 16:16:59 INFO  BaseClass - ActionDriver class instance is created!!!----->29
2025-12-22 16:16:59 INFO  BaseClass - starting verifyEmployeeFromDB()
2025-12-22 16:17:00 INFO  BaseClass - applied green color on border of element element with Name attribute:username
2025-12-22 16:17:00 INFO  BaseClass - element with Name attribute:username is visible
2025-12-22 16:17:00 INFO  BaseClass - applied green color on border of element element with Name attribute:username
2025-12-22 16:17:00 INFO  BaseClass - webdriver & ActionDriver classes instance terminated!!!
2025-12-22 16:17:00 INFO  BaseClass - Entered text :admin in element with Name attribute:username
2025-12-22 16:17:01 INFO  BaseClass - applied green color on border of element element with Name attribute:password
2025-12-22 16:17:01 INFO  BaseClass - element with Name attribute:password is visible
2025-12-22 16:17:01 INFO  BaseClass - applied green color on border of element element with Name attribute:password
2025-12-22 16:17:01 INFO  BaseClass - Entered text :Manish@880 in element with Name attribute:password
2025-12-22 16:17:02 INFO  BaseClass - chromeDriver initialized!!!
2025-12-22 16:17:02 INFO  BaseClass - applied green color on border of element element with class attribute:oxd-button oxd-button--medium oxd-button--main orangehrm-login-button
2025-12-22 16:17:02 INFO  BaseClass - applied green color on border of element element with class attribute:oxd-button oxd-button--medium oxd-button--main orangehrm-login-button
2025-12-22 16:17:02 INFO  BaseClass - located element by element with class attribute:oxd-button oxd-button--medium oxd-button--main orangehrm-login-button is clickable
2025-12-22 16:17:02 INFO  BaseClass - browser is launched and window is mazimized
2025-12-22 16:17:02 INFO  BaseClass - ActionDriver initialized!!!
2025-12-22 16:17:02 INFO  BaseClass - ActionDriver class instance is created!!!----->32
2025-12-22 16:17:03 INFO  BaseClass - applied green color on border of element element with Name attribute:username
2025-12-22 16:17:03 INFO  BaseClass - element with Name attribute:username is visible
2025-12-22 16:17:03 INFO  BaseClass - applied green color on border of element element with Name attribute:username
2025-12-22 16:17:03 INFO  BaseClass - clicked on :element with class attribute:oxd-button oxd-button--medium oxd-button--main orangehrm-login-button
2025-12-22 16:17:03 INFO  BaseClass - Entered text :admin in element with Name attribute:username
2025-12-22 16:17:03 INFO  BaseClass - applied green color on border of element element with Name attribute:password
2025-12-22 16:17:03 INFO  BaseClass - element with Name attribute:password is visible
2025-12-22 16:17:04 INFO  BaseClass - applied green color on border of element element with Name attribute:password
2025-12-22 16:17:04 INFO  BaseClass - Entered text :Manish@880 in element with Name attribute:password
2025-12-22 16:17:04 INFO  BaseClass - applied green color on border of element element with class attribute:oxd-text oxd-text--span oxd-main-menu-item--name
2025-12-22 16:17:04 INFO  BaseClass - applied green color on border of element element with class attribute:oxd-button oxd-button--medium oxd-button--main orangehrm-login-button
2025-12-22 16:17:04 INFO  BaseClass - applied green color on border of element element with class attribute:oxd-button oxd-button--medium oxd-button--main orangehrm-login-button
2025-12-22 16:17:05 INFO  BaseClass - located element by element with class attribute:oxd-button oxd-button--medium oxd-button--main orangehrm-login-button is clickable
2025-12-22 16:17:06 INFO  BaseClass - clicked on :element with class attribute:oxd-button oxd-button--medium oxd-button--main orangehrm-login-button
2025-12-22 16:17:25 INFO  BaseClass - applied green color on border of element unable to describe element attribute type!!!
2025-12-22 16:17:25 INFO  BaseClass - applied green color on border of element element with class attribute:oxd-text oxd-text--span oxd-main-menu-item--name
2025-12-22 16:17:25 INFO  BaseClass - element is displayed :unable to describe element attribute type!!!
2025-12-22 16:17:25 INFO  BaseClass - element is displayed :element with class attribute:oxd-text oxd-text--span oxd-main-menu-item--name
2025-12-22 16:17:27 INFO  BaseClass - webdriver & ActionDriver classes instance terminated!!!
2025-12-22 16:17:27 INFO  BaseClass - webdriver & ActionDriver classes instance terminated!!!
2025-12-22 16:17:28 INFO  BaseClass - chromeDriver initialized!!!
2025-12-22 16:17:28 INFO  BaseClass - chromeDriver initialized!!!
2025-12-22 16:17:29 INFO  BaseClass - browser is launched and window is mazimized
2025-12-22 16:17:29 INFO  BaseClass - ActionDriver initialized!!!
2025-12-22 16:17:29 INFO  BaseClass - ActionDriver class instance is created!!!----->33
2025-12-22 16:17:29 INFO  BaseClass - browser is launched and window is mazimized
2025-12-22 16:17:29 INFO  BaseClass - ActionDriver initialized!!!
2025-12-22 16:17:29 INFO  BaseClass - ActionDriver class instance is created!!!----->31
2025-12-22 16:17:29 INFO  BaseClass - applied green color on border of element element with Name attribute:username
2025-12-22 16:17:29 INFO  BaseClass - element with Name attribute:username is visible
2025-12-22 16:17:29 INFO  BaseClass - applied green color on border of element element with Name attribute:username
2025-12-22 16:17:29 INFO  BaseClass - element with Name attribute:username is visible
2025-12-22 16:17:29 INFO  BaseClass - applied green color on border of element element with Name attribute:username
2025-12-22 16:17:30 INFO  BaseClass - applied green color on border of element element with Name attribute:username
2025-12-22 16:17:30 INFO  BaseClass - Entered text :admin in element with Name attribute:username
2025-12-22 16:17:30 INFO  BaseClass - Entered text :admin in element with Name attribute:username
2025-12-22 16:17:30 INFO  BaseClass - applied green color on border of element element with Name attribute:password
2025-12-22 16:17:30 INFO  BaseClass - element with Name attribute:password is visible
2025-12-22 16:17:30 INFO  BaseClass - applied green color on border of element element with Name attribute:password
2025-12-22 16:17:30 INFO  BaseClass - element with Name attribute:password is visible
2025-12-22 16:17:30 INFO  BaseClass - applied green color on border of element element with Name attribute:password
2025-12-22 16:17:30 INFO  BaseClass - applied green color on border of element element with Name attribute:password
2025-12-22 16:17:30 INFO  BaseClass - Entered text :Manish@880 in element with Name attribute:password
2025-12-22 16:17:30 INFO  BaseClass - Entered text :Manish@880 in element with Name attribute:password
2025-12-22 16:17:30 INFO  BaseClass - applied green color on border of element element with class attribute:oxd-button oxd-button--medium oxd-button--main orangehrm-login-button
2025-12-22 16:17:30 INFO  BaseClass - applied green color on border of element element with class attribute:oxd-button oxd-button--medium oxd-button--main orangehrm-login-button
2025-12-22 16:17:30 INFO  BaseClass - applied green color on border of element element with class attribute:oxd-button oxd-button--medium oxd-button--main orangehrm-login-button
2025-12-22 16:17:30 INFO  BaseClass - located element by element with class attribute:oxd-button oxd-button--medium oxd-button--main orangehrm-login-button is clickable
2025-12-22 16:17:30 INFO  BaseClass - applied green color on border of element element with class attribute:oxd-button oxd-button--medium oxd-button--main orangehrm-login-button
2025-12-22 16:17:31 INFO  BaseClass - located element by element with class attribute:oxd-button oxd-button--medium oxd-button--main orangehrm-login-button is clickable
2025-12-22 16:17:32 INFO  BaseClass - clicked on :element with class attribute:oxd-button oxd-button--medium oxd-button--main orangehrm-login-button
2025-12-22 16:17:32 INFO  BaseClass - clicked on :element with class attribute:oxd-button oxd-button--medium oxd-button--main orangehrm-login-button
2025-12-22 16:17:34 ERROR BaseClass - element is not clickable!!!
2025-12-22 16:17:37 INFO  BaseClass - applied green color on border of element element with class attribute:oxd-text oxd-text--span oxd-main-menu-item--name
2025-12-22 16:17:37 INFO  BaseClass - element is displayed :element with class attribute:oxd-text oxd-text--span oxd-main-menu-item--name
2025-12-22 16:17:39 INFO  BaseClass - webdriver & ActionDriver classes instance terminated!!!
2025-12-22 16:17:40 INFO  BaseClass - chromeDriver initialized!!!
2025-12-22 16:17:41 INFO  BaseClass - browser is launched and window is mazimized
2025-12-22 16:17:41 INFO  BaseClass - ActionDriver initialized!!!
2025-12-22 16:17:41 INFO  BaseClass - ActionDriver class instance is created!!!----->32
2025-12-22 16:17:42 INFO  BaseClass - applied green color on border of element element with Name attribute:username
2025-12-22 16:17:42 INFO  BaseClass - element with Name attribute:username is visible
2025-12-22 16:17:42 INFO  BaseClass - applied green color on border of element element with Name attribute:username
2025-12-22 16:17:42 INFO  BaseClass - Entered text :admin in element with Name attribute:username
2025-12-22 16:17:42 INFO  BaseClass - applied green color on border of element element with Name attribute:password
2025-12-22 16:17:42 INFO  BaseClass - element with Name attribute:password is visible
2025-12-22 16:17:42 INFO  BaseClass - applied green color on border of element element with Name attribute:password
2025-12-22 16:17:42 INFO  BaseClass - Entered text :Manish@880 in element with Name attribute:password
2025-12-22 16:17:43 INFO  BaseClass - applied green color on border of element element with class attribute:oxd-button oxd-button--medium oxd-button--main orangehrm-login-button
2025-12-22 16:17:43 INFO  BaseClass - applied green color on border of element element with class attribute:oxd-button oxd-button--medium oxd-button--main orangehrm-login-button
2025-12-22 16:17:43 INFO  BaseClass - located element by element with class attribute:oxd-button oxd-button--medium oxd-button--main orangehrm-login-button is clickable
2025-12-22 16:17:44 INFO  BaseClass - clicked on :element with class attribute:oxd-button oxd-button--medium oxd-button--main orangehrm-login-button
2025-12-22 16:17:45 ERROR BaseClass - unable to click element
2025-12-22 16:17:45 INFO  BaseClass - clicked on PIM Tab
2025-12-22 16:18:02 INFO  BaseClass - applied green color on border of element unable to describe element attribute type!!!
2025-12-22 16:18:02 INFO  BaseClass - applied green color on border of element element with class attribute:oxd-text oxd-text--span oxd-main-menu-item--name
2025-12-22 16:18:02 INFO  BaseClass - element is displayed :unable to describe element attribute type!!!
2025-12-22 16:18:02 INFO  BaseClass - element is displayed :element with class attribute:oxd-text oxd-text--span oxd-main-menu-item--name
2025-12-22 16:18:05 INFO  BaseClass - webdriver & ActionDriver classes instance terminated!!!
2025-12-22 16:18:05 INFO  BaseClass - webdriver & ActionDriver classes instance terminated!!!
2025-12-22 16:18:06 INFO  BaseClass - chromeDriver initialized!!!
2025-12-22 16:18:06 INFO  BaseClass - chromeDriver initialized!!!
2025-12-22 16:18:06 INFO  BaseClass - browser is launched and window is mazimized
2025-12-22 16:18:06 INFO  BaseClass - ActionDriver initialized!!!
2025-12-22 16:18:06 INFO  BaseClass - ActionDriver class instance is created!!!----->31
2025-12-22 16:18:06 INFO  BaseClass - browser is launched and window is mazimized
2025-12-22 16:18:06 INFO  BaseClass - ActionDriver initialized!!!
2025-12-22 16:18:06 INFO  BaseClass - ActionDriver class instance is created!!!----->33
2025-12-22 16:18:07 INFO  BaseClass - applied green color on border of element element with Name attribute:username
2025-12-22 16:18:07 INFO  BaseClass - element with Name attribute:username is visible
2025-12-22 16:18:07 INFO  BaseClass - applied green color on border of element element with Name attribute:username
2025-12-22 16:18:07 INFO  BaseClass - element with Name attribute:username is visible
2025-12-22 16:18:07 INFO  BaseClass - applied green color on border of element element with Name attribute:username
2025-12-22 16:18:07 INFO  BaseClass - applied green color on border of element element with Name attribute:username
2025-12-22 16:18:07 INFO  BaseClass - Entered text :admin in element with Name attribute:username
2025-12-22 16:18:07 INFO  BaseClass - Entered text :admin in element with Name attribute:username
2025-12-22 16:18:07 INFO  BaseClass - applied green color on border of element element with Name attribute:password
2025-12-22 16:18:07 INFO  BaseClass - element with Name attribute:password is visible
2025-12-22 16:18:08 INFO  BaseClass - applied green color on border of element element with Name attribute:password
2025-12-22 16:18:08 INFO  BaseClass - element with Name attribute:password is visible
2025-12-22 16:18:08 INFO  BaseClass - applied green color on border of element element with Name attribute:password
2025-12-22 16:18:08 INFO  BaseClass - applied green color on border of element element with Name attribute:password
2025-12-22 16:18:08 INFO  BaseClass - Entered text :Manish@880 in element with Name attribute:password
2025-12-22 16:18:08 INFO  BaseClass - Entered text :Manish@880 in element with Name attribute:password
2025-12-22 16:18:08 INFO  BaseClass - applied green color on border of element element with class attribute:oxd-button oxd-button--medium oxd-button--main orangehrm-login-button
2025-12-22 16:18:08 INFO  BaseClass - applied green color on border of element element with class attribute:oxd-button oxd-button--medium oxd-button--main orangehrm-login-button
2025-12-22 16:18:08 INFO  BaseClass - applied green color on border of element element with class attribute:oxd-button oxd-button--medium oxd-button--main orangehrm-login-button
2025-12-22 16:18:08 INFO  BaseClass - located element by element with class attribute:oxd-button oxd-button--medium oxd-button--main orangehrm-login-button is clickable
2025-12-22 16:18:08 INFO  BaseClass - applied green color on border of element element with class attribute:oxd-button oxd-button--medium oxd-button--main orangehrm-login-button
2025-12-22 16:18:08 INFO  BaseClass - located element by element with class attribute:oxd-button oxd-button--medium oxd-button--main orangehrm-login-button is clickable
2025-12-22 16:18:08 INFO  BaseClass - clicked on :element with class attribute:oxd-button oxd-button--medium oxd-button--main orangehrm-login-button
2025-12-22 16:18:09 INFO  BaseClass - clicked on :element with class attribute:oxd-button oxd-button--medium oxd-button--main orangehrm-login-button
2025-12-22 16:18:15 INFO  BaseClass - applied green color on border of element element with class attribute:oxd-text oxd-text--span oxd-main-menu-item--name
2025-12-22 16:18:15 INFO  BaseClass - element is displayed :element with class attribute:oxd-text oxd-text--span oxd-main-menu-item--name
2025-12-22 16:18:17 INFO  BaseClass - webdriver & ActionDriver classes instance terminated!!!
2025-12-22 16:18:18 INFO  BaseClass - chromeDriver initialized!!!
2025-12-22 16:18:19 INFO  BaseClass - browser is launched and window is mazimized
2025-12-22 16:18:19 INFO  BaseClass - ActionDriver initialized!!!
2025-12-22 16:18:19 INFO  BaseClass - ActionDriver class instance is created!!!----->32
2025-12-22 16:18:19 INFO  BaseClass - applied green color on border of element element with Name attribute:username
2025-12-22 16:18:19 INFO  BaseClass - element with Name attribute:username is visible
2025-12-22 16:18:20 INFO  BaseClass - applied green color on border of element element with Name attribute:username
2025-12-22 16:18:20 INFO  BaseClass - Entered text :admin in element with Name attribute:username
2025-12-22 16:18:20 INFO  BaseClass - applied green color on border of element element with Name attribute:password
2025-12-22 16:18:20 INFO  BaseClass - element with Name attribute:password is visible
2025-12-22 16:18:20 INFO  BaseClass - applied green color on border of element element with Name attribute:password
2025-12-22 16:18:20 INFO  BaseClass - Entered text :Manish@880 in element with Name attribute:password
2025-12-22 16:18:20 INFO  BaseClass - applied green color on border of element element with class attribute:oxd-button oxd-button--medium oxd-button--main orangehrm-login-button
2025-12-22 16:18:21 INFO  BaseClass - applied green color on border of element element with class attribute:oxd-button oxd-button--medium oxd-button--main orangehrm-login-button
2025-12-22 16:18:21 INFO  BaseClass - located element by element with class attribute:oxd-button oxd-button--medium oxd-button--main orangehrm-login-button is clickable
2025-12-22 16:18:21 INFO  BaseClass - clicked on :element with class attribute:oxd-button oxd-button--medium oxd-button--main orangehrm-login-button
2025-12-22 16:18:36 ERROR BaseClass - unable to describe element attribute type!!!no such element: Unable to locate element: {"method":"xpath","selector":"//label[.='Employee Name']/parent::div/following-sibling::div//input"}
  (Session info: chrome=143.0.7499.147)
For documentation on this error, please visit: https://www.selenium.dev/documentation/webdriver/troubleshooting/errors#nosuchelementexception
Build info: version: '4.39.0', revision: '126f156aee'
System info: os.name: 'Windows 10', os.arch: 'amd64', os.version: '10.0', java.version: '21.0.4'
Driver info: org.openqa.selenium.chrome.ChromeDriver
Command: [c9f77d7732ebddc881f930a54e6952c8, findElement {using=xpath, value=//label[.='Employee Name']/parent::div/following-sibling::div//input}]
Capabilities {acceptInsecureCerts: false, browserName: chrome, browserVersion: 143.0.7499.147, chrome: {chromedriverVersion: 143.0.7499.169 (164b20aab62..., userDataDir: C:\Users\hp\AppData\Local\T...}, fedcm:accounts: true, goog:chromeOptions: {debuggerAddress: localhost:62524}, goog:processID: 15696, networkConnectionEnabled: false, pageLoadStrategy: normal, platformName: windows, proxy: Proxy(), se:cdp: ws://localhost:62524/devtoo..., se:cdpVersion: 143.0.7499.147, setWindowRect: true, strictFileInteractability: false, timeouts: {implicit: 0, pageLoad: 300000, script: 30000}, unhandledPromptBehavior: dismiss and notify, webauthn:extension:credBlob: true, webauthn:extension:largeBlob: true, webauthn:extension:minPinLength: true, webauthn:extension:prf: true, webauthn:virtualAuthenticators: true}
Session ID: c9f77d7732ebddc881f930a54e6952c8
2025-12-22 16:18:36 WARN  BaseClass - failed to apply color on border of element :unable to describe element attribute type!!!
2025-12-22 16:18:39 INFO  BaseClass - applied green color on border of element unable to describe element attribute type!!!
2025-12-22 16:18:39 INFO  BaseClass - element is displayed :unable to describe element attribute type!!!
2025-12-22 16:18:40 INFO  BaseClass - applied green color on border of element element with class attribute:oxd-text oxd-text--span oxd-main-menu-item--name
2025-12-22 16:18:40 INFO  BaseClass - element is displayed :element with class attribute:oxd-text oxd-text--span oxd-main-menu-item--name
2025-12-22 16:18:41 INFO  BaseClass - webdriver & ActionDriver classes instance terminated!!!
2025-12-22 16:18:42 INFO  BaseClass - webdriver & ActionDriver classes instance terminated!!!
2025-12-22 16:18:46 ERROR BaseClass - unable to enter text
2025-12-22 16:18:51 INFO  BaseClass - applied green color on border of element element with class attribute:oxd-text oxd-text--span oxd-main-menu-item--name
2025-12-22 16:18:51 INFO  BaseClass - element is displayed :element with class attribute:oxd-text oxd-text--span oxd-main-menu-item--name
2025-12-22 16:18:53 INFO  BaseClass - webdriver & ActionDriver classes instance terminated!!!
2025-12-22 16:18:56 ERROR BaseClass - unable to describe element attribute type!!!no such element: Unable to locate element: {"method":"xpath","selector":"//button[@type='submit']"}
  (Session info: chrome=143.0.7499.147)
For documentation on this error, please visit: https://www.selenium.dev/documentation/webdriver/troubleshooting/errors#nosuchelementexception
Build info: version: '4.39.0', revision: '126f156aee'
System info: os.name: 'Windows 10', os.arch: 'amd64', os.version: '10.0', java.version: '21.0.4'
Driver info: org.openqa.selenium.chrome.ChromeDriver
Command: [c9f77d7732ebddc881f930a54e6952c8, findElement {using=xpath, value=//button[@type='submit']}]
Capabilities {acceptInsecureCerts: false, browserName: chrome, browserVersion: 143.0.7499.147, chrome: {chromedriverVersion: 143.0.7499.169 (164b20aab62..., userDataDir: C:\Users\hp\AppData\Local\T...}, fedcm:accounts: true, goog:chromeOptions: {debuggerAddress: localhost:62524}, goog:processID: 15696, networkConnectionEnabled: false, pageLoadStrategy: normal, platformName: windows, proxy: Proxy(), se:cdp: ws://localhost:62524/devtoo..., se:cdpVersion: 143.0.7499.147, setWindowRect: true, strictFileInteractability: false, timeouts: {implicit: 0, pageLoad: 300000, script: 30000}, unhandledPromptBehavior: dismiss and notify, webauthn:extension:credBlob: true, webauthn:extension:largeBlob: true, webauthn:extension:minPinLength: true, webauthn:extension:prf: true, webauthn:virtualAuthenticators: true}
Session ID: c9f77d7732ebddc881f930a54e6952c8
2025-12-22 16:19:16 ERROR BaseClass - unable to describe element attribute type!!!no such element: Unable to locate element: {"method":"xpath","selector":"//button[@type='submit']"}
  (Session info: chrome=143.0.7499.147)
For documentation on this error, please visit: https://www.selenium.dev/documentation/webdriver/troubleshooting/errors#nosuchelementexception
Build info: version: '4.39.0', revision: '126f156aee'
System info: os.name: 'Windows 10', os.arch: 'amd64', os.version: '10.0', java.version: '21.0.4'
Driver info: org.openqa.selenium.chrome.ChromeDriver
Command: [c9f77d7732ebddc881f930a54e6952c8, findElement {using=xpath, value=//button[@type='submit']}]
Capabilities {acceptInsecureCerts: false, browserName: chrome, browserVersion: 143.0.7499.147, chrome: {chromedriverVersion: 143.0.7499.169 (164b20aab62..., userDataDir: C:\Users\hp\AppData\Local\T...}, fedcm:accounts: true, goog:chromeOptions: {debuggerAddress: localhost:62524}, goog:processID: 15696, networkConnectionEnabled: false, pageLoadStrategy: normal, platformName: windows, proxy: Proxy(), se:cdp: ws://localhost:62524/devtoo..., se:cdpVersion: 143.0.7499.147, setWindowRect: true, strictFileInteractability: false, timeouts: {implicit: 0, pageLoad: 300000, script: 30000}, unhandledPromptBehavior: dismiss and notify, webauthn:extension:credBlob: true, webauthn:extension:largeBlob: true, webauthn:extension:minPinLength: true, webauthn:extension:prf: true, webauthn:virtualAuthenticators: true}
Session ID: c9f77d7732ebddc881f930a54e6952c8
2025-12-22 16:19:16 WARN  BaseClass - failed to apply color on border of element :unable to describe element attribute type!!!
2025-12-22 16:19:48 ERROR BaseClass - element is not clickable!!!
2025-12-22 16:19:58 ERROR BaseClass - unable to click element
2025-12-22 16:20:00 INFO  BaseClass - config.properties file is loaded!!!
2025-12-22 16:20:04 INFO  BaseClass - chromeDriver initialized!!!
2025-12-22 16:20:04 INFO  BaseClass - chromeDriver initialized!!!
2025-12-22 16:20:04 INFO  BaseClass - chromeDriver initialized!!!
2025-12-22 16:20:04 INFO  BaseClass - chromeDriver initialized!!!
2025-12-22 16:20:04 INFO  BaseClass - chromeDriver initialized!!!
2025-12-22 16:20:06 INFO  BaseClass - browser is launched and window is mazimized
2025-12-22 16:20:06 INFO  BaseClass - ActionDriver initialized!!!
2025-12-22 16:20:06 INFO  BaseClass - ActionDriver class instance is created!!!----->33
2025-12-22 16:20:06 INFO  BaseClass - browser is launched and window is mazimized
2025-12-22 16:20:06 INFO  BaseClass - ActionDriver initialized!!!
2025-12-22 16:20:06 INFO  BaseClass - ActionDriver class instance is created!!!----->30
2025-12-22 16:20:06 INFO  BaseClass - browser is launched and window is mazimized
2025-12-22 16:20:06 INFO  BaseClass - ActionDriver initialized!!!
2025-12-22 16:20:06 INFO  BaseClass - ActionDriver class instance is created!!!----->29
2025-12-22 16:20:06 INFO  BaseClass - browser is launched and window is mazimized
2025-12-22 16:20:06 INFO  BaseClass - ActionDriver initialized!!!
2025-12-22 16:20:06 INFO  BaseClass - ActionDriver class instance is created!!!----->31
2025-12-22 16:20:07 INFO  BaseClass - browser is launched and window is mazimized
2025-12-22 16:20:07 INFO  BaseClass - ActionDriver initialized!!!
2025-12-22 16:20:07 INFO  BaseClass - ActionDriver class instance is created!!!----->32
2025-12-22 16:20:07 INFO  BaseClass - applied green color on border of element element with Name attribute:username
2025-12-22 16:20:07 INFO  BaseClass - applied green color on border of element element with Name attribute:username
2025-12-22 16:20:07 INFO  BaseClass - element with Name attribute:username is visible
2025-12-22 16:20:07 INFO  BaseClass - element with Name attribute:username is visible
2025-12-22 16:20:08 INFO  BaseClass - applied green color on border of element element with Name attribute:username
2025-12-22 16:20:08 INFO  BaseClass - element with Name attribute:username is visible
2025-12-22 16:20:08 INFO  BaseClass - unable to scroll to the element!!!
2025-12-22 16:20:08 INFO  BaseClass - applied green color on border of element element with Name attribute:username
2025-12-22 16:20:08 INFO  BaseClass - applied green color on border of element element with Name attribute:username
2025-12-22 16:20:08 INFO  BaseClass - DB connection successfull
2025-12-22 16:20:08 INFO  BaseClass - Executing query :SELECT employee_id,emp_firstname,emp_middle_name,emp_lastname FROM hs_hr_employee WHERE employee_id=0002
2025-12-22 16:20:08 INFO  BaseClass - query executed successfully
2025-12-22 16:20:08 INFO  BaseClass - able to store data from DB
2025-12-22 16:20:08 INFO  BaseClass - applied green color on border of element element with Name attribute:username
2025-12-22 16:20:08 INFO  BaseClass - Entered text :admin in element with Name attribute:username
2025-12-22 16:20:08 INFO  BaseClass - Entered text :admin in element with Name attribute:username
2025-12-22 16:20:09 INFO  BaseClass - Entered text :Admin in element with Name attribute:username
2025-12-22 16:20:09 INFO  BaseClass - applied green color on border of element element with Name attribute:password
2025-12-22 16:20:09 INFO  BaseClass - applied green color on border of element element with Name attribute:password
2025-12-22 16:20:09 INFO  BaseClass - applied green color on border of element element with Name attribute:password
2025-12-22 16:20:09 INFO  BaseClass - element with Name attribute:password is visible
2025-12-22 16:20:09 INFO  BaseClass - element with Name attribute:password is visible
2025-12-22 16:20:09 INFO  BaseClass - element with Name attribute:password is visible
2025-12-22 16:20:09 INFO  BaseClass - applied green color on border of element element with Name attribute:password
2025-12-22 16:20:09 INFO  BaseClass - applied green color on border of element element with Name attribute:password
2025-12-22 16:20:09 INFO  BaseClass - applied green color on border of element element with Name attribute:password
2025-12-22 16:20:09 INFO  BaseClass - Entered text :Manish@880 in element with Name attribute:password
2025-12-22 16:20:09 INFO  BaseClass - Entered text :Manish@880 in element with Name attribute:password
2025-12-22 16:20:09 INFO  BaseClass - Entered text :xxxxx in element with Name attribute:password
2025-12-22 16:20:10 INFO  BaseClass - applied green color on border of element element with class attribute:oxd-button oxd-button--medium oxd-button--main orangehrm-login-button
2025-12-22 16:20:10 INFO  BaseClass - applied green color on border of element element with class attribute:oxd-button oxd-button--medium oxd-button--main orangehrm-login-button
2025-12-22 16:20:10 INFO  BaseClass - applied green color on border of element element with class attribute:oxd-button oxd-button--medium oxd-button--main orangehrm-login-button
2025-12-22 16:20:10 INFO  BaseClass - applied green color on border of element element with class attribute:oxd-button oxd-button--medium oxd-button--main orangehrm-login-button
2025-12-22 16:20:10 INFO  BaseClass - applied green color on border of element element with class attribute:oxd-button oxd-button--medium oxd-button--main orangehrm-login-button
2025-12-22 16:20:10 INFO  BaseClass - applied green color on border of element element with class attribute:oxd-button oxd-button--medium oxd-button--main orangehrm-login-button
2025-12-22 16:20:10 INFO  BaseClass - located element by element with class attribute:oxd-button oxd-button--medium oxd-button--main orangehrm-login-button is clickable
2025-12-22 16:20:10 INFO  BaseClass - located element by element with class attribute:oxd-button oxd-button--medium oxd-button--main orangehrm-login-button is clickable
2025-12-22 16:20:10 INFO  BaseClass - located element by element with class attribute:oxd-button oxd-button--medium oxd-button--main orangehrm-login-button is clickable
2025-12-22 16:20:11 INFO  BaseClass - clicked on :element with class attribute:oxd-button oxd-button--medium oxd-button--main orangehrm-login-button
2025-12-22 16:20:11 INFO  BaseClass - clicked on :element with class attribute:oxd-button oxd-button--medium oxd-button--main orangehrm-login-button
2025-12-22 16:20:12 INFO  BaseClass - clicked on :element with class attribute:oxd-button oxd-button--medium oxd-button--main orangehrm-login-button
2025-12-22 16:20:12 INFO  BaseClass - applied green color on border of element element with class attribute:oxd-text oxd-text--p oxd-alert-content-text
2025-12-22 16:20:13 INFO  BaseClass - element with class attribute:oxd-text oxd-text--p oxd-alert-content-text is visible
2025-12-22 16:20:13 INFO  BaseClass - applied green color on border of element element with class attribute:oxd-text oxd-text--p oxd-alert-content-text
2025-12-22 16:20:13 INFO  BaseClass - Text are equals :Invalid credentialsequals to Invalid credentials
2025-12-22 16:20:14 INFO  BaseClass - webdriver & ActionDriver classes instance terminated!!!
2025-12-22 16:20:14 INFO  BaseClass - webdriver & ActionDriver classes instance terminated!!!
2025-12-22 16:20:16 INFO  BaseClass - chromeDriver initialized!!!
2025-12-22 16:20:18 INFO  BaseClass - browser is launched and window is mazimized
2025-12-22 16:20:18 INFO  BaseClass - ActionDriver initialized!!!
2025-12-22 16:20:18 INFO  BaseClass - ActionDriver class instance is created!!!----->30
2025-12-22 16:20:18 INFO  BaseClass - starting verifyEmployeeFromDB()
2025-12-22 16:20:20 INFO  BaseClass - applied green color on border of element element with Name attribute:username
2025-12-22 16:20:20 INFO  BaseClass - element with Name attribute:username is visible
2025-12-22 16:20:20 INFO  BaseClass - applied green color on border of element element with Name attribute:username
2025-12-22 16:20:21 INFO  BaseClass - Entered text :admin in element with Name attribute:username
2025-12-22 16:20:21 INFO  BaseClass - applied green color on border of element element with Name attribute:password
2025-12-22 16:20:21 INFO  BaseClass - element with Name attribute:password is visible
2025-12-22 16:20:21 INFO  BaseClass - applied green color on border of element element with Name attribute:password
2025-12-22 16:20:21 INFO  BaseClass - Entered text :Manish@880 in element with Name attribute:password
2025-12-22 16:20:21 INFO  BaseClass - applied green color on border of element element with class attribute:oxd-button oxd-button--medium oxd-button--main orangehrm-login-button
2025-12-22 16:20:21 INFO  BaseClass - applied green color on border of element element with class attribute:oxd-button oxd-button--medium oxd-button--main orangehrm-login-button
2025-12-22 16:20:22 INFO  BaseClass - located element by element with class attribute:oxd-button oxd-button--medium oxd-button--main orangehrm-login-button is clickable
2025-12-22 16:20:23 INFO  BaseClass - clicked on :element with class attribute:oxd-button oxd-button--medium oxd-button--main orangehrm-login-button
2025-12-22 16:20:23 INFO  BaseClass - webdriver & ActionDriver classes instance terminated!!!
2025-12-22 16:20:25 INFO  BaseClass - chromeDriver initialized!!!
2025-12-22 16:20:25 INFO  BaseClass - applied green color on border of element element with class attribute:oxd-text oxd-text--span oxd-main-menu-item--name
2025-12-22 16:20:25 INFO  BaseClass - browser is launched and window is mazimized
2025-12-22 16:20:25 INFO  BaseClass - ActionDriver initialized!!!
2025-12-22 16:20:25 INFO  BaseClass - ActionDriver class instance is created!!!----->32
2025-12-22 16:20:26 INFO  BaseClass - applied green color on border of element element with Name attribute:username
2025-12-22 16:20:26 INFO  BaseClass - element with Name attribute:username is visible
2025-12-22 16:20:26 INFO  BaseClass - applied green color on border of element element with Name attribute:username
2025-12-22 16:20:26 INFO  BaseClass - Entered text :admin in element with Name attribute:username
2025-12-22 16:20:26 INFO  BaseClass - applied green color on border of element element with Name attribute:password
2025-12-22 16:20:26 INFO  BaseClass - element with Name attribute:password is visible
2025-12-22 16:20:27 INFO  BaseClass - applied green color on border of element element with Name attribute:password
2025-12-22 16:20:27 INFO  BaseClass - Entered text :Manish@880 in element with Name attribute:password
2025-12-22 16:20:27 INFO  BaseClass - applied green color on border of element element with class attribute:oxd-button oxd-button--medium oxd-button--main orangehrm-login-button
2025-12-22 16:20:27 INFO  BaseClass - applied green color on border of element element with class attribute:oxd-button oxd-button--medium oxd-button--main orangehrm-login-button
2025-12-22 16:20:27 INFO  BaseClass - located element by element with class attribute:oxd-button oxd-button--medium oxd-button--main orangehrm-login-button is clickable
2025-12-22 16:20:27 INFO  BaseClass - clicked on :element with class attribute:oxd-button oxd-button--medium oxd-button--main orangehrm-login-button
2025-12-22 16:20:42 INFO  BaseClass - applied green color on border of element unable to describe element attribute type!!!
2025-12-22 16:20:42 INFO  BaseClass - applied green color on border of element element with class attribute:oxd-text oxd-text--span oxd-main-menu-item--name
2025-12-22 16:20:42 INFO  BaseClass - element is displayed :unable to describe element attribute type!!!
2025-12-22 16:20:42 INFO  BaseClass - element is displayed :element with class attribute:oxd-text oxd-text--span oxd-main-menu-item--name
2025-12-22 16:20:44 INFO  BaseClass - webdriver & ActionDriver classes instance terminated!!!
2025-12-22 16:20:44 INFO  BaseClass - webdriver & ActionDriver classes instance terminated!!!
2025-12-22 16:20:45 INFO  BaseClass - chromeDriver initialized!!!
2025-12-22 16:20:45 INFO  BaseClass - chromeDriver initialized!!!
2025-12-22 16:20:46 INFO  BaseClass - browser is launched and window is mazimized
2025-12-22 16:20:46 INFO  BaseClass - ActionDriver initialized!!!
2025-12-22 16:20:46 INFO  BaseClass - ActionDriver class instance is created!!!----->31
2025-12-22 16:20:46 INFO  BaseClass - browser is launched and window is mazimized
2025-12-22 16:20:46 INFO  BaseClass - ActionDriver initialized!!!
2025-12-22 16:20:46 INFO  BaseClass - ActionDriver class instance is created!!!----->33
2025-12-22 16:20:47 INFO  BaseClass - applied green color on border of element element with Name attribute:username
2025-12-22 16:20:47 INFO  BaseClass - element with Name attribute:username is visible
2025-12-22 16:20:47 INFO  BaseClass - applied green color on border of element element with Name attribute:username
2025-12-22 16:20:47 INFO  BaseClass - element with Name attribute:username is visible
2025-12-22 16:20:47 INFO  BaseClass - applied green color on border of element element with Name attribute:username
2025-12-22 16:20:47 INFO  BaseClass - applied green color on border of element element with Name attribute:username
2025-12-22 16:20:47 INFO  BaseClass - Entered text :admin in element with Name attribute:username
2025-12-22 16:20:47 INFO  BaseClass - Entered text :admin in element with Name attribute:username
2025-12-22 16:20:47 INFO  BaseClass - applied green color on border of element element with Name attribute:password
2025-12-22 16:20:47 INFO  BaseClass - element with Name attribute:password is visible
2025-12-22 16:20:47 INFO  BaseClass - applied green color on border of element element with Name attribute:password
2025-12-22 16:20:47 INFO  BaseClass - element with Name attribute:password is visible
2025-12-22 16:20:47 INFO  BaseClass - applied green color on border of element element with Name attribute:password
2025-12-22 16:20:47 INFO  BaseClass - applied green color on border of element element with Name attribute:password
2025-12-22 16:20:48 INFO  BaseClass - Entered text :Manish@880 in element with Name attribute:password
2025-12-22 16:20:48 INFO  BaseClass - Entered text :Manish@880 in element with Name attribute:password
2025-12-22 16:20:48 INFO  BaseClass - applied green color on border of element element with class attribute:oxd-button oxd-button--medium oxd-button--main orangehrm-login-button
2025-12-22 16:20:48 INFO  BaseClass - applied green color on border of element element with class attribute:oxd-button oxd-button--medium oxd-button--main orangehrm-login-button
2025-12-22 16:20:48 INFO  BaseClass - applied green color on border of element element with class attribute:oxd-button oxd-button--medium oxd-button--main orangehrm-login-button
2025-12-22 16:20:48 INFO  BaseClass - applied green color on border of element element with class attribute:oxd-button oxd-button--medium oxd-button--main orangehrm-login-button
2025-12-22 16:20:48 INFO  BaseClass - located element by element with class attribute:oxd-button oxd-button--medium oxd-button--main orangehrm-login-button is clickable
2025-12-22 16:20:48 INFO  BaseClass - located element by element with class attribute:oxd-button oxd-button--medium oxd-button--main orangehrm-login-button is clickable
2025-12-22 16:20:48 INFO  BaseClass - clicked on :element with class attribute:oxd-button oxd-button--medium oxd-button--main orangehrm-login-button
2025-12-22 16:20:49 INFO  BaseClass - clicked on :element with class attribute:oxd-button oxd-button--medium oxd-button--main orangehrm-login-button
2025-12-22 16:20:50 ERROR BaseClass - unable to compare texts
2025-12-22 16:20:55 ERROR BaseClass - element is not clickable!!!
2025-12-22 16:20:57 INFO  BaseClass - applied green color on border of element element with class attribute:oxd-text oxd-text--span oxd-main-menu-item--name
2025-12-22 16:20:57 INFO  BaseClass - element is displayed :element with class attribute:oxd-text oxd-text--span oxd-main-menu-item--name
2025-12-22 16:21:00 INFO  BaseClass - webdriver & ActionDriver classes instance terminated!!!
2025-12-22 16:21:01 INFO  BaseClass - chromeDriver initialized!!!
2025-12-22 16:21:02 INFO  BaseClass - browser is launched and window is mazimized
2025-12-22 16:21:02 INFO  BaseClass - ActionDriver initialized!!!
2025-12-22 16:21:02 INFO  BaseClass - ActionDriver class instance is created!!!----->32
2025-12-22 16:21:02 INFO  BaseClass - applied green color on border of element element with Name attribute:username
2025-12-22 16:21:02 INFO  BaseClass - element with Name attribute:username is visible
2025-12-22 16:21:02 INFO  BaseClass - applied green color on border of element element with Name attribute:username
2025-12-22 16:21:03 INFO  BaseClass - Entered text :admin in element with Name attribute:username
2025-12-22 16:21:03 INFO  BaseClass - applied green color on border of element element with Name attribute:password
2025-12-22 16:21:03 INFO  BaseClass - element with Name attribute:password is visible
2025-12-22 16:21:03 INFO  BaseClass - applied green color on border of element element with Name attribute:password
2025-12-22 16:21:03 INFO  BaseClass - Entered text :Manish@880 in element with Name attribute:password
2025-12-22 16:21:03 INFO  BaseClass - applied green color on border of element element with class attribute:oxd-button oxd-button--medium oxd-button--main orangehrm-login-button
2025-12-22 16:21:03 INFO  BaseClass - applied green color on border of element element with class attribute:oxd-button oxd-button--medium oxd-button--main orangehrm-login-button
2025-12-22 16:21:03 INFO  BaseClass - located element by element with class attribute:oxd-button oxd-button--medium oxd-button--main orangehrm-login-button is clickable
2025-12-22 16:21:05 INFO  BaseClass - clicked on :element with class attribute:oxd-button oxd-button--medium oxd-button--main orangehrm-login-button
2025-12-22 16:21:05 ERROR BaseClass - unable to click element
2025-12-22 16:21:05 INFO  BaseClass - clicked on PIM Tab
2025-12-22 16:21:19 INFO  BaseClass - applied green color on border of element unable to describe element attribute type!!!
2025-12-22 16:21:19 INFO  BaseClass - element is displayed :unable to describe element attribute type!!!
2025-12-22 16:21:20 INFO  BaseClass - applied green color on border of element element with class attribute:oxd-text oxd-text--span oxd-main-menu-item--name
2025-12-22 16:21:20 INFO  BaseClass - element is displayed :element with class attribute:oxd-text oxd-text--span oxd-main-menu-item--name
2025-12-22 16:21:21 INFO  BaseClass - webdriver & ActionDriver classes instance terminated!!!
2025-12-22 16:21:22 INFO  BaseClass - chromeDriver initialized!!!
2025-12-22 16:21:22 INFO  BaseClass - webdriver & ActionDriver classes instance terminated!!!
2025-12-22 16:21:23 INFO  BaseClass - browser is launched and window is mazimized
2025-12-22 16:21:23 INFO  BaseClass - ActionDriver initialized!!!
2025-12-22 16:21:23 INFO  BaseClass - ActionDriver class instance is created!!!----->31
2025-12-22 16:21:24 INFO  BaseClass - chromeDriver initialized!!!
2025-12-22 16:21:24 INFO  BaseClass - applied green color on border of element element with Name attribute:username
2025-12-22 16:21:24 INFO  BaseClass - element with Name attribute:username is visible
2025-12-22 16:21:24 INFO  BaseClass - applied green color on border of element element with Name attribute:username
2025-12-22 16:21:24 INFO  BaseClass - Entered text :admin in element with Name attribute:username
2025-12-22 16:21:24 INFO  BaseClass - applied green color on border of element element with Name attribute:password
2025-12-22 16:21:24 INFO  BaseClass - element with Name attribute:password is visible
2025-12-22 16:21:24 INFO  BaseClass - applied green color on border of element element with Name attribute:password
2025-12-22 16:21:24 INFO  BaseClass - browser is launched and window is mazimized
2025-12-22 16:21:24 INFO  BaseClass - ActionDriver initialized!!!
2025-12-22 16:21:24 INFO  BaseClass - ActionDriver class instance is created!!!----->33
2025-12-22 16:21:25 INFO  BaseClass - Entered text :Manish@880 in element with Name attribute:password
2025-12-22 16:21:25 INFO  BaseClass - applied green color on border of element element with class attribute:oxd-button oxd-button--medium oxd-button--main orangehrm-login-button
2025-12-22 16:21:25 INFO  BaseClass - applied green color on border of element element with class attribute:oxd-button oxd-button--medium oxd-button--main orangehrm-login-button
2025-12-22 16:21:25 INFO  BaseClass - located element by element with class attribute:oxd-button oxd-button--medium oxd-button--main orangehrm-login-button is clickable
2025-12-22 16:21:25 INFO  BaseClass - applied green color on border of element element with Name attribute:username
2025-12-22 16:21:25 INFO  BaseClass - element with Name attribute:username is visible
2025-12-22 16:21:25 INFO  BaseClass - applied green color on border of element element with Name attribute:username
2025-12-22 16:21:25 INFO  BaseClass - Entered text :admin in element with Name attribute:username
2025-12-22 16:21:26 INFO  BaseClass - applied green color on border of element element with Name attribute:password
2025-12-22 16:21:26 INFO  BaseClass - element with Name attribute:password is visible
2025-12-22 16:21:26 INFO  BaseClass - applied green color on border of element element with Name attribute:password
2025-12-22 16:21:26 INFO  BaseClass - Entered text :Manish@880 in element with Name attribute:password
2025-12-22 16:21:26 INFO  BaseClass - applied green color on border of element element with class attribute:oxd-button oxd-button--medium oxd-button--main orangehrm-login-button
2025-12-22 16:21:26 INFO  BaseClass - applied green color on border of element element with class attribute:oxd-button oxd-button--medium oxd-button--main orangehrm-login-button
2025-12-22 16:21:26 INFO  BaseClass - located element by element with class attribute:oxd-button oxd-button--medium oxd-button--main orangehrm-login-button is clickable
2025-12-22 16:21:26 INFO  BaseClass - clicked on :element with class attribute:oxd-button oxd-button--medium oxd-button--main orangehrm-login-button
2025-12-22 16:21:26 INFO  BaseClass - clicked on :element with class attribute:oxd-button oxd-button--medium oxd-button--main orangehrm-login-button
2025-12-22 16:21:32 ERROR BaseClass - unable to compare texts
2025-12-22 16:21:34 INFO  BaseClass - webdriver & ActionDriver classes instance terminated!!!
2025-12-22 16:21:35 INFO  BaseClass - chromeDriver initialized!!!
2025-12-22 16:21:36 INFO  BaseClass - browser is launched and window is mazimized
2025-12-22 16:21:36 INFO  BaseClass - ActionDriver initialized!!!
2025-12-22 16:21:36 INFO  BaseClass - ActionDriver class instance is created!!!----->29
2025-12-22 16:21:36 INFO  BaseClass - starting verifyEmployeeFromDB()
2025-12-22 16:21:36 INFO  BaseClass - applied green color on border of element element with class attribute:oxd-text oxd-text--span oxd-main-menu-item--name
2025-12-22 16:21:36 INFO  BaseClass - element is displayed :element with class attribute:oxd-text oxd-text--span oxd-main-menu-item--name
2025-12-22 16:21:37 INFO  BaseClass - applied green color on border of element element with Name attribute:username
2025-12-22 16:21:37 INFO  BaseClass - element with Name attribute:username is visible
2025-12-22 16:21:37 INFO  BaseClass - applied green color on border of element element with Name attribute:username
2025-12-22 16:21:37 INFO  BaseClass - Entered text :admin in element with Name attribute:username
2025-12-22 16:21:37 INFO  BaseClass - applied green color on border of element element with Name attribute:password
2025-12-22 16:21:37 INFO  BaseClass - element with Name attribute:password is visible
2025-12-22 16:21:37 INFO  BaseClass - applied green color on border of element element with Name attribute:password
2025-12-22 16:21:38 INFO  BaseClass - Entered text :Manish@880 in element with Name attribute:password
2025-12-22 16:21:38 INFO  BaseClass - applied green color on border of element element with class attribute:oxd-button oxd-button--medium oxd-button--main orangehrm-login-button
2025-12-22 16:21:38 INFO  BaseClass - applied green color on border of element element with class attribute:oxd-button oxd-button--medium oxd-button--main orangehrm-login-button
2025-12-22 16:21:38 INFO  BaseClass - located element by element with class attribute:oxd-button oxd-button--medium oxd-button--main orangehrm-login-button is clickable
2025-12-22 16:21:39 INFO  BaseClass - webdriver & ActionDriver classes instance terminated!!!
2025-12-22 16:21:40 INFO  BaseClass - clicked on :element with class attribute:oxd-button oxd-button--medium oxd-button--main orangehrm-login-button
2025-12-22 16:21:40 INFO  BaseClass - chromeDriver initialized!!!
2025-12-22 16:21:41 INFO  BaseClass - browser is launched and window is mazimized
2025-12-22 16:21:41 INFO  BaseClass - ActionDriver initialized!!!
2025-12-22 16:21:41 INFO  BaseClass - ActionDriver class instance is created!!!----->32
2025-12-22 16:21:41 INFO  BaseClass - applied green color on border of element element with class attribute:oxd-text oxd-text--span oxd-main-menu-item--name
2025-12-22 16:21:42 INFO  BaseClass - applied green color on border of element element with Name attribute:username
2025-12-22 16:21:42 INFO  BaseClass - element with Name attribute:username is visible
2025-12-22 16:21:42 INFO  BaseClass - applied green color on border of element element with Name attribute:username
2025-12-22 16:21:42 INFO  BaseClass - Entered text :admin in element with Name attribute:username
2025-12-22 16:21:42 INFO  BaseClass - applied green color on border of element element with Name attribute:password
2025-12-22 16:21:43 INFO  BaseClass - element with Name attribute:password is visible
2025-12-22 16:21:43 INFO  BaseClass - applied green color on border of element element with Name attribute:password
2025-12-22 16:21:43 INFO  BaseClass - Entered text :Manish@880 in element with Name attribute:password
2025-12-22 16:21:43 INFO  BaseClass - applied green color on border of element element with class attribute:oxd-button oxd-button--medium oxd-button--main orangehrm-login-button
2025-12-22 16:21:43 INFO  BaseClass - applied green color on border of element element with class attribute:oxd-button oxd-button--medium oxd-button--main orangehrm-login-button
2025-12-22 16:21:43 INFO  BaseClass - located element by element with class attribute:oxd-button oxd-button--medium oxd-button--main orangehrm-login-button is clickable
2025-12-22 16:21:43 INFO  BaseClass - clicked on :element with class attribute:oxd-button oxd-button--medium oxd-button--main orangehrm-login-button
2025-12-22 16:21:56 ERROR BaseClass - unable to describe element attribute type!!!no such element: Unable to locate element: {"method":"xpath","selector":"//label[.='Employee Name']/parent::div/following-sibling::div//input"}
  (Session info: chrome=143.0.7499.147)
For documentation on this error, please visit: https://www.selenium.dev/documentation/webdriver/troubleshooting/errors#nosuchelementexception
Build info: version: '4.39.0', revision: '126f156aee'
System info: os.name: 'Windows 10', os.arch: 'amd64', os.version: '10.0', java.version: '21.0.4'
Driver info: org.openqa.selenium.chrome.ChromeDriver
Command: [b3dd15c3084ffc8b0b9a8d2aa5daf145, findElement {value=//label[.='Employee Name']/parent::div/following-sibling::div//input, using=xpath}]
Capabilities {acceptInsecureCerts: false, browserName: chrome, browserVersion: 143.0.7499.147, chrome: {chromedriverVersion: 143.0.7499.169 (164b20aab62..., userDataDir: C:\Users\hp\AppData\Local\T...}, fedcm:accounts: true, goog:chromeOptions: {debuggerAddress: localhost:63249}, goog:processID: 5560, networkConnectionEnabled: false, pageLoadStrategy: normal, platformName: windows, proxy: Proxy(), se:cdp: ws://localhost:63249/devtoo..., se:cdpVersion: 143.0.7499.147, setWindowRect: true, strictFileInteractability: false, timeouts: {implicit: 0, pageLoad: 300000, script: 30000}, unhandledPromptBehavior: dismiss and notify, webauthn:extension:credBlob: true, webauthn:extension:largeBlob: true, webauthn:extension:minPinLength: true, webauthn:extension:prf: true, webauthn:virtualAuthenticators: true}
Session ID: b3dd15c3084ffc8b0b9a8d2aa5daf145
2025-12-22 16:21:56 WARN  BaseClass - failed to apply color on border of element :unable to describe element attribute type!!!
2025-12-22 16:21:57 INFO  BaseClass - applied green color on border of element unable to describe element attribute type!!!
2025-12-22 16:21:57 INFO  BaseClass - applied green color on border of element element with class attribute:oxd-text oxd-text--span oxd-main-menu-item--name
2025-12-22 16:21:57 INFO  BaseClass - element is displayed :unable to describe element attribute type!!!
2025-12-22 16:21:57 INFO  BaseClass - element is displayed :element with class attribute:oxd-text oxd-text--span oxd-main-menu-item--name
2025-12-22 16:21:59 INFO  BaseClass - webdriver & ActionDriver classes instance terminated!!!
2025-12-22 16:21:59 INFO  BaseClass - webdriver & ActionDriver classes instance terminated!!!
2025-12-22 16:22:06 ERROR BaseClass - unable to enter text
2025-12-22 16:22:11 ERROR BaseClass - element is not clickable!!!
2025-12-22 16:22:14 INFO  BaseClass - applied green color on border of element element with class attribute:oxd-text oxd-text--span oxd-main-menu-item--name
2025-12-22 16:22:14 INFO  BaseClass - element is displayed :element with class attribute:oxd-text oxd-text--span oxd-main-menu-item--name
2025-12-22 16:22:16 INFO  BaseClass - webdriver & ActionDriver classes instance terminated!!!
2025-12-22 16:22:16 ERROR BaseClass - unable to describe element attribute type!!!no such element: Unable to locate element: {"method":"xpath","selector":"//button[@type='submit']"}
  (Session info: chrome=143.0.7499.147)
For documentation on this error, please visit: https://www.selenium.dev/documentation/webdriver/troubleshooting/errors#nosuchelementexception
Build info: version: '4.39.0', revision: '126f156aee'
System info: os.name: 'Windows 10', os.arch: 'amd64', os.version: '10.0', java.version: '21.0.4'
Driver info: org.openqa.selenium.chrome.ChromeDriver
Command: [b3dd15c3084ffc8b0b9a8d2aa5daf145, findElement {value=//button[@type='submit'], using=xpath}]
Capabilities {acceptInsecureCerts: false, browserName: chrome, browserVersion: 143.0.7499.147, chrome: {chromedriverVersion: 143.0.7499.169 (164b20aab62..., userDataDir: C:\Users\hp\AppData\Local\T...}, fedcm:accounts: true, goog:chromeOptions: {debuggerAddress: localhost:63249}, goog:processID: 5560, networkConnectionEnabled: false, pageLoadStrategy: normal, platformName: windows, proxy: Proxy(), se:cdp: ws://localhost:63249/devtoo..., se:cdpVersion: 143.0.7499.147, setWindowRect: true, strictFileInteractability: false, timeouts: {implicit: 0, pageLoad: 300000, script: 30000}, unhandledPromptBehavior: dismiss and notify, webauthn:extension:credBlob: true, webauthn:extension:largeBlob: true, webauthn:extension:minPinLength: true, webauthn:extension:prf: true, webauthn:virtualAuthenticators: true}
Session ID: b3dd15c3084ffc8b0b9a8d2aa5daf145
2025-12-22 16:22:21 ERROR BaseClass - unable to click element
2025-12-22 16:22:21 INFO  BaseClass - clicked on PIM Tab
2025-12-22 16:22:37 ERROR BaseClass - unable to describe element attribute type!!!no such element: Unable to locate element: {"method":"xpath","selector":"//button[@type='submit']"}
  (Session info: chrome=143.0.7499.147)
For documentation on this error, please visit: https://www.selenium.dev/documentation/webdriver/troubleshooting/errors#nosuchelementexception
Build info: version: '4.39.0', revision: '126f156aee'
System info: os.name: 'Windows 10', os.arch: 'amd64', os.version: '10.0', java.version: '21.0.4'
Driver info: org.openqa.selenium.chrome.ChromeDriver
Command: [b3dd15c3084ffc8b0b9a8d2aa5daf145, findElement {value=//button[@type='submit'], using=xpath}]
Capabilities {acceptInsecureCerts: false, browserName: chrome, browserVersion: 143.0.7499.147, chrome: {chromedriverVersion: 143.0.7499.169 (164b20aab62..., userDataDir: C:\Users\hp\AppData\Local\T...}, fedcm:accounts: true, goog:chromeOptions: {debuggerAddress: localhost:63249}, goog:processID: 5560, networkConnectionEnabled: false, pageLoadStrategy: normal, platformName: windows, proxy: Proxy(), se:cdp: ws://localhost:63249/devtoo..., se:cdpVersion: 143.0.7499.147, setWindowRect: true, strictFileInteractability: false, timeouts: {implicit: 0, pageLoad: 300000, script: 30000}, unhandledPromptBehavior: dismiss and notify, webauthn:extension:credBlob: true, webauthn:extension:largeBlob: true, webauthn:extension:minPinLength: true, webauthn:extension:prf: true, webauthn:virtualAuthenticators: true}
Session ID: b3dd15c3084ffc8b0b9a8d2aa5daf145
2025-12-22 16:22:37 WARN  BaseClass - failed to apply color on border of element :unable to describe element attribute type!!!
2025-12-22 16:23:08 ERROR BaseClass - element is not clickable!!!
2025-12-22 16:23:13 ERROR BaseClass - unable to describe element attribute type!!!no such element: Unable to locate element: {"method":"xpath","selector":"//label[.='Employee Name']/parent::div/following-sibling::div//input"}
  (Session info: chrome=143.0.7499.147)
For documentation on this error, please visit: https://www.selenium.dev/documentation/webdriver/troubleshooting/errors#nosuchelementexception
Build info: version: '4.39.0', revision: '126f156aee'
System info: os.name: 'Windows 10', os.arch: 'amd64', os.version: '10.0', java.version: '21.0.4'
Driver info: org.openqa.selenium.chrome.ChromeDriver
Command: [856e601f091d707a7be522cab69e3807, findElement {using=xpath, value=//label[.='Employee Name']/parent::div/following-sibling::div//input}]
Capabilities {acceptInsecureCerts: false, browserName: chrome, browserVersion: 143.0.7499.147, chrome: {chromedriverVersion: 143.0.7499.169 (164b20aab62..., userDataDir: C:\Users\hp\AppData\Local\T...}, fedcm:accounts: true, goog:chromeOptions: {debuggerAddress: localhost:63672}, goog:processID: 19236, networkConnectionEnabled: false, pageLoadStrategy: normal, platformName: windows, proxy: Proxy(), se:cdp: ws://localhost:63672/devtoo..., se:cdpVersion: 143.0.7499.147, setWindowRect: true, strictFileInteractability: false, timeouts: {implicit: 0, pageLoad: 300000, script: 30000}, unhandledPromptBehavior: dismiss and notify, webauthn:extension:credBlob: true, webauthn:extension:largeBlob: true, webauthn:extension:minPinLength: true, webauthn:extension:prf: true, webauthn:virtualAuthenticators: true}
Session ID: 856e601f091d707a7be522cab69e3807
2025-12-22 16:23:13 WARN  BaseClass - failed to apply color on border of element :unable to describe element attribute type!!!
2025-12-22 16:23:18 ERROR BaseClass - unable to click element
2025-12-22 16:23:23 ERROR BaseClass - unable to enter text
2025-12-22 16:23:28 INFO  BaseClass - unable to scroll to the element!!!
2025-12-22 16:23:28 INFO  BaseClass - DB connection successfull
2025-12-22 16:23:28 INFO  BaseClass - Executing query :SELECT employee_id,emp_firstname,emp_middle_name,emp_lastname FROM hs_hr_employee WHERE employee_id=0002
2025-12-22 16:23:28 INFO  BaseClass - query executed successfully
2025-12-22 16:23:28 INFO  BaseClass - able to store data from DB
2025-12-22 16:23:33 ERROR BaseClass - unable to describe element attribute type!!!no such element: Unable to locate element: {"method":"xpath","selector":"//button[@type='submit']"}
  (Session info: chrome=143.0.7499.147)
For documentation on this error, please visit: https://www.selenium.dev/documentation/webdriver/troubleshooting/errors#nosuchelementexception
Build info: version: '4.39.0', revision: '126f156aee'
System info: os.name: 'Windows 10', os.arch: 'amd64', os.version: '10.0', java.version: '21.0.4'
Driver info: org.openqa.selenium.chrome.ChromeDriver
Command: [856e601f091d707a7be522cab69e3807, findElement {using=xpath, value=//button[@type='submit']}]
Capabilities {acceptInsecureCerts: false, browserName: chrome, browserVersion: 143.0.7499.147, chrome: {chromedriverVersion: 143.0.7499.169 (164b20aab62..., userDataDir: C:\Users\hp\AppData\Local\T...}, fedcm:accounts: true, goog:chromeOptions: {debuggerAddress: localhost:63672}, goog:processID: 19236, networkConnectionEnabled: false, pageLoadStrategy: normal, platformName: windows, proxy: Proxy(), se:cdp: ws://localhost:63672/devtoo..., se:cdpVersion: 143.0.7499.147, setWindowRect: true, strictFileInteractability: false, timeouts: {implicit: 0, pageLoad: 300000, script: 30000}, unhandledPromptBehavior: dismiss and notify, webauthn:extension:credBlob: true, webauthn:extension:largeBlob: true, webauthn:extension:minPinLength: true, webauthn:extension:prf: true, webauthn:virtualAuthenticators: true}
Session ID: 856e601f091d707a7be522cab69e3807
2025-12-22 16:23:53 ERROR BaseClass - unable to describe element attribute type!!!no such element: Unable to locate element: {"method":"xpath","selector":"//button[@type='submit']"}
  (Session info: chrome=143.0.7499.147)
For documentation on this error, please visit: https://www.selenium.dev/documentation/webdriver/troubleshooting/errors#nosuchelementexception
Build info: version: '4.39.0', revision: '126f156aee'
System info: os.name: 'Windows 10', os.arch: 'amd64', os.version: '10.0', java.version: '21.0.4'
Driver info: org.openqa.selenium.chrome.ChromeDriver
Command: [856e601f091d707a7be522cab69e3807, findElement {using=xpath, value=//button[@type='submit']}]
Capabilities {acceptInsecureCerts: false, browserName: chrome, browserVersion: 143.0.7499.147, chrome: {chromedriverVersion: 143.0.7499.169 (164b20aab62..., userDataDir: C:\Users\hp\AppData\Local\T...}, fedcm:accounts: true, goog:chromeOptions: {debuggerAddress: localhost:63672}, goog:processID: 19236, networkConnectionEnabled: false, pageLoadStrategy: normal, platformName: windows, proxy: Proxy(), se:cdp: ws://localhost:63672/devtoo..., se:cdpVersion: 143.0.7499.147, setWindowRect: true, strictFileInteractability: false, timeouts: {implicit: 0, pageLoad: 300000, script: 30000}, unhandledPromptBehavior: dismiss and notify, webauthn:extension:credBlob: true, webauthn:extension:largeBlob: true, webauthn:extension:minPinLength: true, webauthn:extension:prf: true, webauthn:virtualAuthenticators: true}
Session ID: 856e601f091d707a7be522cab69e3807
2025-12-22 16:23:53 WARN  BaseClass - failed to apply color on border of element :unable to describe element attribute type!!!
2025-12-22 16:24:10 ERROR BaseClass - unable to compare texts
2025-12-22 16:24:24 INFO  BaseClass - config.properties file is loaded!!!
2025-12-22 16:24:24 ERROR BaseClass - element is not clickable!!!
2025-12-22 16:24:28 INFO  BaseClass - chromeDriver initialized!!!
2025-12-22 16:24:28 INFO  BaseClass - chromeDriver initialized!!!
2025-12-22 16:24:28 INFO  BaseClass - chromeDriver initialized!!!
2025-12-22 16:24:28 INFO  BaseClass - chromeDriver initialized!!!
2025-12-22 16:24:28 INFO  BaseClass - chromeDriver initialized!!!
2025-12-22 16:24:30 INFO  BaseClass - browser is launched and window is mazimized
2025-12-22 16:24:30 INFO  BaseClass - ActionDriver initialized!!!
2025-12-22 16:24:30 INFO  BaseClass - ActionDriver class instance is created!!!----->29
2025-12-22 16:24:31 INFO  BaseClass - browser is launched and window is mazimized
2025-12-22 16:24:31 INFO  BaseClass - ActionDriver initialized!!!
2025-12-22 16:24:31 INFO  BaseClass - ActionDriver class instance is created!!!----->33
2025-12-22 16:24:31 INFO  BaseClass - browser is launched and window is mazimized
2025-12-22 16:24:31 INFO  BaseClass - ActionDriver initialized!!!
2025-12-22 16:24:31 INFO  BaseClass - ActionDriver class instance is created!!!----->32
2025-12-22 16:24:31 INFO  BaseClass - browser is launched and window is mazimized
2025-12-22 16:24:31 INFO  BaseClass - ActionDriver initialized!!!
2025-12-22 16:24:31 INFO  BaseClass - ActionDriver class instance is created!!!----->30
2025-12-22 16:24:32 INFO  BaseClass - applied green color on border of element element with Name attribute:username
2025-12-22 16:24:32 INFO  BaseClass - applied green color on border of element element with Name attribute:username
2025-12-22 16:24:32 INFO  BaseClass - element with Name attribute:username is visible
2025-12-22 16:24:32 INFO  BaseClass - element with Name attribute:username is visible
2025-12-22 16:24:32 INFO  BaseClass - applied green color on border of element element with Name attribute:username
2025-12-22 16:24:32 INFO  BaseClass - applied green color on border of element element with Name attribute:username
2025-12-22 16:24:32 INFO  BaseClass - Entered text :Admin in element with Name attribute:username
2025-12-22 16:24:33 INFO  BaseClass - Entered text :admin in element with Name attribute:username
2025-12-22 16:24:33 INFO  BaseClass - browser is launched and window is mazimized
2025-12-22 16:24:33 INFO  BaseClass - ActionDriver initialized!!!
2025-12-22 16:24:33 INFO  BaseClass - ActionDriver class instance is created!!!----->31
2025-12-22 16:24:34 INFO  BaseClass - applied green color on border of element element with Name attribute:password
2025-12-22 16:24:34 INFO  BaseClass - applied green color on border of element element with Name attribute:password
2025-12-22 16:24:34 INFO  BaseClass - element with Name attribute:password is visible
2025-12-22 16:24:34 INFO  BaseClass - element with Name attribute:password is visible
2025-12-22 16:24:34 INFO  BaseClass - applied green color on border of element element with Name attribute:username
2025-12-22 16:24:34 INFO  BaseClass - element with Name attribute:username is visible
2025-12-22 16:24:34 INFO  BaseClass - applied green color on border of element element with Name attribute:password
2025-12-22 16:24:34 INFO  BaseClass - applied green color on border of element element with Name attribute:password
2025-12-22 16:24:34 ERROR BaseClass - unable to click element
2025-12-22 16:24:34 INFO  BaseClass - applied green color on border of element element with Name attribute:username
2025-12-22 16:24:34 INFO  BaseClass - Entered text :xxxxx in element with Name attribute:password
2025-12-22 16:24:34 INFO  BaseClass - Entered text :Manish@880 in element with Name attribute:password
2025-12-22 16:24:34 INFO  BaseClass - Entered text :admin in element with Name attribute:username
2025-12-22 16:24:35 INFO  BaseClass - applied green color on border of element element with class attribute:oxd-button oxd-button--medium oxd-button--main orangehrm-login-button
2025-12-22 16:24:35 INFO  BaseClass - applied green color on border of element element with class attribute:oxd-button oxd-button--medium oxd-button--main orangehrm-login-button
2025-12-22 16:24:35 INFO  BaseClass - applied green color on border of element element with Name attribute:password
2025-12-22 16:24:35 INFO  BaseClass - element with Name attribute:password is visible
2025-12-22 16:24:35 INFO  BaseClass - applied green color on border of element element with class attribute:oxd-button oxd-button--medium oxd-button--main orangehrm-login-button
2025-12-22 16:24:35 INFO  BaseClass - located element by element with class attribute:oxd-button oxd-button--medium oxd-button--main orangehrm-login-button is clickable
2025-12-22 16:24:35 INFO  BaseClass - applied green color on border of element element with class attribute:oxd-button oxd-button--medium oxd-button--main orangehrm-login-button
2025-12-22 16:24:35 INFO  BaseClass - located element by element with class attribute:oxd-button oxd-button--medium oxd-button--main orangehrm-login-button is clickable
2025-12-22 16:24:35 INFO  BaseClass - applied green color on border of element element with Name attribute:password
2025-12-22 16:24:35 INFO  BaseClass - clicked on :element with class attribute:oxd-button oxd-button--medium oxd-button--main orangehrm-login-button
2025-12-22 16:24:35 INFO  BaseClass - Entered text :Manish@880 in element with Name attribute:password
2025-12-22 16:24:36 INFO  BaseClass - applied green color on border of element element with class attribute:oxd-button oxd-button--medium oxd-button--main orangehrm-login-button
2025-12-22 16:24:36 INFO  BaseClass - applied green color on border of element element with class attribute:oxd-button oxd-button--medium oxd-button--main orangehrm-login-button
2025-12-22 16:24:36 INFO  BaseClass - located element by element with class attribute:oxd-button oxd-button--medium oxd-button--main orangehrm-login-button is clickable
2025-12-22 16:24:37 INFO  BaseClass - clicked on :element with class attribute:oxd-button oxd-button--medium oxd-button--main orangehrm-login-button
2025-12-22 16:24:37 INFO  BaseClass - applied green color on border of element element with class attribute:oxd-text oxd-text--p oxd-alert-content-text
2025-12-22 16:24:37 INFO  BaseClass - element with class attribute:oxd-text oxd-text--p oxd-alert-content-text is visible
2025-12-22 16:24:38 INFO  BaseClass - applied green color on border of element element with class attribute:oxd-text oxd-text--p oxd-alert-content-text
2025-12-22 16:24:38 INFO  BaseClass - Text are equals :Invalid credentialsequals to Invalid credentials
2025-12-22 16:24:38 INFO  BaseClass - clicked on :element with class attribute:oxd-button oxd-button--medium oxd-button--main orangehrm-login-button
2025-12-22 16:24:41 INFO  BaseClass - webdriver & ActionDriver classes instance terminated!!!
2025-12-22 16:24:41 INFO  BaseClass - webdriver & ActionDriver classes instance terminated!!!
2025-12-22 16:24:44 INFO  BaseClass - chromeDriver initialized!!!
2025-12-22 16:24:44 INFO  BaseClass - unable to scroll to the element!!!
2025-12-22 16:24:44 INFO  BaseClass - DB connection successfull
2025-12-22 16:24:44 INFO  BaseClass - Executing query :SELECT employee_id,emp_firstname,emp_middle_name,emp_lastname FROM hs_hr_employee WHERE employee_id=0002
2025-12-22 16:24:44 INFO  BaseClass - query executed successfully
2025-12-22 16:24:44 INFO  BaseClass - able to store data from DB
2025-12-22 16:24:45 INFO  BaseClass - browser is launched and window is mazimized
2025-12-22 16:24:45 INFO  BaseClass - ActionDriver initialized!!!
2025-12-22 16:24:45 INFO  BaseClass - ActionDriver class instance is created!!!----->29
2025-12-22 16:24:45 INFO  BaseClass - starting verifyEmployeeFromDB()
2025-12-22 16:24:47 INFO  BaseClass - applied green color on border of element element with Name attribute:username
2025-12-22 16:24:47 INFO  BaseClass - element with Name attribute:username is visible
2025-12-22 16:24:47 INFO  BaseClass - applied green color on border of element element with Name attribute:username
2025-12-22 16:24:47 INFO  BaseClass - Entered text :admin in element with Name attribute:username
2025-12-22 16:24:47 INFO  BaseClass - applied green color on border of element element with Name attribute:password
2025-12-22 16:24:47 INFO  BaseClass - element with Name attribute:password is visible
2025-12-22 16:24:48 INFO  BaseClass - applied green color on border of element element with Name attribute:password
2025-12-22 16:24:48 INFO  BaseClass - webdriver & ActionDriver classes instance terminated!!!
2025-12-22 16:24:48 INFO  BaseClass - Entered text :Manish@880 in element with Name attribute:password
2025-12-22 16:24:48 INFO  BaseClass - applied green color on border of element element with class attribute:oxd-button oxd-button--medium oxd-button--main orangehrm-login-button
2025-12-22 16:24:48 INFO  BaseClass - applied green color on border of element element with class attribute:oxd-button oxd-button--medium oxd-button--main orangehrm-login-button
2025-12-22 16:24:48 INFO  BaseClass - located element by element with class attribute:oxd-button oxd-button--medium oxd-button--main orangehrm-login-button is clickable
2025-12-22 16:24:49 INFO  BaseClass - chromeDriver initialized!!!
2025-12-22 16:24:50 INFO  BaseClass - clicked on :element with class attribute:oxd-button oxd-button--medium oxd-button--main orangehrm-login-button
2025-12-22 16:24:50 INFO  BaseClass - browser is launched and window is mazimized
2025-12-22 16:24:50 INFO  BaseClass - ActionDriver initialized!!!
2025-12-22 16:24:50 INFO  BaseClass - ActionDriver class instance is created!!!----->32
2025-12-22 16:24:51 INFO  BaseClass - applied green color on border of element element with Name attribute:username
2025-12-22 16:24:51 INFO  BaseClass - element with Name attribute:username is visible
2025-12-22 16:24:51 ERROR BaseClass - unable to compare texts
2025-12-22 16:24:51 INFO  BaseClass - applied green color on border of element element with class attribute:oxd-text oxd-text--span oxd-main-menu-item--name
2025-12-22 16:24:51 INFO  BaseClass - applied green color on border of element element with Name attribute:username
2025-12-22 16:24:52 INFO  BaseClass - Entered text :admin in element with Name attribute:username
2025-12-22 16:24:52 INFO  BaseClass - applied green color on border of element element with Name attribute:password
2025-12-22 16:24:52 INFO  BaseClass - element with Name attribute:password is visible
2025-12-22 16:24:52 INFO  BaseClass - applied green color on border of element element with Name attribute:password
2025-12-22 16:24:52 INFO  BaseClass - Entered text :Manish@880 in element with Name attribute:password
2025-12-22 16:24:53 INFO  BaseClass - applied green color on border of element element with class attribute:oxd-button oxd-button--medium oxd-button--main orangehrm-login-button
2025-12-22 16:24:53 INFO  BaseClass - applied green color on border of element element with class attribute:oxd-button oxd-button--medium oxd-button--main orangehrm-login-button
2025-12-22 16:24:53 INFO  BaseClass - located element by element with class attribute:oxd-button oxd-button--medium oxd-button--main orangehrm-login-button is clickable
2025-12-22 16:24:54 INFO  BaseClass - clicked on :element with class attribute:oxd-button oxd-button--medium oxd-button--main orangehrm-login-button
2025-12-22 16:24:54 INFO  BaseClass - webdriver & ActionDriver classes instance terminated!!!
2025-12-22 16:24:57 INFO  BaseClass - chromeDriver initialized!!!
2025-12-22 16:24:58 INFO  BaseClass - browser is launched and window is mazimized
2025-12-22 16:24:58 INFO  BaseClass - ActionDriver initialized!!!
2025-12-22 16:24:58 INFO  BaseClass - ActionDriver class instance is created!!!----->30
2025-12-22 16:24:58 INFO  BaseClass - starting verifyEmployeeFromDB()
2025-12-22 16:24:58 INFO  BaseClass - applied green color on border of element element with Name attribute:username
2025-12-22 16:24:58 INFO  BaseClass - element with Name attribute:username is visible
2025-12-22 16:24:58 INFO  BaseClass - applied green color on border of element element with Name attribute:username
2025-12-22 16:24:59 INFO  BaseClass - Entered text :admin in element with Name attribute:username
2025-12-22 16:24:59 INFO  BaseClass - applied green color on border of element element with Name attribute:password
2025-12-22 16:24:59 INFO  BaseClass - element with Name attribute:password is visible
2025-12-22 16:24:59 INFO  BaseClass - applied green color on border of element element with Name attribute:password
2025-12-22 16:24:59 INFO  BaseClass - Entered text :Manish@880 in element with Name attribute:password
2025-12-22 16:24:59 INFO  BaseClass - applied green color on border of element element with class attribute:oxd-button oxd-button--medium oxd-button--main orangehrm-login-button
2025-12-22 16:25:00 INFO  BaseClass - applied green color on border of element element with class attribute:oxd-button oxd-button--medium oxd-button--main orangehrm-login-button
2025-12-22 16:25:00 INFO  BaseClass - located element by element with class attribute:oxd-button oxd-button--medium oxd-button--main orangehrm-login-button is clickable
2025-12-22 16:25:01 INFO  BaseClass - clicked on :element with class attribute:oxd-button oxd-button--medium oxd-button--main orangehrm-login-button
2025-12-22 16:25:03 INFO  BaseClass - applied green color on border of element element with class attribute:oxd-text oxd-text--span oxd-main-menu-item--name
2025-12-22 16:25:06 INFO  BaseClass - applied green color on border of element element with class attribute:oxd-text oxd-text--span oxd-main-menu-item--name
2025-12-22 16:25:06 INFO  BaseClass - element is displayed :element with class attribute:oxd-text oxd-text--span oxd-main-menu-item--name
2025-12-22 16:25:08 INFO  BaseClass - webdriver & ActionDriver classes instance terminated!!!
2025-12-22 16:25:09 INFO  BaseClass - chromeDriver initialized!!!
2025-12-22 16:25:10 INFO  BaseClass - applied green color on border of element unable to describe element attribute type!!!
2025-12-22 16:25:10 INFO  BaseClass - element is displayed :unable to describe element attribute type!!!
2025-12-22 16:25:10 INFO  BaseClass - browser is launched and window is mazimized
2025-12-22 16:25:10 INFO  BaseClass - ActionDriver initialized!!!
2025-12-22 16:25:10 INFO  BaseClass - ActionDriver class instance is created!!!----->33
2025-12-22 16:25:11 INFO  BaseClass - applied green color on border of element element with Name attribute:username
2025-12-22 16:25:11 INFO  BaseClass - element with Name attribute:username is visible
2025-12-22 16:25:11 INFO  BaseClass - applied green color on border of element element with Name attribute:username
2025-12-22 16:25:12 INFO  BaseClass - Entered text :admin in element with Name attribute:username
2025-12-22 16:25:12 INFO  BaseClass - applied green color on border of element element with Name attribute:password
2025-12-22 16:25:12 INFO  BaseClass - element with Name attribute:password is visible
2025-12-22 16:25:12 INFO  BaseClass - applied green color on border of element element with Name attribute:password
2025-12-22 16:25:12 INFO  BaseClass - Entered text :Manish@880 in element with Name attribute:password
2025-12-22 16:25:13 INFO  BaseClass - applied green color on border of element element with class attribute:oxd-button oxd-button--medium oxd-button--main orangehrm-login-button
2025-12-22 16:25:13 INFO  BaseClass - applied green color on border of element element with class attribute:oxd-button oxd-button--medium oxd-button--main orangehrm-login-button
2025-12-22 16:25:13 INFO  BaseClass - located element by element with class attribute:oxd-button oxd-button--medium oxd-button--main orangehrm-login-button is clickable
2025-12-22 16:25:13 INFO  BaseClass - webdriver & ActionDriver classes instance terminated!!!
2025-12-22 16:25:14 INFO  BaseClass - chromeDriver initialized!!!
2025-12-22 16:25:15 INFO  BaseClass - clicked on :element with class attribute:oxd-button oxd-button--medium oxd-button--main orangehrm-login-button
2025-12-22 16:25:16 INFO  BaseClass - browser is launched and window is mazimized
2025-12-22 16:25:16 INFO  BaseClass - ActionDriver initialized!!!
2025-12-22 16:25:16 INFO  BaseClass - ActionDriver class instance is created!!!----->31
2025-12-22 16:25:17 INFO  BaseClass - applied green color on border of element element with Name attribute:username
2025-12-22 16:25:17 INFO  BaseClass - element with Name attribute:username is visible
2025-12-22 16:25:18 INFO  BaseClass - applied green color on border of element element with Name attribute:username
2025-12-22 16:25:18 INFO  BaseClass - Entered text :admin in element with Name attribute:username
2025-12-22 16:25:18 INFO  BaseClass - applied green color on border of element element with Name attribute:password
2025-12-22 16:25:18 INFO  BaseClass - element with Name attribute:password is visible
2025-12-22 16:25:18 INFO  BaseClass - applied green color on border of element element with Name attribute:password
2025-12-22 16:25:18 INFO  BaseClass - Entered text :Manish@880 in element with Name attribute:password
2025-12-22 16:25:19 INFO  BaseClass - applied green color on border of element element with class attribute:oxd-button oxd-button--medium oxd-button--main orangehrm-login-button
2025-12-22 16:25:19 INFO  BaseClass - applied green color on border of element element with class attribute:oxd-button oxd-button--medium oxd-button--main orangehrm-login-button
2025-12-22 16:25:19 INFO  BaseClass - located element by element with class attribute:oxd-button oxd-button--medium oxd-button--main orangehrm-login-button is clickable
2025-12-22 16:25:20 INFO  BaseClass - clicked on :element with class attribute:oxd-button oxd-button--medium oxd-button--main orangehrm-login-button
2025-12-22 16:25:22 ERROR BaseClass - element is not clickable!!!
2025-12-22 16:25:25 INFO  BaseClass - applied green color on border of element element with class attribute:oxd-text oxd-text--span oxd-main-menu-item--name
2025-12-22 16:25:25 INFO  BaseClass - element is displayed :element with class attribute:oxd-text oxd-text--span oxd-main-menu-item--name
2025-12-22 16:25:26 ERROR BaseClass - unable to compare texts
2025-12-22 16:25:27 INFO  BaseClass - webdriver & ActionDriver classes instance terminated!!!
2025-12-22 16:25:29 INFO  BaseClass - chromeDriver initialized!!!
2025-12-22 16:25:30 INFO  BaseClass - browser is launched and window is mazimized
2025-12-22 16:25:30 INFO  BaseClass - ActionDriver initialized!!!
2025-12-22 16:25:30 INFO  BaseClass - ActionDriver class instance is created!!!----->32
2025-12-22 16:25:30 INFO  BaseClass - applied green color on border of element element with Name attribute:username
2025-12-22 16:25:30 INFO  BaseClass - element with Name attribute:username is visible
2025-12-22 16:25:30 INFO  BaseClass - applied green color on border of element element with Name attribute:username
2025-12-22 16:25:30 INFO  BaseClass - Entered text :admin in element with Name attribute:username
2025-12-22 16:25:31 INFO  BaseClass - applied green color on border of element element with Name attribute:password
2025-12-22 16:25:31 INFO  BaseClass - element with Name attribute:password is visible
2025-12-22 16:25:31 INFO  BaseClass - applied green color on border of element element with Name attribute:password
2025-12-22 16:25:31 INFO  BaseClass - Entered text :Manish@880 in element with Name attribute:password
2025-12-22 16:25:31 INFO  BaseClass - applied green color on border of element element with class attribute:oxd-button oxd-button--medium oxd-button--main orangehrm-login-button
2025-12-22 16:25:31 INFO  BaseClass - applied green color on border of element element with class attribute:oxd-button oxd-button--medium oxd-button--main orangehrm-login-button
2025-12-22 16:25:31 INFO  BaseClass - located element by element with class attribute:oxd-button oxd-button--medium oxd-button--main orangehrm-login-button is clickable
2025-12-22 16:25:31 INFO  BaseClass - clicked on :element with class attribute:oxd-button oxd-button--medium oxd-button--main orangehrm-login-button
2025-12-22 16:25:32 ERROR BaseClass - unable to click element
2025-12-22 16:25:32 INFO  BaseClass - clicked on PIM Tab
2025-12-22 16:25:33 ERROR BaseClass - element is not clickable!!!
2025-12-22 16:25:43 ERROR BaseClass - unable to click element
2025-12-22 16:25:43 INFO  BaseClass - clicked on PIM Tab
2025-12-22 16:25:45 INFO  BaseClass - applied green color on border of element element with class attribute:oxd-text oxd-text--span oxd-main-menu-item--name
2025-12-22 16:25:45 INFO  BaseClass - element is displayed :element with class attribute:oxd-text oxd-text--span oxd-main-menu-item--name
2025-12-22 16:25:47 INFO  BaseClass - webdriver & ActionDriver classes instance terminated!!!
2025-12-22 16:25:49 INFO  BaseClass - chromeDriver initialized!!!
2025-12-22 16:25:50 INFO  BaseClass - browser is launched and window is mazimized
2025-12-22 16:25:50 INFO  BaseClass - ActionDriver initialized!!!
2025-12-22 16:25:50 INFO  BaseClass - ActionDriver class instance is created!!!----->33
2025-12-22 16:25:51 INFO  BaseClass - applied green color on border of element element with Name attribute:username
2025-12-22 16:25:51 INFO  BaseClass - element with Name attribute:username is visible
2025-12-22 16:25:51 INFO  BaseClass - applied green color on border of element unable to describe element attribute type!!!
2025-12-22 16:25:51 INFO  BaseClass - element is displayed :unable to describe element attribute type!!!
2025-12-22 16:25:51 INFO  BaseClass - applied green color on border of element element with Name attribute:username
2025-12-22 16:25:51 INFO  BaseClass - Entered text :admin in element with Name attribute:username
2025-12-22 16:25:51 INFO  BaseClass - applied green color on border of element element with Name attribute:password
2025-12-22 16:25:51 INFO  BaseClass - element with Name attribute:password is visible
2025-12-22 16:25:51 INFO  BaseClass - applied green color on border of element element with Name attribute:password
2025-12-22 16:25:52 INFO  BaseClass - Entered text :Manish@880 in element with Name attribute:password
2025-12-22 16:25:52 INFO  BaseClass - applied green color on border of element element with class attribute:oxd-button oxd-button--medium oxd-button--main orangehrm-login-button
2025-12-22 16:25:52 INFO  BaseClass - applied green color on border of element element with class attribute:oxd-button oxd-button--medium oxd-button--main orangehrm-login-button
2025-12-22 16:25:52 INFO  BaseClass - located element by element with class attribute:oxd-button oxd-button--medium oxd-button--main orangehrm-login-button is clickable
2025-12-22 16:25:52 INFO  BaseClass - clicked on :element with class attribute:oxd-button oxd-button--medium oxd-button--main orangehrm-login-button
2025-12-22 16:25:53 INFO  BaseClass - webdriver & ActionDriver classes instance terminated!!!
2025-12-22 16:25:55 INFO  BaseClass - chromeDriver initialized!!!
2025-12-22 16:25:56 INFO  BaseClass - browser is launched and window is mazimized
2025-12-22 16:25:56 INFO  BaseClass - ActionDriver initialized!!!
2025-12-22 16:25:56 INFO  BaseClass - ActionDriver class instance is created!!!----->31
2025-12-22 16:25:56 INFO  BaseClass - applied green color on border of element element with Name attribute:username
2025-12-22 16:25:56 INFO  BaseClass - element with Name attribute:username is visible
2025-12-22 16:25:56 INFO  BaseClass - applied green color on border of element element with Name attribute:username
2025-12-22 16:25:57 INFO  BaseClass - Entered text :admin in element with Name attribute:username
2025-12-22 16:25:57 INFO  BaseClass - applied green color on border of element element with Name attribute:password
2025-12-22 16:25:57 INFO  BaseClass - element with Name attribute:password is visible
2025-12-22 16:25:57 INFO  BaseClass - applied green color on border of element element with Name attribute:password
2025-12-22 16:25:57 INFO  BaseClass - Entered text :Manish@880 in element with Name attribute:password
2025-12-22 16:25:57 INFO  BaseClass - applied green color on border of element element with class attribute:oxd-button oxd-button--medium oxd-button--main orangehrm-login-button
2025-12-22 16:25:57 INFO  BaseClass - applied green color on border of element element with class attribute:oxd-button oxd-button--medium oxd-button--main orangehrm-login-button
2025-12-22 16:25:58 INFO  BaseClass - located element by element with class attribute:oxd-button oxd-button--medium oxd-button--main orangehrm-login-button is clickable
2025-12-22 16:25:59 INFO  BaseClass - clicked on :element with class attribute:oxd-button oxd-button--medium oxd-button--main orangehrm-login-button
2025-12-22 16:26:01 INFO  BaseClass - applied green color on border of element element with class attribute:oxd-text oxd-text--span oxd-main-menu-item--name
2025-12-22 16:26:02 INFO  BaseClass - element is displayed :element with class attribute:oxd-text oxd-text--span oxd-main-menu-item--name
2025-12-22 16:26:04 INFO  BaseClass - webdriver & ActionDriver classes instance terminated!!!
2025-12-22 16:26:05 INFO  BaseClass - chromeDriver initialized!!!
2025-12-22 16:26:06 INFO  BaseClass - browser is launched and window is mazimized
2025-12-22 16:26:06 INFO  BaseClass - ActionDriver initialized!!!
2025-12-22 16:26:06 INFO  BaseClass - ActionDriver class instance is created!!!----->32
2025-12-22 16:26:06 INFO  BaseClass - applied green color on border of element element with Name attribute:username
2025-12-22 16:26:06 INFO  BaseClass - element with Name attribute:username is visible
2025-12-22 16:26:07 INFO  BaseClass - applied green color on border of element element with Name attribute:username
2025-12-22 16:26:07 INFO  BaseClass - Entered text :admin in element with Name attribute:username
2025-12-22 16:26:07 INFO  BaseClass - applied green color on border of element element with Name attribute:password
2025-12-22 16:26:07 INFO  BaseClass - element with Name attribute:password is visible
2025-12-22 16:26:07 INFO  BaseClass - applied green color on border of element element with Name attribute:password
2025-12-22 16:26:07 ERROR BaseClass - unable to compare texts
2025-12-22 16:26:07 INFO  BaseClass - Entered text :Manish@880 in element with Name attribute:password
2025-12-22 16:26:08 INFO  BaseClass - applied green color on border of element element with class attribute:oxd-button oxd-button--medium oxd-button--main orangehrm-login-button
2025-12-22 16:26:08 INFO  BaseClass - applied green color on border of element element with class attribute:oxd-button oxd-button--medium oxd-button--main orangehrm-login-button
2025-12-22 16:26:08 INFO  BaseClass - located element by element with class attribute:oxd-button oxd-button--medium oxd-button--main orangehrm-login-button is clickable
2025-12-22 16:26:09 INFO  BaseClass - clicked on :element with class attribute:oxd-button oxd-button--medium oxd-button--main orangehrm-login-button
2025-12-22 16:26:09 INFO  BaseClass - webdriver & ActionDriver classes instance terminated!!!
2025-12-22 16:26:11 INFO  BaseClass - chromeDriver initialized!!!
2025-12-22 16:26:12 INFO  BaseClass - browser is launched and window is mazimized
2025-12-22 16:26:12 INFO  BaseClass - ActionDriver initialized!!!
2025-12-22 16:26:12 INFO  BaseClass - ActionDriver class instance is created!!!----->29
2025-12-22 16:26:12 INFO  BaseClass - starting verifyEmployeeFromDB()
2025-12-22 16:26:12 INFO  BaseClass - applied green color on border of element element with Name attribute:username
2025-12-22 16:26:13 INFO  BaseClass - element with Name attribute:username is visible
2025-12-22 16:26:13 INFO  BaseClass - applied green color on border of element element with Name attribute:username
2025-12-22 16:26:13 INFO  BaseClass - Entered text :admin in element with Name attribute:username
2025-12-22 16:26:13 INFO  BaseClass - applied green color on border of element element with Name attribute:password
2025-12-22 16:26:13 INFO  BaseClass - element with Name attribute:password is visible
2025-12-22 16:26:13 INFO  BaseClass - applied green color on border of element element with Name attribute:password
2025-12-22 16:26:13 INFO  BaseClass - Entered text :Manish@880 in element with Name attribute:password
2025-12-22 16:26:13 INFO  BaseClass - applied green color on border of element element with class attribute:oxd-button oxd-button--medium oxd-button--main orangehrm-login-button
2025-12-22 16:26:14 INFO  BaseClass - applied green color on border of element element with class attribute:oxd-button oxd-button--medium oxd-button--main orangehrm-login-button
2025-12-22 16:26:14 INFO  BaseClass - located element by element with class attribute:oxd-button oxd-button--medium oxd-button--main orangehrm-login-button is clickable
2025-12-22 16:26:15 INFO  BaseClass - clicked on :element with class attribute:oxd-button oxd-button--medium oxd-button--main orangehrm-login-button
2025-12-22 16:26:16 INFO  BaseClass - applied green color on border of element element with class attribute:oxd-text oxd-text--span oxd-main-menu-item--name
2025-12-22 16:26:22 INFO  BaseClass - applied green color on border of element element with class attribute:oxd-text oxd-text--span oxd-main-menu-item--name
2025-12-22 16:26:22 INFO  BaseClass - element is displayed :element with class attribute:oxd-text oxd-text--span oxd-main-menu-item--name
2025-12-22 16:26:23 ERROR BaseClass - unable to describe element attribute type!!!no such element: Unable to locate element: {"method":"xpath","selector":"//label[.='Employee Name']/parent::div/following-sibling::div//input"}
  (Session info: chrome=143.0.7499.147)
For documentation on this error, please visit: https://www.selenium.dev/documentation/webdriver/troubleshooting/errors#nosuchelementexception
Build info: version: '4.39.0', revision: '126f156aee'
System info: os.name: 'Windows 10', os.arch: 'amd64', os.version: '10.0', java.version: '21.0.4'
Driver info: org.openqa.selenium.chrome.ChromeDriver
Command: [3af4ee09ac8b6fe70de47fcf7a7f19ef, findElement {value=//label[.='Employee Name']/parent::div/following-sibling::div//input, using=xpath}]
Capabilities {acceptInsecureCerts: false, browserName: chrome, browserVersion: 143.0.7499.147, chrome: {chromedriverVersion: 143.0.7499.169 (164b20aab62..., userDataDir: C:\Users\hp\AppData\Local\T...}, fedcm:accounts: true, goog:chromeOptions: {debuggerAddress: localhost:64060}, goog:processID: 6528, networkConnectionEnabled: false, pageLoadStrategy: normal, platformName: windows, proxy: Proxy(), se:cdp: ws://localhost:64060/devtoo..., se:cdpVersion: 143.0.7499.147, setWindowRect: true, strictFileInteractability: false, timeouts: {implicit: 0, pageLoad: 300000, script: 30000}, unhandledPromptBehavior: dismiss and notify, webauthn:extension:credBlob: true, webauthn:extension:largeBlob: true, webauthn:extension:minPinLength: true, webauthn:extension:prf: true, webauthn:virtualAuthenticators: true}
Session ID: 3af4ee09ac8b6fe70de47fcf7a7f19ef
2025-12-22 16:26:23 WARN  BaseClass - failed to apply color on border of element :unable to describe element attribute type!!!
2025-12-22 16:26:25 INFO  BaseClass - webdriver & ActionDriver classes instance terminated!!!
2025-12-22 16:26:29 INFO  BaseClass - applied green color on border of element unable to describe element attribute type!!!
2025-12-22 16:26:29 INFO  BaseClass - element is displayed :unable to describe element attribute type!!!
2025-12-22 16:26:31 INFO  BaseClass - webdriver & ActionDriver classes instance terminated!!!
2025-12-22 16:26:33 ERROR BaseClass - unable to enter text
2025-12-22 16:26:35 ERROR BaseClass - unable to describe element attribute type!!!no such element: Unable to locate element: {"method":"xpath","selector":"//label[.='Employee Name']/parent::div/following-sibling::div//input"}
  (Session info: chrome=143.0.7499.147)
For documentation on this error, please visit: https://www.selenium.dev/documentation/webdriver/troubleshooting/errors#nosuchelementexception
Build info: version: '4.39.0', revision: '126f156aee'
System info: os.name: 'Windows 10', os.arch: 'amd64', os.version: '10.0', java.version: '21.0.4'
Driver info: org.openqa.selenium.chrome.ChromeDriver
Command: [13e5e898355aa00606b6cb59bd4c18d0, findElement {value=//label[.='Employee Name']/parent::div/following-sibling::div//input, using=xpath}]
Capabilities {acceptInsecureCerts: false, browserName: chrome, browserVersion: 143.0.7499.147, chrome: {chromedriverVersion: 143.0.7499.169 (164b20aab62..., userDataDir: C:\Users\hp\AppData\Local\T...}, fedcm:accounts: true, goog:chromeOptions: {debuggerAddress: localhost:64184}, goog:processID: 6680, networkConnectionEnabled: false, pageLoadStrategy: normal, platformName: windows, proxy: Proxy(), se:cdp: ws://localhost:64184/devtoo..., se:cdpVersion: 143.0.7499.147, setWindowRect: true, strictFileInteractability: false, timeouts: {implicit: 0, pageLoad: 300000, script: 30000}, unhandledPromptBehavior: dismiss and notify, webauthn:extension:credBlob: true, webauthn:extension:largeBlob: true, webauthn:extension:minPinLength: true, webauthn:extension:prf: true, webauthn:virtualAuthenticators: true}
Session ID: 13e5e898355aa00606b6cb59bd4c18d0
2025-12-22 16:26:35 WARN  BaseClass - failed to apply color on border of element :unable to describe element attribute type!!!
2025-12-22 16:26:40 INFO  BaseClass - applied green color on border of element element with class attribute:oxd-text oxd-text--span oxd-main-menu-item--name
2025-12-22 16:26:40 INFO  BaseClass - element is displayed :element with class attribute:oxd-text oxd-text--span oxd-main-menu-item--name
2025-12-22 16:26:42 INFO  BaseClass - webdriver & ActionDriver classes instance terminated!!!
2025-12-22 16:26:43 ERROR BaseClass - unable to describe element attribute type!!!no such element: Unable to locate element: {"method":"xpath","selector":"//button[@type='submit']"}
  (Session info: chrome=143.0.7499.147)
For documentation on this error, please visit: https://www.selenium.dev/documentation/webdriver/troubleshooting/errors#nosuchelementexception
Build info: version: '4.39.0', revision: '126f156aee'
System info: os.name: 'Windows 10', os.arch: 'amd64', os.version: '10.0', java.version: '21.0.4'
Driver info: org.openqa.selenium.chrome.ChromeDriver
Command: [3af4ee09ac8b6fe70de47fcf7a7f19ef, findElement {value=//button[@type='submit'], using=xpath}]
Capabilities {acceptInsecureCerts: false, browserName: chrome, browserVersion: 143.0.7499.147, chrome: {chromedriverVersion: 143.0.7499.169 (164b20aab62..., userDataDir: C:\Users\hp\AppData\Local\T...}, fedcm:accounts: true, goog:chromeOptions: {debuggerAddress: localhost:64060}, goog:processID: 6528, networkConnectionEnabled: false, pageLoadStrategy: normal, platformName: windows, proxy: Proxy(), se:cdp: ws://localhost:64060/devtoo..., se:cdpVersion: 143.0.7499.147, setWindowRect: true, strictFileInteractability: false, timeouts: {implicit: 0, pageLoad: 300000, script: 30000}, unhandledPromptBehavior: dismiss and notify, webauthn:extension:credBlob: true, webauthn:extension:largeBlob: true, webauthn:extension:minPinLength: true, webauthn:extension:prf: true, webauthn:virtualAuthenticators: true}
Session ID: 3af4ee09ac8b6fe70de47fcf7a7f19ef
2025-12-22 16:26:45 ERROR BaseClass - unable to enter text
2025-12-22 16:26:46 ERROR BaseClass - element is not clickable!!!
2025-12-22 16:26:55 ERROR BaseClass - unable to describe element attribute type!!!no such element: Unable to locate element: {"method":"xpath","selector":"//button[@type='submit']"}
  (Session info: chrome=143.0.7499.147)
For documentation on this error, please visit: https://www.selenium.dev/documentation/webdriver/troubleshooting/errors#nosuchelementexception
Build info: version: '4.39.0', revision: '126f156aee'
System info: os.name: 'Windows 10', os.arch: 'amd64', os.version: '10.0', java.version: '21.0.4'
Driver info: org.openqa.selenium.chrome.ChromeDriver
Command: [13e5e898355aa00606b6cb59bd4c18d0, findElement {value=//button[@type='submit'], using=xpath}]
Capabilities {acceptInsecureCerts: false, browserName: chrome, browserVersion: 143.0.7499.147, chrome: {chromedriverVersion: 143.0.7499.169 (164b20aab62..., userDataDir: C:\Users\hp\AppData\Local\T...}, fedcm:accounts: true, goog:chromeOptions: {debuggerAddress: localhost:64184}, goog:processID: 6680, networkConnectionEnabled: false, pageLoadStrategy: normal, platformName: windows, proxy: Proxy(), se:cdp: ws://localhost:64184/devtoo..., se:cdpVersion: 143.0.7499.147, setWindowRect: true, strictFileInteractability: false, timeouts: {implicit: 0, pageLoad: 300000, script: 30000}, unhandledPromptBehavior: dismiss and notify, webauthn:extension:credBlob: true, webauthn:extension:largeBlob: true, webauthn:extension:minPinLength: true, webauthn:extension:prf: true, webauthn:virtualAuthenticators: true}
Session ID: 13e5e898355aa00606b6cb59bd4c18d0
2025-12-22 16:26:56 ERROR BaseClass - unable to click element
2025-12-22 16:26:56 INFO  BaseClass - clicked on PIM Tab
2025-12-22 16:27:03 ERROR BaseClass - unable to describe element attribute type!!!no such element: Unable to locate element: {"method":"xpath","selector":"//button[@type='submit']"}
  (Session info: chrome=143.0.7499.147)
For documentation on this error, please visit: https://www.selenium.dev/documentation/webdriver/troubleshooting/errors#nosuchelementexception
Build info: version: '4.39.0', revision: '126f156aee'
System info: os.name: 'Windows 10', os.arch: 'amd64', os.version: '10.0', java.version: '21.0.4'
Driver info: org.openqa.selenium.chrome.ChromeDriver
Command: [3af4ee09ac8b6fe70de47fcf7a7f19ef, findElement {value=//button[@type='submit'], using=xpath}]
Capabilities {acceptInsecureCerts: false, browserName: chrome, browserVersion: 143.0.7499.147, chrome: {chromedriverVersion: 143.0.7499.169 (164b20aab62..., userDataDir: C:\Users\hp\AppData\Local\T...}, fedcm:accounts: true, goog:chromeOptions: {debuggerAddress: localhost:64060}, goog:processID: 6528, networkConnectionEnabled: false, pageLoadStrategy: normal, platformName: windows, proxy: Proxy(), se:cdp: ws://localhost:64060/devtoo..., se:cdpVersion: 143.0.7499.147, setWindowRect: true, strictFileInteractability: false, timeouts: {implicit: 0, pageLoad: 300000, script: 30000}, unhandledPromptBehavior: dismiss and notify, webauthn:extension:credBlob: true, webauthn:extension:largeBlob: true, webauthn:extension:minPinLength: true, webauthn:extension:prf: true, webauthn:virtualAuthenticators: true}
Session ID: 3af4ee09ac8b6fe70de47fcf7a7f19ef
2025-12-22 16:27:03 WARN  BaseClass - failed to apply color on border of element :unable to describe element attribute type!!!
2025-12-22 16:27:15 ERROR BaseClass - unable to describe element attribute type!!!no such element: Unable to locate element: {"method":"xpath","selector":"//button[@type='submit']"}
  (Session info: chrome=143.0.7499.147)
For documentation on this error, please visit: https://www.selenium.dev/documentation/webdriver/troubleshooting/errors#nosuchelementexception
Build info: version: '4.39.0', revision: '126f156aee'
System info: os.name: 'Windows 10', os.arch: 'amd64', os.version: '10.0', java.version: '21.0.4'
Driver info: org.openqa.selenium.chrome.ChromeDriver
Command: [13e5e898355aa00606b6cb59bd4c18d0, findElement {value=//button[@type='submit'], using=xpath}]
Capabilities {acceptInsecureCerts: false, browserName: chrome, browserVersion: 143.0.7499.147, chrome: {chromedriverVersion: 143.0.7499.169 (164b20aab62..., userDataDir: C:\Users\hp\AppData\Local\T...}, fedcm:accounts: true, goog:chromeOptions: {debuggerAddress: localhost:64184}, goog:processID: 6680, networkConnectionEnabled: false, pageLoadStrategy: normal, platformName: windows, proxy: Proxy(), se:cdp: ws://localhost:64184/devtoo..., se:cdpVersion: 143.0.7499.147, setWindowRect: true, strictFileInteractability: false, timeouts: {implicit: 0, pageLoad: 300000, script: 30000}, unhandledPromptBehavior: dismiss and notify, webauthn:extension:credBlob: true, webauthn:extension:largeBlob: true, webauthn:extension:minPinLength: true, webauthn:extension:prf: true, webauthn:virtualAuthenticators: true}
Session ID: 13e5e898355aa00606b6cb59bd4c18d0
2025-12-22 16:27:15 WARN  BaseClass - failed to apply color on border of element :unable to describe element attribute type!!!
2025-12-22 16:27:34 INFO  BaseClass - config.properties file is loaded!!!
2025-12-22 16:27:34 ERROR BaseClass - element is not clickable!!!
2025-12-22 16:27:38 INFO  BaseClass - chromeDriver initialized!!!
2025-12-22 16:27:38 INFO  BaseClass - chromeDriver initialized!!!
2025-12-22 16:27:38 INFO  BaseClass - chromeDriver initialized!!!
2025-12-22 16:27:38 INFO  BaseClass - chromeDriver initialized!!!
2025-12-22 16:27:38 INFO  BaseClass - chromeDriver initialized!!!
2025-12-22 16:27:39 INFO  BaseClass - browser is launched and window is mazimized
2025-12-22 16:27:39 INFO  BaseClass - ActionDriver initialized!!!
2025-12-22 16:27:39 INFO  BaseClass - ActionDriver class instance is created!!!----->33
2025-12-22 16:27:40 INFO  BaseClass - browser is launched and window is mazimized
2025-12-22 16:27:40 INFO  BaseClass - ActionDriver initialized!!!
2025-12-22 16:27:40 INFO  BaseClass - ActionDriver class instance is created!!!----->32
2025-12-22 16:27:40 INFO  BaseClass - browser is launched and window is mazimized
2025-12-22 16:27:40 INFO  BaseClass - ActionDriver initialized!!!
2025-12-22 16:27:40 INFO  BaseClass - ActionDriver class instance is created!!!----->31
2025-12-22 16:27:40 INFO  BaseClass - browser is launched and window is mazimized
2025-12-22 16:27:40 INFO  BaseClass - ActionDriver initialized!!!
2025-12-22 16:27:40 INFO  BaseClass - ActionDriver class instance is created!!!----->30
2025-12-22 16:27:41 INFO  BaseClass - browser is launched and window is mazimized
2025-12-22 16:27:41 INFO  BaseClass - ActionDriver initialized!!!
2025-12-22 16:27:41 INFO  BaseClass - ActionDriver class instance is created!!!----->29
2025-12-22 16:27:42 INFO  BaseClass - applied green color on border of element element with Name attribute:username
2025-12-22 16:27:42 INFO  BaseClass - applied green color on border of element element with Name attribute:username
2025-12-22 16:27:42 INFO  BaseClass - applied green color on border of element element with Name attribute:username
2025-12-22 16:27:42 INFO  BaseClass - element with Name attribute:username is visible
2025-12-22 16:27:42 INFO  BaseClass - element with Name attribute:username is visible
2025-12-22 16:27:42 INFO  BaseClass - element with Name attribute:username is visible
2025-12-22 16:27:43 INFO  BaseClass - applied green color on border of element element with Name attribute:username
2025-12-22 16:27:43 INFO  BaseClass - applied green color on border of element element with Name attribute:username
2025-12-22 16:27:43 INFO  BaseClass - applied green color on border of element element with Name attribute:username
2025-12-22 16:27:43 INFO  BaseClass - Entered text :Admin in element with Name attribute:username
2025-12-22 16:27:43 INFO  BaseClass - Entered text :admin in element with Name attribute:username
2025-12-22 16:27:43 INFO  BaseClass - Entered text :admin in element with Name attribute:username
2025-12-22 16:27:43 INFO  BaseClass - applied green color on border of element element with Name attribute:password
2025-12-22 16:27:43 INFO  BaseClass - element with Name attribute:password is visible
2025-12-22 16:27:44 INFO  BaseClass - applied green color on border of element element with Name attribute:password
2025-12-22 16:27:44 INFO  BaseClass - applied green color on border of element element with Name attribute:password
2025-12-22 16:27:44 INFO  BaseClass - element with Name attribute:password is visible
2025-12-22 16:27:44 INFO  BaseClass - element with Name attribute:password is visible
2025-12-22 16:27:44 INFO  BaseClass - applied green color on border of element element with Name attribute:password
2025-12-22 16:27:44 INFO  BaseClass - applied green color on border of element element with Name attribute:password
2025-12-22 16:27:44 INFO  BaseClass - applied green color on border of element element with Name attribute:password
2025-12-22 16:27:44 INFO  BaseClass - Entered text :xxxxx in element with Name attribute:password
2025-12-22 16:27:44 INFO  BaseClass - Entered text :Manish@880 in element with Name attribute:password
2025-12-22 16:27:44 INFO  BaseClass - Entered text :Manish@880 in element with Name attribute:password
2025-12-22 16:27:44 ERROR BaseClass - unable to click element
2025-12-22 16:27:44 INFO  BaseClass - applied green color on border of element element with class attribute:oxd-button oxd-button--medium oxd-button--main orangehrm-login-button
2025-12-22 16:27:45 INFO  BaseClass - applied green color on border of element element with class attribute:oxd-button oxd-button--medium oxd-button--main orangehrm-login-button
2025-12-22 16:27:45 INFO  BaseClass - applied green color on border of element element with class attribute:oxd-button oxd-button--medium oxd-button--main orangehrm-login-button
2025-12-22 16:27:45 INFO  BaseClass - applied green color on border of element element with class attribute:oxd-button oxd-button--medium oxd-button--main orangehrm-login-button
2025-12-22 16:27:45 INFO  BaseClass - located element by element with class attribute:oxd-button oxd-button--medium oxd-button--main orangehrm-login-button is clickable
2025-12-22 16:27:45 INFO  BaseClass - applied green color on border of element element with class attribute:oxd-button oxd-button--medium oxd-button--main orangehrm-login-button
2025-12-22 16:27:45 INFO  BaseClass - applied green color on border of element element with class attribute:oxd-button oxd-button--medium oxd-button--main orangehrm-login-button
2025-12-22 16:27:45 INFO  BaseClass - located element by element with class attribute:oxd-button oxd-button--medium oxd-button--main orangehrm-login-button is clickable
2025-12-22 16:27:45 INFO  BaseClass - located element by element with class attribute:oxd-button oxd-button--medium oxd-button--main orangehrm-login-button is clickable
2025-12-22 16:27:45 INFO  BaseClass - clicked on :element with class attribute:oxd-button oxd-button--medium oxd-button--main orangehrm-login-button
2025-12-22 16:27:45 INFO  BaseClass - clicked on :element with class attribute:oxd-button oxd-button--medium oxd-button--main orangehrm-login-button
2025-12-22 16:27:46 ERROR BaseClass - element is not clickable!!!
2025-12-22 16:27:47 INFO  BaseClass - clicked on :element with class attribute:oxd-button oxd-button--medium oxd-button--main orangehrm-login-button
2025-12-22 16:27:47 INFO  BaseClass - applied green color on border of element element with class attribute:oxd-text oxd-text--p oxd-alert-content-text
2025-12-22 16:27:47 INFO  BaseClass - element with class attribute:oxd-text oxd-text--p oxd-alert-content-text is visible
2025-12-22 16:27:48 ERROR BaseClass - unable to describe element attribute type!!!no such element: Unable to locate element: {"method":"xpath","selector":"//label[.='Employee Name']/parent::div/following-sibling::div//input"}
  (Session info: chrome=143.0.7499.147)
For documentation on this error, please visit: https://www.selenium.dev/documentation/webdriver/troubleshooting/errors#nosuchelementexception
Build info: version: '4.39.0', revision: '126f156aee'
System info: os.name: 'Windows 10', os.arch: 'amd64', os.version: '10.0', java.version: '21.0.4'
Driver info: org.openqa.selenium.chrome.ChromeDriver
Command: [b5c5f3f092846debd7e953cb5d9b4e5c, findElement {using=xpath, value=//label[.='Employee Name']/parent::div/following-sibling::div//input}]
Capabilities {acceptInsecureCerts: false, browserName: chrome, browserVersion: 143.0.7499.147, chrome: {chromedriverVersion: 143.0.7499.169 (164b20aab62..., userDataDir: C:\Users\hp\AppData\Local\T...}, fedcm:accounts: true, goog:chromeOptions: {debuggerAddress: localhost:64625}, goog:processID: 20340, networkConnectionEnabled: false, pageLoadStrategy: normal, platformName: windows, proxy: Proxy(), se:cdp: ws://localhost:64625/devtoo..., se:cdpVersion: 143.0.7499.147, setWindowRect: true, strictFileInteractability: false, timeouts: {implicit: 0, pageLoad: 300000, script: 30000}, unhandledPromptBehavior: dismiss and notify, webauthn:extension:credBlob: true, webauthn:extension:largeBlob: true, webauthn:extension:minPinLength: true, webauthn:extension:prf: true, webauthn:virtualAuthenticators: true}
Session ID: b5c5f3f092846debd7e953cb5d9b4e5c
2025-12-22 16:27:48 WARN  BaseClass - failed to apply color on border of element :unable to describe element attribute type!!!
2025-12-22 16:27:48 INFO  BaseClass - applied green color on border of element element with class attribute:oxd-text oxd-text--p oxd-alert-content-text
2025-12-22 16:27:48 INFO  BaseClass - Text are equals :Invalid credentialsequals to Invalid credentials
2025-12-22 16:27:52 INFO  BaseClass - webdriver & ActionDriver classes instance terminated!!!
2025-12-22 16:27:52 INFO  BaseClass - webdriver & ActionDriver classes instance terminated!!!
2025-12-22 16:27:54 INFO  BaseClass - chromeDriver initialized!!!
2025-12-22 16:27:54 INFO  BaseClass - unable to scroll to the element!!!
2025-12-22 16:27:55 INFO  BaseClass - browser is launched and window is mazimized
2025-12-22 16:27:55 INFO  BaseClass - ActionDriver initialized!!!
2025-12-22 16:27:55 INFO  BaseClass - ActionDriver class instance is created!!!----->30
2025-12-22 16:27:55 INFO  BaseClass - starting verifyEmployeeFromDB()
2025-12-22 16:27:55 INFO  BaseClass - DB connection successfull
2025-12-22 16:27:55 INFO  BaseClass - Executing query :SELECT employee_id,emp_firstname,emp_middle_name,emp_lastname FROM hs_hr_employee WHERE employee_id=0002
2025-12-22 16:27:55 INFO  BaseClass - query executed successfully
2025-12-22 16:27:55 INFO  BaseClass - able to store data from DB
2025-12-22 16:27:56 INFO  BaseClass - applied green color on border of element element with Name attribute:username
2025-12-22 16:27:56 INFO  BaseClass - element with Name attribute:username is visible
2025-12-22 16:27:56 ERROR BaseClass - unable to click element
2025-12-22 16:27:56 INFO  BaseClass - applied green color on border of element element with Name attribute:username
2025-12-22 16:27:56 INFO  BaseClass - Entered text :admin in element with Name attribute:username
2025-12-22 16:27:57 INFO  BaseClass - applied green color on border of element element with Name attribute:password
2025-12-22 16:27:57 INFO  BaseClass - element with Name attribute:password is visible
2025-12-22 16:27:57 INFO  BaseClass - applied green color on border of element element with Name attribute:password
2025-12-22 16:27:57 INFO  BaseClass - webdriver & ActionDriver classes instance terminated!!!
2025-12-22 16:27:57 INFO  BaseClass - Entered text :Manish@880 in element with Name attribute:password
2025-12-22 16:27:57 INFO  BaseClass - applied green color on border of element element with class attribute:oxd-button oxd-button--medium oxd-button--main orangehrm-login-button
2025-12-22 16:27:58 INFO  BaseClass - applied green color on border of element element with class attribute:oxd-button oxd-button--medium oxd-button--main orangehrm-login-button
2025-12-22 16:27:58 INFO  BaseClass - located element by element with class attribute:oxd-button oxd-button--medium oxd-button--main orangehrm-login-button is clickable
2025-12-22 16:27:58 INFO  BaseClass - chromeDriver initialized!!!
2025-12-22 16:27:58 INFO  BaseClass - clicked on :element with class attribute:oxd-button oxd-button--medium oxd-button--main orangehrm-login-button
2025-12-22 16:27:58 ERROR BaseClass - unable to enter text
2025-12-22 16:27:59 INFO  BaseClass - browser is launched and window is mazimized
2025-12-22 16:27:59 INFO  BaseClass - ActionDriver initialized!!!
2025-12-22 16:27:59 INFO  BaseClass - ActionDriver class instance is created!!!----->32
2025-12-22 16:27:59 INFO  BaseClass - applied green color on border of element element with Name attribute:username
2025-12-22 16:28:00 INFO  BaseClass - element with Name attribute:username is visible
2025-12-22 16:28:00 INFO  BaseClass - applied green color on border of element element with Name attribute:username
2025-12-22 16:28:00 INFO  BaseClass - Entered text :admin in element with Name attribute:username
2025-12-22 16:28:00 INFO  BaseClass - applied green color on border of element element with Name attribute:password
2025-12-22 16:28:01 INFO  BaseClass - element with Name attribute:password is visible
2025-12-22 16:28:01 INFO  BaseClass - applied green color on border of element element with class attribute:oxd-text oxd-text--span oxd-main-menu-item--name
2025-12-22 16:28:01 INFO  BaseClass - applied green color on border of element element with Name attribute:password
2025-12-22 16:28:01 INFO  BaseClass - Entered text :Manish@880 in element with Name attribute:password
2025-12-22 16:28:01 INFO  BaseClass - applied green color on border of element element with class attribute:oxd-button oxd-button--medium oxd-button--main orangehrm-login-button
2025-12-22 16:28:02 INFO  BaseClass - applied green color on border of element element with class attribute:oxd-button oxd-button--medium oxd-button--main orangehrm-login-button
2025-12-22 16:28:02 INFO  BaseClass - located element by element with class attribute:oxd-button oxd-button--medium oxd-button--main orangehrm-login-button is clickable
2025-12-22 16:28:03 INFO  BaseClass - clicked on :element with class attribute:oxd-button oxd-button--medium oxd-button--main orangehrm-login-button
2025-12-22 16:28:06 INFO  BaseClass - unable to scroll to the element!!!
2025-12-22 16:28:06 INFO  BaseClass - DB connection successfull
2025-12-22 16:28:06 INFO  BaseClass - Executing query :SELECT employee_id,emp_firstname,emp_middle_name,emp_lastname FROM hs_hr_employee WHERE employee_id=0002
2025-12-22 16:28:06 INFO  BaseClass - query executed successfully
2025-12-22 16:28:06 INFO  BaseClass - able to store data from DB
2025-12-22 16:28:08 ERROR BaseClass - unable to describe element attribute type!!!no such element: Unable to locate element: {"method":"xpath","selector":"//button[@type='submit']"}
  (Session info: chrome=143.0.7499.147)
For documentation on this error, please visit: https://www.selenium.dev/documentation/webdriver/troubleshooting/errors#nosuchelementexception
Build info: version: '4.39.0', revision: '126f156aee'
System info: os.name: 'Windows 10', os.arch: 'amd64', os.version: '10.0', java.version: '21.0.4'
Driver info: org.openqa.selenium.chrome.ChromeDriver
Command: [b5c5f3f092846debd7e953cb5d9b4e5c, findElement {using=xpath, value=//button[@type='submit']}]
Capabilities {acceptInsecureCerts: false, browserName: chrome, browserVersion: 143.0.7499.147, chrome: {chromedriverVersion: 143.0.7499.169 (164b20aab62..., userDataDir: C:\Users\hp\AppData\Local\T...}, fedcm:accounts: true, goog:chromeOptions: {debuggerAddress: localhost:64625}, goog:processID: 20340, networkConnectionEnabled: false, pageLoadStrategy: normal, platformName: windows, proxy: Proxy(), se:cdp: ws://localhost:64625/devtoo..., se:cdpVersion: 143.0.7499.147, setWindowRect: true, strictFileInteractability: false, timeouts: {implicit: 0, pageLoad: 300000, script: 30000}, unhandledPromptBehavior: dismiss and notify, webauthn:extension:credBlob: true, webauthn:extension:largeBlob: true, webauthn:extension:minPinLength: true, webauthn:extension:prf: true, webauthn:virtualAuthenticators: true}
Session ID: b5c5f3f092846debd7e953cb5d9b4e5c
2025-12-22 16:28:16 INFO  BaseClass - applied green color on border of element unable to describe element attribute type!!!
2025-12-22 16:28:16 INFO  BaseClass - applied green color on border of element element with class attribute:oxd-text oxd-text--span oxd-main-menu-item--name
2025-12-22 16:28:16 INFO  BaseClass - element is displayed :unable to describe element attribute type!!!
2025-12-22 16:28:16 INFO  BaseClass - element is displayed :element with class attribute:oxd-text oxd-text--span oxd-main-menu-item--name
2025-12-22 16:28:18 INFO  BaseClass - webdriver & ActionDriver classes instance terminated!!!
2025-12-22 16:28:18 INFO  BaseClass - webdriver & ActionDriver classes instance terminated!!!
2025-12-22 16:28:20 INFO  BaseClass - chromeDriver initialized!!!
2025-12-22 16:28:20 INFO  BaseClass - chromeDriver initialized!!!
2025-12-22 16:28:20 INFO  BaseClass - browser is launched and window is mazimized
2025-12-22 16:28:20 INFO  BaseClass - ActionDriver initialized!!!
2025-12-22 16:28:20 INFO  BaseClass - ActionDriver class instance is created!!!----->31
2025-12-22 16:28:21 INFO  BaseClass - browser is launched and window is mazimized
2025-12-22 16:28:21 INFO  BaseClass - ActionDriver initialized!!!
2025-12-22 16:28:21 INFO  BaseClass - ActionDriver class instance is created!!!----->33
2025-12-22 16:28:21 INFO  BaseClass - applied green color on border of element element with Name attribute:username
2025-12-22 16:28:21 INFO  BaseClass - applied green color on border of element element with Name attribute:username
2025-12-22 16:28:21 INFO  BaseClass - element with Name attribute:username is visible
2025-12-22 16:28:21 INFO  BaseClass - element with Name attribute:username is visible
2025-12-22 16:28:21 INFO  BaseClass - applied green color on border of element element with Name attribute:username
2025-12-22 16:28:22 INFO  BaseClass - applied green color on border of element element with Name attribute:username
2025-12-22 16:28:22 INFO  BaseClass - Entered text :admin in element with Name attribute:username
2025-12-22 16:28:22 INFO  BaseClass - Entered text :admin in element with Name attribute:username
2025-12-22 16:28:22 INFO  BaseClass - applied green color on border of element element with Name attribute:password
2025-12-22 16:28:22 INFO  BaseClass - applied green color on border of element element with Name attribute:password
2025-12-22 16:28:22 INFO  BaseClass - element with Name attribute:password is visible
2025-12-22 16:28:22 INFO  BaseClass - element with Name attribute:password is visible
2025-12-22 16:28:22 INFO  BaseClass - applied green color on border of element element with Name attribute:password
2025-12-22 16:28:22 INFO  BaseClass - applied green color on border of element element with Name attribute:password
2025-12-22 16:28:22 INFO  BaseClass - Entered text :Manish@880 in element with Name attribute:password
2025-12-22 16:28:22 INFO  BaseClass - Entered text :Manish@880 in element with Name attribute:password
2025-12-22 16:28:22 INFO  BaseClass - applied green color on border of element element with class attribute:oxd-button oxd-button--medium oxd-button--main orangehrm-login-button
2025-12-22 16:28:22 INFO  BaseClass - applied green color on border of element element with class attribute:oxd-button oxd-button--medium oxd-button--main orangehrm-login-button
2025-12-22 16:28:23 INFO  BaseClass - applied green color on border of element element with class attribute:oxd-button oxd-button--medium oxd-button--main orangehrm-login-button
2025-12-22 16:28:23 INFO  BaseClass - applied green color on border of element element with class attribute:oxd-button oxd-button--medium oxd-button--main orangehrm-login-button
2025-12-22 16:28:23 INFO  BaseClass - located element by element with class attribute:oxd-button oxd-button--medium oxd-button--main orangehrm-login-button is clickable
2025-12-22 16:28:23 INFO  BaseClass - located element by element with class attribute:oxd-button oxd-button--medium oxd-button--main orangehrm-login-button is clickable
2025-12-22 16:28:24 INFO  BaseClass - clicked on :element with class attribute:oxd-button oxd-button--medium oxd-button--main orangehrm-login-button
2025-12-22 16:28:24 INFO  BaseClass - clicked on :element with class attribute:oxd-button oxd-button--medium oxd-button--main orangehrm-login-button
2025-12-22 16:28:28 ERROR BaseClass - unable to describe element attribute type!!!no such element: Unable to locate element: {"method":"xpath","selector":"//button[@type='submit']"}
  (Session info: chrome=143.0.7499.147)
For documentation on this error, please visit: https://www.selenium.dev/documentation/webdriver/troubleshooting/errors#nosuchelementexception
Build info: version: '4.39.0', revision: '126f156aee'
System info: os.name: 'Windows 10', os.arch: 'amd64', os.version: '10.0', java.version: '21.0.4'
Driver info: org.openqa.selenium.chrome.ChromeDriver
Command: [b5c5f3f092846debd7e953cb5d9b4e5c, findElement {using=xpath, value=//button[@type='submit']}]
Capabilities {acceptInsecureCerts: false, browserName: chrome, browserVersion: 143.0.7499.147, chrome: {chromedriverVersion: 143.0.7499.169 (164b20aab62..., userDataDir: C:\Users\hp\AppData\Local\T...}, fedcm:accounts: true, goog:chromeOptions: {debuggerAddress: localhost:64625}, goog:processID: 20340, networkConnectionEnabled: false, pageLoadStrategy: normal, platformName: windows, proxy: Proxy(), se:cdp: ws://localhost:64625/devtoo..., se:cdpVersion: 143.0.7499.147, setWindowRect: true, strictFileInteractability: false, timeouts: {implicit: 0, pageLoad: 300000, script: 30000}, unhandledPromptBehavior: dismiss and notify, webauthn:extension:credBlob: true, webauthn:extension:largeBlob: true, webauthn:extension:minPinLength: true, webauthn:extension:prf: true, webauthn:virtualAuthenticators: true}
Session ID: b5c5f3f092846debd7e953cb5d9b4e5c
2025-12-22 16:28:28 WARN  BaseClass - failed to apply color on border of element :unable to describe element attribute type!!!
2025-12-22 16:28:31 ERROR BaseClass - element is not clickable!!!
2025-12-22 16:28:34 INFO  BaseClass - applied green color on border of element element with class attribute:oxd-text oxd-text--span oxd-main-menu-item--name
2025-12-22 16:28:34 INFO  BaseClass - element is displayed :element with class attribute:oxd-text oxd-text--span oxd-main-menu-item--name
2025-12-22 16:28:36 INFO  BaseClass - webdriver & ActionDriver classes instance terminated!!!
2025-12-22 16:28:37 ERROR BaseClass - unable to compare texts
2025-12-22 16:28:37 INFO  BaseClass - chromeDriver initialized!!!
2025-12-22 16:28:38 INFO  BaseClass - browser is launched and window is mazimized
2025-12-22 16:28:38 INFO  BaseClass - ActionDriver initialized!!!
2025-12-22 16:28:38 INFO  BaseClass - ActionDriver class instance is created!!!----->32
2025-12-22 16:28:39 INFO  BaseClass - applied green color on border of element element with Name attribute:username
2025-12-22 16:28:39 INFO  BaseClass - element with Name attribute:username is visible
2025-12-22 16:28:39 INFO  BaseClass - applied green color on border of element element with Name attribute:username
2025-12-22 16:28:39 INFO  BaseClass - Entered text :admin in element with Name attribute:username
2025-12-22 16:28:39 INFO  BaseClass - applied green color on border of element element with Name attribute:password
2025-12-22 16:28:40 INFO  BaseClass - element with Name attribute:password is visible
2025-12-22 16:28:40 INFO  BaseClass - applied green color on border of element element with Name attribute:password
2025-12-22 16:28:40 INFO  BaseClass - Entered text :Manish@880 in element with Name attribute:password
2025-12-22 16:28:40 INFO  BaseClass - applied green color on border of element element with class attribute:oxd-button oxd-button--medium oxd-button--main orangehrm-login-button
2025-12-22 16:28:40 INFO  BaseClass - applied green color on border of element element with class attribute:oxd-button oxd-button--medium oxd-button--main orangehrm-login-button
2025-12-22 16:28:40 INFO  BaseClass - located element by element with class attribute:oxd-button oxd-button--medium oxd-button--main orangehrm-login-button is clickable
2025-12-22 16:28:41 ERROR BaseClass - unable to click element
2025-12-22 16:28:41 INFO  BaseClass - clicked on PIM Tab
2025-12-22 16:28:41 INFO  BaseClass - clicked on :element with class attribute:oxd-button oxd-button--medium oxd-button--main orangehrm-login-button
2025-12-22 16:28:47 ERROR BaseClass - unable to compare texts
2025-12-22 16:28:55 INFO  BaseClass - applied green color on border of element element with class attribute:oxd-text oxd-text--span oxd-main-menu-item--name
2025-12-22 16:28:55 INFO  BaseClass - applied green color on border of element unable to describe element attribute type!!!
2025-12-22 16:28:55 INFO  BaseClass - element is displayed :element with class attribute:oxd-text oxd-text--span oxd-main-menu-item--name
2025-12-22 16:28:55 INFO  BaseClass - element is displayed :unable to describe element attribute type!!!
2025-12-22 16:28:57 INFO  BaseClass - webdriver & ActionDriver classes instance terminated!!!
2025-12-22 16:28:57 INFO  BaseClass - webdriver & ActionDriver classes instance terminated!!!
2025-12-22 16:28:58 INFO  BaseClass - chromeDriver initialized!!!
2025-12-22 16:28:58 INFO  BaseClass - chromeDriver initialized!!!
2025-12-22 16:28:59 INFO  BaseClass - browser is launched and window is mazimized
2025-12-22 16:28:59 INFO  BaseClass - ActionDriver initialized!!!
2025-12-22 16:28:59 INFO  BaseClass - ActionDriver class instance is created!!!----->33
2025-12-22 16:28:59 INFO  BaseClass - browser is launched and window is mazimized
2025-12-22 16:28:59 INFO  BaseClass - ActionDriver initialized!!!
2025-12-22 16:28:59 INFO  BaseClass - ActionDriver class instance is created!!!----->31
2025-12-22 16:29:00 ERROR BaseClass - element is not clickable!!!
2025-12-22 16:29:00 INFO  BaseClass - applied green color on border of element element with Name attribute:username
2025-12-22 16:29:00 INFO  BaseClass - applied green color on border of element element with Name attribute:username
2025-12-22 16:29:00 INFO  BaseClass - element with Name attribute:username is visible
2025-12-22 16:29:00 INFO  BaseClass - element with Name attribute:username is visible
2025-12-22 16:29:00 INFO  BaseClass - applied green color on border of element element with Name attribute:username
2025-12-22 16:29:00 INFO  BaseClass - applied green color on border of element element with Name attribute:username
2025-12-22 16:29:00 INFO  BaseClass - Entered text :admin in element with Name attribute:username
2025-12-22 16:29:00 INFO  BaseClass - Entered text :admin in element with Name attribute:username
2025-12-22 16:29:00 INFO  BaseClass - applied green color on border of element element with Name attribute:password
2025-12-22 16:29:00 INFO  BaseClass - applied green color on border of element element with Name attribute:password
2025-12-22 16:29:00 INFO  BaseClass - element with Name attribute:password is visible
2025-12-22 16:29:01 INFO  BaseClass - element with Name attribute:password is visible
2025-12-22 16:29:01 INFO  BaseClass - applied green color on border of element element with Name attribute:password
2025-12-22 16:29:01 INFO  BaseClass - applied green color on border of element element with Name attribute:password
2025-12-22 16:29:01 INFO  BaseClass - Entered text :Manish@880 in element with Name attribute:password
2025-12-22 16:29:01 INFO  BaseClass - Entered text :Manish@880 in element with Name attribute:password
2025-12-22 16:29:01 INFO  BaseClass - applied green color on border of element element with class attribute:oxd-button oxd-button--medium oxd-button--main orangehrm-login-button
2025-12-22 16:29:01 INFO  BaseClass - applied green color on border of element element with class attribute:oxd-button oxd-button--medium oxd-button--main orangehrm-login-button
2025-12-22 16:29:01 INFO  BaseClass - applied green color on border of element element with class attribute:oxd-button oxd-button--medium oxd-button--main orangehrm-login-button
2025-12-22 16:29:01 INFO  BaseClass - applied green color on border of element element with class attribute:oxd-button oxd-button--medium oxd-button--main orangehrm-login-button
2025-12-22 16:29:01 INFO  BaseClass - located element by element with class attribute:oxd-button oxd-button--medium oxd-button--main orangehrm-login-button is clickable
2025-12-22 16:29:01 INFO  BaseClass - located element by element with class attribute:oxd-button oxd-button--medium oxd-button--main orangehrm-login-button is clickable
2025-12-22 16:29:03 INFO  BaseClass - clicked on :element with class attribute:oxd-button oxd-button--medium oxd-button--main orangehrm-login-button
2025-12-22 16:29:03 INFO  BaseClass - clicked on :element with class attribute:oxd-button oxd-button--medium oxd-button--main orangehrm-login-button
2025-12-22 16:29:10 ERROR BaseClass - unable to click element
2025-12-22 16:29:12 INFO  BaseClass - applied green color on border of element element with class attribute:oxd-text oxd-text--span oxd-main-menu-item--name
2025-12-22 16:29:12 INFO  BaseClass - element is displayed :element with class attribute:oxd-text oxd-text--span oxd-main-menu-item--name
2025-12-22 16:29:14 INFO  BaseClass - webdriver & ActionDriver classes instance terminated!!!
2025-12-22 16:29:15 INFO  BaseClass - chromeDriver initialized!!!
2025-12-22 16:29:16 INFO  BaseClass - browser is launched and window is mazimized
2025-12-22 16:29:16 INFO  BaseClass - ActionDriver initialized!!!
2025-12-22 16:29:16 INFO  BaseClass - ActionDriver class instance is created!!!----->32
2025-12-22 16:29:17 INFO  BaseClass - applied green color on border of element element with Name attribute:username
2025-12-22 16:29:17 INFO  BaseClass - element with Name attribute:username is visible
2025-12-22 16:29:17 INFO  BaseClass - applied green color on border of element element with Name attribute:username
2025-12-22 16:29:17 INFO  BaseClass - Entered text :admin in element with Name attribute:username
2025-12-22 16:29:17 INFO  BaseClass - applied green color on border of element element with Name attribute:password
2025-12-22 16:29:17 INFO  BaseClass - element with Name attribute:password is visible
2025-12-22 16:29:17 INFO  BaseClass - applied green color on border of element element with Name attribute:password
2025-12-22 16:29:18 INFO  BaseClass - Entered text :Manish@880 in element with Name attribute:password
2025-12-22 16:29:18 INFO  BaseClass - applied green color on border of element element with class attribute:oxd-button oxd-button--medium oxd-button--main orangehrm-login-button
2025-12-22 16:29:18 INFO  BaseClass - applied green color on border of element element with class attribute:oxd-button oxd-button--medium oxd-button--main orangehrm-login-button
2025-12-22 16:29:18 INFO  BaseClass - located element by element with class attribute:oxd-button oxd-button--medium oxd-button--main orangehrm-login-button is clickable
2025-12-22 16:29:18 INFO  BaseClass - clicked on :element with class attribute:oxd-button oxd-button--medium oxd-button--main orangehrm-login-button
2025-12-22 16:29:18 ERROR BaseClass - unable to compare texts
2025-12-22 16:29:20 INFO  BaseClass - unable to scroll to the element!!!
2025-12-22 16:29:20 INFO  BaseClass - DB connection successfull
2025-12-22 16:29:20 INFO  BaseClass - Executing query :SELECT employee_id,emp_firstname,emp_middle_name,emp_lastname FROM hs_hr_employee WHERE employee_id=0002
2025-12-22 16:29:20 INFO  BaseClass - query executed successfully
2025-12-22 16:29:20 INFO  BaseClass - able to store data from DB
2025-12-22 16:29:20 INFO  BaseClass - webdriver & ActionDriver classes instance terminated!!!
2025-12-22 16:29:21 INFO  BaseClass - chromeDriver initialized!!!
2025-12-22 16:29:22 INFO  BaseClass - browser is launched and window is mazimized
2025-12-22 16:29:22 INFO  BaseClass - ActionDriver initialized!!!
2025-12-22 16:29:22 INFO  BaseClass - ActionDriver class instance is created!!!----->29
2025-12-22 16:29:22 INFO  BaseClass - starting verifyEmployeeFromDB()
2025-12-22 16:29:23 INFO  BaseClass - applied green color on border of element element with Name attribute:username
2025-12-22 16:29:23 INFO  BaseClass - element with Name attribute:username is visible
2025-12-22 16:29:23 INFO  BaseClass - applied green color on border of element element with Name attribute:username
2025-12-22 16:29:23 INFO  BaseClass - Entered text :admin in element with Name attribute:username
2025-12-22 16:29:23 INFO  BaseClass - applied green color on border of element element with Name attribute:password
2025-12-22 16:29:23 INFO  BaseClass - element with Name attribute:password is visible
2025-12-22 16:29:23 INFO  BaseClass - applied green color on border of element element with Name attribute:password
2025-12-22 16:29:24 INFO  BaseClass - Entered text :Manish@880 in element with Name attribute:password
2025-12-22 16:29:24 INFO  BaseClass - applied green color on border of element element with class attribute:oxd-button oxd-button--medium oxd-button--main orangehrm-login-button
2025-12-22 16:29:24 INFO  BaseClass - applied green color on border of element element with class attribute:oxd-button oxd-button--medium oxd-button--main orangehrm-login-button
2025-12-22 16:29:24 INFO  BaseClass - located element by element with class attribute:oxd-button oxd-button--medium oxd-button--main orangehrm-login-button is clickable
2025-12-22 16:29:25 INFO  BaseClass - clicked on :element with class attribute:oxd-button oxd-button--medium oxd-button--main orangehrm-login-button
2025-12-22 16:29:26 INFO  BaseClass - applied green color on border of element element with class attribute:oxd-text oxd-text--span oxd-main-menu-item--name
2025-12-22 16:29:29 ERROR BaseClass - unable to compare texts
2025-12-22 16:29:31 INFO  BaseClass - webdriver & ActionDriver classes instance terminated!!!
2025-12-22 16:29:32 ERROR BaseClass - unable to describe element attribute type!!!no such element: Unable to locate element: {"method":"xpath","selector":"//label[.='Employee Name']/parent::div/following-sibling::div//input"}
  (Session info: chrome=143.0.7499.147)
For documentation on this error, please visit: https://www.selenium.dev/documentation/webdriver/troubleshooting/errors#nosuchelementexception
Build info: version: '4.39.0', revision: '126f156aee'
System info: os.name: 'Windows 10', os.arch: 'amd64', os.version: '10.0', java.version: '21.0.4'
Driver info: org.openqa.selenium.chrome.ChromeDriver
Command: [248ca838e6870951ba2c08c25790e16f, findElement {value=//label[.='Employee Name']/parent::div/following-sibling::div//input, using=xpath}]
Capabilities {acceptInsecureCerts: false, browserName: chrome, browserVersion: 143.0.7499.147, chrome: {chromedriverVersion: 143.0.7499.169 (164b20aab62..., userDataDir: C:\Users\hp\AppData\Local\T...}, fedcm:accounts: true, goog:chromeOptions: {debuggerAddress: localhost:64940}, goog:processID: 15876, networkConnectionEnabled: false, pageLoadStrategy: normal, platformName: windows, proxy: Proxy(), se:cdp: ws://localhost:64940/devtoo..., se:cdpVersion: 143.0.7499.147, setWindowRect: true, strictFileInteractability: false, timeouts: {implicit: 0, pageLoad: 300000, script: 30000}, unhandledPromptBehavior: dismiss and notify, webauthn:extension:credBlob: true, webauthn:extension:largeBlob: true, webauthn:extension:minPinLength: true, webauthn:extension:prf: true, webauthn:virtualAuthenticators: true}
Session ID: 248ca838e6870951ba2c08c25790e16f
2025-12-22 16:29:32 WARN  BaseClass - failed to apply color on border of element :unable to describe element attribute type!!!
2025-12-22 16:29:32 INFO  BaseClass - chromeDriver initialized!!!
2025-12-22 16:29:33 INFO  BaseClass - browser is launched and window is mazimized
2025-12-22 16:29:33 INFO  BaseClass - ActionDriver initialized!!!
2025-12-22 16:29:33 INFO  BaseClass - ActionDriver class instance is created!!!----->30
2025-12-22 16:29:33 INFO  BaseClass - starting verifyEmployeeFromDB()
2025-12-22 16:29:33 INFO  BaseClass - applied green color on border of element unable to describe element attribute type!!!
2025-12-22 16:29:33 INFO  BaseClass - applied green color on border of element element with class attribute:oxd-text oxd-text--span oxd-main-menu-item--name
2025-12-22 16:29:33 INFO  BaseClass - element is displayed :unable to describe element attribute type!!!
2025-12-22 16:29:33 INFO  BaseClass - element is displayed :element with class attribute:oxd-text oxd-text--span oxd-main-menu-item--name
2025-12-22 16:29:34 INFO  BaseClass - applied green color on border of element element with Name attribute:username
2025-12-22 16:29:34 INFO  BaseClass - element with Name attribute:username is visible
2025-12-22 16:29:34 INFO  BaseClass - applied green color on border of element element with Name attribute:username
2025-12-22 16:29:34 INFO  BaseClass - Entered text :admin in element with Name attribute:username
2025-12-22 16:29:35 INFO  BaseClass - applied green color on border of element element with Name attribute:password
2025-12-22 16:29:35 INFO  BaseClass - element with Name attribute:password is visible
2025-12-22 16:29:35 INFO  BaseClass - applied green color on border of element element with Name attribute:password
2025-12-22 16:29:35 INFO  BaseClass - Entered text :Manish@880 in element with Name attribute:password
2025-12-22 16:29:35 INFO  BaseClass - applied green color on border of element element with class attribute:oxd-button oxd-button--medium oxd-button--main orangehrm-login-button
2025-12-22 16:29:36 INFO  BaseClass - applied green color on border of element element with class attribute:oxd-button oxd-button--medium oxd-button--main orangehrm-login-button
2025-12-22 16:29:36 INFO  BaseClass - located element by element with class attribute:oxd-button oxd-button--medium oxd-button--main orangehrm-login-button is clickable
2025-12-22 16:29:36 INFO  BaseClass - webdriver & ActionDriver classes instance terminated!!!
2025-12-22 16:29:36 INFO  BaseClass - clicked on :element with class attribute:oxd-button oxd-button--medium oxd-button--main orangehrm-login-button
2025-12-22 16:29:36 INFO  BaseClass - webdriver & ActionDriver classes instance terminated!!!
2025-12-22 16:29:38 INFO  BaseClass - applied green color on border of element element with class attribute:oxd-text oxd-text--span oxd-main-menu-item--name
2025-12-22 16:29:42 ERROR BaseClass - unable to enter text
2025-12-22 16:29:48 INFO  BaseClass - applied green color on border of element element with class attribute:oxd-text oxd-text--span oxd-main-menu-item--name
2025-12-22 16:29:49 INFO  BaseClass - element is displayed :element with class attribute:oxd-text oxd-text--span oxd-main-menu-item--name
2025-12-22 16:29:51 INFO  BaseClass - webdriver & ActionDriver classes instance terminated!!!
2025-12-22 16:29:52 ERROR BaseClass - unable to describe element attribute type!!!no such element: Unable to locate element: {"method":"xpath","selector":"//button[@type='submit']"}
  (Session info: chrome=143.0.7499.147)
For documentation on this error, please visit: https://www.selenium.dev/documentation/webdriver/troubleshooting/errors#nosuchelementexception
Build info: version: '4.39.0', revision: '126f156aee'
System info: os.name: 'Windows 10', os.arch: 'amd64', os.version: '10.0', java.version: '21.0.4'
Driver info: org.openqa.selenium.chrome.ChromeDriver
Command: [248ca838e6870951ba2c08c25790e16f, findElement {value=//button[@type='submit'], using=xpath}]
Capabilities {acceptInsecureCerts: false, browserName: chrome, browserVersion: 143.0.7499.147, chrome: {chromedriverVersion: 143.0.7499.169 (164b20aab62..., userDataDir: C:\Users\hp\AppData\Local\T...}, fedcm:accounts: true, goog:chromeOptions: {debuggerAddress: localhost:64940}, goog:processID: 15876, networkConnectionEnabled: false, pageLoadStrategy: normal, platformName: windows, proxy: Proxy(), se:cdp: ws://localhost:64940/devtoo..., se:cdpVersion: 143.0.7499.147, setWindowRect: true, strictFileInteractability: false, timeouts: {implicit: 0, pageLoad: 300000, script: 30000}, unhandledPromptBehavior: dismiss and notify, webauthn:extension:credBlob: true, webauthn:extension:largeBlob: true, webauthn:extension:minPinLength: true, webauthn:extension:prf: true, webauthn:virtualAuthenticators: true}
Session ID: 248ca838e6870951ba2c08c25790e16f
2025-12-22 16:29:56 ERROR BaseClass - element is not clickable!!!
2025-12-22 16:30:01 ERROR BaseClass - unable to compare texts
2025-12-22 16:30:06 ERROR BaseClass - unable to click element
2025-12-22 16:30:06 INFO  BaseClass - clicked on PIM Tab
2025-12-22 16:30:08 ERROR BaseClass - element is not clickable!!!
2025-12-22 16:30:12 ERROR BaseClass - unable to describe element attribute type!!!no such element: Unable to locate element: {"method":"xpath","selector":"//button[@type='submit']"}
  (Session info: chrome=143.0.7499.147)
For documentation on this error, please visit: https://www.selenium.dev/documentation/webdriver/troubleshooting/errors#nosuchelementexception
Build info: version: '4.39.0', revision: '126f156aee'
System info: os.name: 'Windows 10', os.arch: 'amd64', os.version: '10.0', java.version: '21.0.4'
Driver info: org.openqa.selenium.chrome.ChromeDriver
Command: [248ca838e6870951ba2c08c25790e16f, findElement {value=//button[@type='submit'], using=xpath}]
Capabilities {acceptInsecureCerts: false, browserName: chrome, browserVersion: 143.0.7499.147, chrome: {chromedriverVersion: 143.0.7499.169 (164b20aab62..., userDataDir: C:\Users\hp\AppData\Local\T...}, fedcm:accounts: true, goog:chromeOptions: {debuggerAddress: localhost:64940}, goog:processID: 15876, networkConnectionEnabled: false, pageLoadStrategy: normal, platformName: windows, proxy: Proxy(), se:cdp: ws://localhost:64940/devtoo..., se:cdpVersion: 143.0.7499.147, setWindowRect: true, strictFileInteractability: false, timeouts: {implicit: 0, pageLoad: 300000, script: 30000}, unhandledPromptBehavior: dismiss and notify, webauthn:extension:credBlob: true, webauthn:extension:largeBlob: true, webauthn:extension:minPinLength: true, webauthn:extension:prf: true, webauthn:virtualAuthenticators: true}
Session ID: 248ca838e6870951ba2c08c25790e16f
2025-12-22 16:30:12 WARN  BaseClass - failed to apply color on border of element :unable to describe element attribute type!!!
2025-12-22 16:30:18 ERROR BaseClass - unable to click element
2025-12-22 16:30:18 INFO  BaseClass - clicked on PIM Tab
2025-12-22 16:30:42 ERROR BaseClass - unable to compare texts
2025-12-22 16:30:43 ERROR BaseClass - element is not clickable!!!
2025-12-22 16:30:44 INFO  BaseClass - webdriver & ActionDriver classes instance terminated!!!
2025-12-22 16:30:53 ERROR BaseClass - unable to click element
2025-12-22 16:30:57 ERROR BaseClass - unable to describe element attribute type!!!no such element: Unable to locate element: {"method":"xpath","selector":"//label[.='Employee Name']/parent::div/following-sibling::div//input"}
  (Session info: chrome=143.0.7499.147)
For documentation on this error, please visit: https://www.selenium.dev/documentation/webdriver/troubleshooting/errors#nosuchelementexception
Build info: version: '4.39.0', revision: '126f156aee'
System info: os.name: 'Windows 10', os.arch: 'amd64', os.version: '10.0', java.version: '21.0.4'
Driver info: org.openqa.selenium.chrome.ChromeDriver
Command: [97a7a2f6757fb16ce64b4c0ff9e00350, findElement {value=//label[.='Employee Name']/parent::div/following-sibling::div//input, using=xpath}]
Capabilities {acceptInsecureCerts: false, browserName: chrome, browserVersion: 143.0.7499.147, chrome: {chromedriverVersion: 143.0.7499.169 (164b20aab62..., userDataDir: C:\Users\hp\AppData\Local\T...}, fedcm:accounts: true, goog:chromeOptions: {debuggerAddress: localhost:65423}, goog:processID: 9044, networkConnectionEnabled: false, pageLoadStrategy: normal, platformName: windows, proxy: Proxy(), se:cdp: ws://localhost:65423/devtoo..., se:cdpVersion: 143.0.7499.147, setWindowRect: true, strictFileInteractability: false, timeouts: {implicit: 0, pageLoad: 300000, script: 30000}, unhandledPromptBehavior: dismiss and notify, webauthn:extension:credBlob: true, webauthn:extension:largeBlob: true, webauthn:extension:minPinLength: true, webauthn:extension:prf: true, webauthn:virtualAuthenticators: true}
Session ID: 97a7a2f6757fb16ce64b4c0ff9e00350
2025-12-22 16:30:57 WARN  BaseClass - failed to apply color on border of element :unable to describe element attribute type!!!
2025-12-22 16:31:03 INFO  BaseClass - unable to scroll to the element!!!
2025-12-22 16:31:04 INFO  BaseClass - DB connection successfull
2025-12-22 16:31:04 INFO  BaseClass - Executing query :SELECT employee_id,emp_firstname,emp_middle_name,emp_lastname FROM hs_hr_employee WHERE employee_id=0002
2025-12-22 16:31:04 INFO  BaseClass - query executed successfully
2025-12-22 16:31:04 INFO  BaseClass - able to store data from DB
2025-12-22 16:31:07 ERROR BaseClass - unable to enter text
2025-12-22 16:31:09 ERROR BaseClass - unable to describe element attribute type!!!no such element: Unable to locate element: {"method":"xpath","selector":"//label[.='Employee Name']/parent::div/following-sibling::div//input"}
  (Session info: chrome=143.0.7499.147)
For documentation on this error, please visit: https://www.selenium.dev/documentation/webdriver/troubleshooting/errors#nosuchelementexception
Build info: version: '4.39.0', revision: '126f156aee'
System info: os.name: 'Windows 10', os.arch: 'amd64', os.version: '10.0', java.version: '21.0.4'
Driver info: org.openqa.selenium.chrome.ChromeDriver
Command: [37412a996699bd5bfec9c1dd6cf38564, findElement {value=//label[.='Employee Name']/parent::div/following-sibling::div//input, using=xpath}]
Capabilities {acceptInsecureCerts: false, browserName: chrome, browserVersion: 143.0.7499.147, chrome: {chromedriverVersion: 143.0.7499.169 (164b20aab62..., userDataDir: C:\Users\hp\AppData\Local\T...}, fedcm:accounts: true, goog:chromeOptions: {debuggerAddress: localhost:65487}, goog:processID: 21276, networkConnectionEnabled: false, pageLoadStrategy: normal, platformName: windows, proxy: Proxy(), se:cdp: ws://localhost:65487/devtoo..., se:cdpVersion: 143.0.7499.147, setWindowRect: true, strictFileInteractability: false, timeouts: {implicit: 0, pageLoad: 300000, script: 30000}, unhandledPromptBehavior: dismiss and notify, webauthn:extension:credBlob: true, webauthn:extension:largeBlob: true, webauthn:extension:minPinLength: true, webauthn:extension:prf: true, webauthn:virtualAuthenticators: true}
Session ID: 37412a996699bd5bfec9c1dd6cf38564
2025-12-22 16:31:09 WARN  BaseClass - failed to apply color on border of element :unable to describe element attribute type!!!
2025-12-22 16:31:17 ERROR BaseClass - unable to describe element attribute type!!!no such element: Unable to locate element: {"method":"xpath","selector":"//button[@type='submit']"}
  (Session info: chrome=143.0.7499.147)
For documentation on this error, please visit: https://www.selenium.dev/documentation/webdriver/troubleshooting/errors#nosuchelementexception
Build info: version: '4.39.0', revision: '126f156aee'
System info: os.name: 'Windows 10', os.arch: 'amd64', os.version: '10.0', java.version: '21.0.4'
Driver info: org.openqa.selenium.chrome.ChromeDriver
Command: [97a7a2f6757fb16ce64b4c0ff9e00350, findElement {value=//button[@type='submit'], using=xpath}]
Capabilities {acceptInsecureCerts: false, browserName: chrome, browserVersion: 143.0.7499.147, chrome: {chromedriverVersion: 143.0.7499.169 (164b20aab62..., userDataDir: C:\Users\hp\AppData\Local\T...}, fedcm:accounts: true, goog:chromeOptions: {debuggerAddress: localhost:65423}, goog:processID: 9044, networkConnectionEnabled: false, pageLoadStrategy: normal, platformName: windows, proxy: Proxy(), se:cdp: ws://localhost:65423/devtoo..., se:cdpVersion: 143.0.7499.147, setWindowRect: true, strictFileInteractability: false, timeouts: {implicit: 0, pageLoad: 300000, script: 30000}, unhandledPromptBehavior: dismiss and notify, webauthn:extension:credBlob: true, webauthn:extension:largeBlob: true, webauthn:extension:minPinLength: true, webauthn:extension:prf: true, webauthn:virtualAuthenticators: true}
Session ID: 97a7a2f6757fb16ce64b4c0ff9e00350
2025-12-22 16:31:19 ERROR BaseClass - unable to enter text
2025-12-22 16:31:29 ERROR BaseClass - unable to describe element attribute type!!!no such element: Unable to locate element: {"method":"xpath","selector":"//button[@type='submit']"}
  (Session info: chrome=143.0.7499.147)
For documentation on this error, please visit: https://www.selenium.dev/documentation/webdriver/troubleshooting/errors#nosuchelementexception
Build info: version: '4.39.0', revision: '126f156aee'
System info: os.name: 'Windows 10', os.arch: 'amd64', os.version: '10.0', java.version: '21.0.4'
Driver info: org.openqa.selenium.chrome.ChromeDriver
Command: [37412a996699bd5bfec9c1dd6cf38564, findElement {value=//button[@type='submit'], using=xpath}]
Capabilities {acceptInsecureCerts: false, browserName: chrome, browserVersion: 143.0.7499.147, chrome: {chromedriverVersion: 143.0.7499.169 (164b20aab62..., userDataDir: C:\Users\hp\AppData\Local\T...}, fedcm:accounts: true, goog:chromeOptions: {debuggerAddress: localhost:65487}, goog:processID: 21276, networkConnectionEnabled: false, pageLoadStrategy: normal, platformName: windows, proxy: Proxy(), se:cdp: ws://localhost:65487/devtoo..., se:cdpVersion: 143.0.7499.147, setWindowRect: true, strictFileInteractability: false, timeouts: {implicit: 0, pageLoad: 300000, script: 30000}, unhandledPromptBehavior: dismiss and notify, webauthn:extension:credBlob: true, webauthn:extension:largeBlob: true, webauthn:extension:minPinLength: true, webauthn:extension:prf: true, webauthn:virtualAuthenticators: true}
Session ID: 37412a996699bd5bfec9c1dd6cf38564
2025-12-22 16:31:38 ERROR BaseClass - unable to describe element attribute type!!!no such element: Unable to locate element: {"method":"xpath","selector":"//button[@type='submit']"}
  (Session info: chrome=143.0.7499.147)
For documentation on this error, please visit: https://www.selenium.dev/documentation/webdriver/troubleshooting/errors#nosuchelementexception
Build info: version: '4.39.0', revision: '126f156aee'
System info: os.name: 'Windows 10', os.arch: 'amd64', os.version: '10.0', java.version: '21.0.4'
Driver info: org.openqa.selenium.chrome.ChromeDriver
Command: [97a7a2f6757fb16ce64b4c0ff9e00350, findElement {value=//button[@type='submit'], using=xpath}]
Capabilities {acceptInsecureCerts: false, browserName: chrome, browserVersion: 143.0.7499.147, chrome: {chromedriverVersion: 143.0.7499.169 (164b20aab62..., userDataDir: C:\Users\hp\AppData\Local\T...}, fedcm:accounts: true, goog:chromeOptions: {debuggerAddress: localhost:65423}, goog:processID: 9044, networkConnectionEnabled: false, pageLoadStrategy: normal, platformName: windows, proxy: Proxy(), se:cdp: ws://localhost:65423/devtoo..., se:cdpVersion: 143.0.7499.147, setWindowRect: true, strictFileInteractability: false, timeouts: {implicit: 0, pageLoad: 300000, script: 30000}, unhandledPromptBehavior: dismiss and notify, webauthn:extension:credBlob: true, webauthn:extension:largeBlob: true, webauthn:extension:minPinLength: true, webauthn:extension:prf: true, webauthn:virtualAuthenticators: true}
Session ID: 97a7a2f6757fb16ce64b4c0ff9e00350
2025-12-22 16:31:38 WARN  BaseClass - failed to apply color on border of element :unable to describe element attribute type!!!
2025-12-22 16:31:45 ERROR BaseClass - unable to compare texts
2025-12-22 16:31:49 ERROR BaseClass - unable to describe element attribute type!!!no such element: Unable to locate element: {"method":"xpath","selector":"//button[@type='submit']"}
  (Session info: chrome=143.0.7499.147)
For documentation on this error, please visit: https://www.selenium.dev/documentation/webdriver/troubleshooting/errors#nosuchelementexception
Build info: version: '4.39.0', revision: '126f156aee'
System info: os.name: 'Windows 10', os.arch: 'amd64', os.version: '10.0', java.version: '21.0.4'
Driver info: org.openqa.selenium.chrome.ChromeDriver
Command: [37412a996699bd5bfec9c1dd6cf38564, findElement {value=//button[@type='submit'], using=xpath}]
Capabilities {acceptInsecureCerts: false, browserName: chrome, browserVersion: 143.0.7499.147, chrome: {chromedriverVersion: 143.0.7499.169 (164b20aab62..., userDataDir: C:\Users\hp\AppData\Local\T...}, fedcm:accounts: true, goog:chromeOptions: {debuggerAddress: localhost:65487}, goog:processID: 21276, networkConnectionEnabled: false, pageLoadStrategy: normal, platformName: windows, proxy: Proxy(), se:cdp: ws://localhost:65487/devtoo..., se:cdpVersion: 143.0.7499.147, setWindowRect: true, strictFileInteractability: false, timeouts: {implicit: 0, pageLoad: 300000, script: 30000}, unhandledPromptBehavior: dismiss and notify, webauthn:extension:credBlob: true, webauthn:extension:largeBlob: true, webauthn:extension:minPinLength: true, webauthn:extension:prf: true, webauthn:virtualAuthenticators: true}
Session ID: 37412a996699bd5bfec9c1dd6cf38564
2025-12-22 16:31:49 WARN  BaseClass - failed to apply color on border of element :unable to describe element attribute type!!!
2025-12-22 16:32:09 ERROR BaseClass - element is not clickable!!!
2025-12-22 16:32:19 ERROR BaseClass - unable to click element
2025-12-22 16:32:20 ERROR BaseClass - element is not clickable!!!
2025-12-22 16:32:26 ERROR BaseClass - unable to compare texts
2025-12-22 16:32:28 INFO  BaseClass - webdriver & ActionDriver classes instance terminated!!!
2025-12-22 16:32:29 INFO  BaseClass - unable to scroll to the element!!!
2025-12-22 16:32:29 INFO  BaseClass - DB connection successfull
2025-12-22 16:32:29 INFO  BaseClass - Executing query :SELECT employee_id,emp_firstname,emp_middle_name,emp_lastname FROM hs_hr_employee WHERE employee_id=0002
2025-12-22 16:32:29 INFO  BaseClass - query executed successfully
2025-12-22 16:32:29 INFO  BaseClass - able to store data from DB
2025-12-22 16:32:30 INFO  BaseClass - chromeDriver initialized!!!
2025-12-22 16:32:30 INFO  BaseClass - browser is launched and window is mazimized
2025-12-22 16:32:30 INFO  BaseClass - ActionDriver initialized!!!
2025-12-22 16:32:30 INFO  BaseClass - ActionDriver class instance is created!!!----->30
2025-12-22 16:32:30 INFO  BaseClass - starting verifyEmployeeFromDB()
2025-12-22 16:32:30 ERROR BaseClass - unable to click element
2025-12-22 16:32:31 INFO  BaseClass - applied green color on border of element element with Name attribute:username
2025-12-22 16:32:31 INFO  BaseClass - element with Name attribute:username is visible
2025-12-22 16:32:31 INFO  BaseClass - applied green color on border of element element with Name attribute:username
2025-12-22 16:32:31 INFO  BaseClass - Entered text :admin in element with Name attribute:username
2025-12-22 16:32:31 INFO  BaseClass - applied green color on border of element element with Name attribute:password
2025-12-22 16:32:31 INFO  BaseClass - element with Name attribute:password is visible
2025-12-22 16:32:31 INFO  BaseClass - applied green color on border of element element with Name attribute:password
2025-12-22 16:32:32 INFO  BaseClass - Entered text :Manish@880 in element with Name attribute:password
2025-12-22 16:32:32 INFO  BaseClass - applied green color on border of element element with class attribute:oxd-button oxd-button--medium oxd-button--main orangehrm-login-button
2025-12-22 16:32:32 INFO  BaseClass - applied green color on border of element element with class attribute:oxd-button oxd-button--medium oxd-button--main orangehrm-login-button
2025-12-22 16:32:32 INFO  BaseClass - located element by element with class attribute:oxd-button oxd-button--medium oxd-button--main orangehrm-login-button is clickable
2025-12-22 16:32:33 INFO  BaseClass - clicked on :element with class attribute:oxd-button oxd-button--medium oxd-button--main orangehrm-login-button
2025-12-22 16:32:34 INFO  BaseClass - applied green color on border of element element with class attribute:oxd-text oxd-text--span oxd-main-menu-item--name
2025-12-22 16:32:40 INFO  BaseClass - unable to scroll to the element!!!
2025-12-22 16:32:40 INFO  BaseClass - DB connection successfull
2025-12-22 16:32:40 INFO  BaseClass - Executing query :SELECT employee_id,emp_firstname,emp_middle_name,emp_lastname FROM hs_hr_employee WHERE employee_id=0002
2025-12-22 16:32:40 INFO  BaseClass - query executed successfully
2025-12-22 16:32:40 INFO  BaseClass - able to store data from DB
2025-12-22 16:33:04 ERROR BaseClass - element is not clickable!!!
2025-12-22 16:33:10 ERROR BaseClass - unable to compare texts
2025-12-22 16:33:14 ERROR BaseClass - unable to click element
2025-12-22 16:33:14 INFO  BaseClass - clicked on PIM Tab
2025-12-22 16:33:22 ERROR BaseClass - unable to compare texts
2025-12-22 16:33:51 ERROR BaseClass - unable to compare texts
2025-12-22 16:33:54 INFO  BaseClass - webdriver & ActionDriver classes instance terminated!!!
2025-12-22 16:33:55 INFO  BaseClass - chromeDriver initialized!!!
2025-12-22 16:33:55 INFO  BaseClass - browser is launched and window is mazimized
2025-12-22 16:33:55 INFO  BaseClass - ActionDriver initialized!!!
2025-12-22 16:33:55 INFO  BaseClass - ActionDriver class instance is created!!!----->29
2025-12-22 16:33:55 INFO  BaseClass - starting verifyEmployeeFromDB()
2025-12-22 16:33:56 INFO  BaseClass - applied green color on border of element element with Name attribute:username
2025-12-22 16:33:56 INFO  BaseClass - element with Name attribute:username is visible
2025-12-22 16:33:56 INFO  BaseClass - applied green color on border of element element with Name attribute:username
2025-12-22 16:33:56 INFO  BaseClass - Entered text :admin in element with Name attribute:username
2025-12-22 16:33:56 INFO  BaseClass - applied green color on border of element element with Name attribute:password
2025-12-22 16:33:56 INFO  BaseClass - element with Name attribute:password is visible
2025-12-22 16:33:56 INFO  BaseClass - applied green color on border of element element with Name attribute:password
2025-12-22 16:33:57 INFO  BaseClass - Entered text :Manish@880 in element with Name attribute:password
2025-12-22 16:33:57 INFO  BaseClass - applied green color on border of element element with class attribute:oxd-button oxd-button--medium oxd-button--main orangehrm-login-button
2025-12-22 16:33:57 INFO  BaseClass - applied green color on border of element element with class attribute:oxd-button oxd-button--medium oxd-button--main orangehrm-login-button
2025-12-22 16:33:57 INFO  BaseClass - located element by element with class attribute:oxd-button oxd-button--medium oxd-button--main orangehrm-login-button is clickable
2025-12-22 16:33:57 INFO  BaseClass - clicked on :element with class attribute:oxd-button oxd-button--medium oxd-button--main orangehrm-login-button
2025-12-22 16:33:59 INFO  BaseClass - applied green color on border of element element with class attribute:oxd-text oxd-text--span oxd-main-menu-item--name
2025-12-22 16:34:03 ERROR BaseClass - unable to compare texts
2025-12-22 16:34:05 INFO  BaseClass - webdriver & ActionDriver classes instance terminated!!!
2025-12-22 16:34:06 ERROR BaseClass - unable to describe element attribute type!!!no such element: Unable to locate element: {"method":"xpath","selector":"//label[.='Employee Name']/parent::div/following-sibling::div//input"}
  (Session info: chrome=143.0.7499.147)
For documentation on this error, please visit: https://www.selenium.dev/documentation/webdriver/troubleshooting/errors#nosuchelementexception
Build info: version: '4.39.0', revision: '126f156aee'
System info: os.name: 'Windows 10', os.arch: 'amd64', os.version: '10.0', java.version: '21.0.4'
Driver info: org.openqa.selenium.chrome.ChromeDriver
Command: [b4cc236586f39a2990717d13396154f2, findElement {value=//label[.='Employee Name']/parent::div/following-sibling::div//input, using=xpath}]
Capabilities {acceptInsecureCerts: false, browserName: chrome, browserVersion: 143.0.7499.147, chrome: {chromedriverVersion: 143.0.7499.169 (164b20aab62..., userDataDir: C:\Users\hp\AppData\Local\T...}, fedcm:accounts: true, goog:chromeOptions: {debuggerAddress: localhost:49222}, goog:processID: 10520, networkConnectionEnabled: false, pageLoadStrategy: normal, platformName: windows, proxy: Proxy(), se:cdp: ws://localhost:49222/devtoo..., se:cdpVersion: 143.0.7499.147, setWindowRect: true, strictFileInteractability: false, timeouts: {implicit: 0, pageLoad: 300000, script: 30000}, unhandledPromptBehavior: dismiss and notify, webauthn:extension:credBlob: true, webauthn:extension:largeBlob: true, webauthn:extension:minPinLength: true, webauthn:extension:prf: true, webauthn:virtualAuthenticators: true}
Session ID: b4cc236586f39a2990717d13396154f2
2025-12-22 16:34:06 WARN  BaseClass - failed to apply color on border of element :unable to describe element attribute type!!!
2025-12-22 16:34:16 ERROR BaseClass - unable to enter text
2025-12-22 16:34:26 ERROR BaseClass - unable to describe element attribute type!!!no such element: Unable to locate element: {"method":"xpath","selector":"//button[@type='submit']"}
  (Session info: chrome=143.0.7499.147)
For documentation on this error, please visit: https://www.selenium.dev/documentation/webdriver/troubleshooting/errors#nosuchelementexception
Build info: version: '4.39.0', revision: '126f156aee'
System info: os.name: 'Windows 10', os.arch: 'amd64', os.version: '10.0', java.version: '21.0.4'
Driver info: org.openqa.selenium.chrome.ChromeDriver
Command: [b4cc236586f39a2990717d13396154f2, findElement {value=//button[@type='submit'], using=xpath}]
Capabilities {acceptInsecureCerts: false, browserName: chrome, browserVersion: 143.0.7499.147, chrome: {chromedriverVersion: 143.0.7499.169 (164b20aab62..., userDataDir: C:\Users\hp\AppData\Local\T...}, fedcm:accounts: true, goog:chromeOptions: {debuggerAddress: localhost:49222}, goog:processID: 10520, networkConnectionEnabled: false, pageLoadStrategy: normal, platformName: windows, proxy: Proxy(), se:cdp: ws://localhost:49222/devtoo..., se:cdpVersion: 143.0.7499.147, setWindowRect: true, strictFileInteractability: false, timeouts: {implicit: 0, pageLoad: 300000, script: 30000}, unhandledPromptBehavior: dismiss and notify, webauthn:extension:credBlob: true, webauthn:extension:largeBlob: true, webauthn:extension:minPinLength: true, webauthn:extension:prf: true, webauthn:virtualAuthenticators: true}
Session ID: b4cc236586f39a2990717d13396154f2
2025-12-22 16:34:29 ERROR BaseClass - element is not clickable!!!
2025-12-22 16:34:39 ERROR BaseClass - unable to click element
2025-12-22 16:34:39 INFO  BaseClass - clicked on PIM Tab
2025-12-22 16:34:46 ERROR BaseClass - unable to describe element attribute type!!!no such element: Unable to locate element: {"method":"xpath","selector":"//button[@type='submit']"}
  (Session info: chrome=143.0.7499.147)
For documentation on this error, please visit: https://www.selenium.dev/documentation/webdriver/troubleshooting/errors#nosuchelementexception
Build info: version: '4.39.0', revision: '126f156aee'
System info: os.name: 'Windows 10', os.arch: 'amd64', os.version: '10.0', java.version: '21.0.4'
Driver info: org.openqa.selenium.chrome.ChromeDriver
Command: [b4cc236586f39a2990717d13396154f2, findElement {value=//button[@type='submit'], using=xpath}]
Capabilities {acceptInsecureCerts: false, browserName: chrome, browserVersion: 143.0.7499.147, chrome: {chromedriverVersion: 143.0.7499.169 (164b20aab62..., userDataDir: C:\Users\hp\AppData\Local\T...}, fedcm:accounts: true, goog:chromeOptions: {debuggerAddress: localhost:49222}, goog:processID: 10520, networkConnectionEnabled: false, pageLoadStrategy: normal, platformName: windows, proxy: Proxy(), se:cdp: ws://localhost:49222/devtoo..., se:cdpVersion: 143.0.7499.147, setWindowRect: true, strictFileInteractability: false, timeouts: {implicit: 0, pageLoad: 300000, script: 30000}, unhandledPromptBehavior: dismiss and notify, webauthn:extension:credBlob: true, webauthn:extension:largeBlob: true, webauthn:extension:minPinLength: true, webauthn:extension:prf: true, webauthn:virtualAuthenticators: true}
Session ID: b4cc236586f39a2990717d13396154f2
2025-12-22 16:34:46 WARN  BaseClass - failed to apply color on border of element :unable to describe element attribute type!!!
2025-12-22 16:35:17 ERROR BaseClass - element is not clickable!!!
2025-12-22 16:35:27 ERROR BaseClass - unable to click element
2025-12-22 16:35:31 ERROR BaseClass - unable to describe element attribute type!!!no such element: Unable to locate element: {"method":"xpath","selector":"//label[.='Employee Name']/parent::div/following-sibling::div//input"}
  (Session info: chrome=143.0.7499.147)
For documentation on this error, please visit: https://www.selenium.dev/documentation/webdriver/troubleshooting/errors#nosuchelementexception
Build info: version: '4.39.0', revision: '126f156aee'
System info: os.name: 'Windows 10', os.arch: 'amd64', os.version: '10.0', java.version: '21.0.4'
Driver info: org.openqa.selenium.chrome.ChromeDriver
Command: [b852fd8ffb61b6dc184b20022765830b, findElement {value=//label[.='Employee Name']/parent::div/following-sibling::div//input, using=xpath}]
Capabilities {acceptInsecureCerts: false, browserName: chrome, browserVersion: 143.0.7499.147, chrome: {chromedriverVersion: 143.0.7499.169 (164b20aab62..., userDataDir: C:\Users\hp\AppData\Local\T...}, fedcm:accounts: true, goog:chromeOptions: {debuggerAddress: localhost:49298}, goog:processID: 19076, networkConnectionEnabled: false, pageLoadStrategy: normal, platformName: windows, proxy: Proxy(), se:cdp: ws://localhost:49298/devtoo..., se:cdpVersion: 143.0.7499.147, setWindowRect: true, strictFileInteractability: false, timeouts: {implicit: 0, pageLoad: 300000, script: 30000}, unhandledPromptBehavior: dismiss and notify, webauthn:extension:credBlob: true, webauthn:extension:largeBlob: true, webauthn:extension:minPinLength: true, webauthn:extension:prf: true, webauthn:virtualAuthenticators: true}
Session ID: b852fd8ffb61b6dc184b20022765830b
2025-12-22 16:35:31 WARN  BaseClass - failed to apply color on border of element :unable to describe element attribute type!!!
2025-12-22 16:35:37 INFO  BaseClass - unable to scroll to the element!!!
2025-12-22 16:35:37 INFO  BaseClass - DB connection successfull
2025-12-22 16:35:37 INFO  BaseClass - Executing query :SELECT employee_id,emp_firstname,emp_middle_name,emp_lastname FROM hs_hr_employee WHERE employee_id=0002
2025-12-22 16:35:37 INFO  BaseClass - query executed successfully
2025-12-22 16:35:37 INFO  BaseClass - able to store data from DB
2025-12-22 16:35:41 ERROR BaseClass - unable to enter text
2025-12-22 16:35:51 ERROR BaseClass - unable to describe element attribute type!!!no such element: Unable to locate element: {"method":"xpath","selector":"//button[@type='submit']"}
  (Session info: chrome=143.0.7499.147)
For documentation on this error, please visit: https://www.selenium.dev/documentation/webdriver/troubleshooting/errors#nosuchelementexception
Build info: version: '4.39.0', revision: '126f156aee'
System info: os.name: 'Windows 10', os.arch: 'amd64', os.version: '10.0', java.version: '21.0.4'
Driver info: org.openqa.selenium.chrome.ChromeDriver
Command: [b852fd8ffb61b6dc184b20022765830b, findElement {value=//button[@type='submit'], using=xpath}]
Capabilities {acceptInsecureCerts: false, browserName: chrome, browserVersion: 143.0.7499.147, chrome: {chromedriverVersion: 143.0.7499.169 (164b20aab62..., userDataDir: C:\Users\hp\AppData\Local\T...}, fedcm:accounts: true, goog:chromeOptions: {debuggerAddress: localhost:49298}, goog:processID: 19076, networkConnectionEnabled: false, pageLoadStrategy: normal, platformName: windows, proxy: Proxy(), se:cdp: ws://localhost:49298/devtoo..., se:cdpVersion: 143.0.7499.147, setWindowRect: true, strictFileInteractability: false, timeouts: {implicit: 0, pageLoad: 300000, script: 30000}, unhandledPromptBehavior: dismiss and notify, webauthn:extension:credBlob: true, webauthn:extension:largeBlob: true, webauthn:extension:minPinLength: true, webauthn:extension:prf: true, webauthn:virtualAuthenticators: true}
Session ID: b852fd8ffb61b6dc184b20022765830b
2025-12-22 16:36:11 ERROR BaseClass - unable to describe element attribute type!!!no such element: Unable to locate element: {"method":"xpath","selector":"//button[@type='submit']"}
  (Session info: chrome=143.0.7499.147)
For documentation on this error, please visit: https://www.selenium.dev/documentation/webdriver/troubleshooting/errors#nosuchelementexception
Build info: version: '4.39.0', revision: '126f156aee'
System info: os.name: 'Windows 10', os.arch: 'amd64', os.version: '10.0', java.version: '21.0.4'
Driver info: org.openqa.selenium.chrome.ChromeDriver
Command: [b852fd8ffb61b6dc184b20022765830b, findElement {value=//button[@type='submit'], using=xpath}]
Capabilities {acceptInsecureCerts: false, browserName: chrome, browserVersion: 143.0.7499.147, chrome: {chromedriverVersion: 143.0.7499.169 (164b20aab62..., userDataDir: C:\Users\hp\AppData\Local\T...}, fedcm:accounts: true, goog:chromeOptions: {debuggerAddress: localhost:49298}, goog:processID: 19076, networkConnectionEnabled: false, pageLoadStrategy: normal, platformName: windows, proxy: Proxy(), se:cdp: ws://localhost:49298/devtoo..., se:cdpVersion: 143.0.7499.147, setWindowRect: true, strictFileInteractability: false, timeouts: {implicit: 0, pageLoad: 300000, script: 30000}, unhandledPromptBehavior: dismiss and notify, webauthn:extension:credBlob: true, webauthn:extension:largeBlob: true, webauthn:extension:minPinLength: true, webauthn:extension:prf: true, webauthn:virtualAuthenticators: true}
Session ID: b852fd8ffb61b6dc184b20022765830b
2025-12-22 16:36:11 WARN  BaseClass - failed to apply color on border of element :unable to describe element attribute type!!!
2025-12-22 16:36:18 ERROR BaseClass - unable to compare texts
2025-12-22 16:36:42 ERROR BaseClass - element is not clickable!!!
2025-12-22 16:36:52 ERROR BaseClass - unable to click element
2025-12-22 16:36:59 ERROR BaseClass - unable to compare texts
2025-12-22 16:37:02 INFO  BaseClass - webdriver & ActionDriver classes instance terminated!!!
2025-12-22 16:37:02 INFO  BaseClass - unable to scroll to the element!!!
2025-12-22 16:37:02 INFO  BaseClass - DB connection successfull
2025-12-22 16:37:02 INFO  BaseClass - Executing query :SELECT employee_id,emp_firstname,emp_middle_name,emp_lastname FROM hs_hr_employee WHERE employee_id=0002
2025-12-22 16:37:02 INFO  BaseClass - query executed successfully
2025-12-22 16:37:02 INFO  BaseClass - able to store data from DB
2025-12-22 16:37:03 INFO  BaseClass - chromeDriver initialized!!!
2025-12-22 16:37:03 INFO  BaseClass - browser is launched and window is mazimized
2025-12-22 16:37:03 INFO  BaseClass - ActionDriver initialized!!!
2025-12-22 16:37:03 INFO  BaseClass - ActionDriver class instance is created!!!----->30
2025-12-22 16:37:03 INFO  BaseClass - starting verifyEmployeeFromDB()
2025-12-22 16:37:04 INFO  BaseClass - applied green color on border of element element with Name attribute:username
2025-12-22 16:37:04 INFO  BaseClass - element with Name attribute:username is visible
2025-12-22 16:37:04 INFO  BaseClass - applied green color on border of element element with Name attribute:username
2025-12-22 16:37:04 INFO  BaseClass - Entered text :admin in element with Name attribute:username
2025-12-22 16:37:04 INFO  BaseClass - applied green color on border of element element with Name attribute:password
2025-12-22 16:37:04 INFO  BaseClass - element with Name attribute:password is visible
2025-12-22 16:37:04 INFO  BaseClass - applied green color on border of element element with Name attribute:password
2025-12-22 16:37:05 INFO  BaseClass - Entered text :Manish@880 in element with Name attribute:password
2025-12-22 16:37:05 INFO  BaseClass - applied green color on border of element element with class attribute:oxd-button oxd-button--medium oxd-button--main orangehrm-login-button
2025-12-22 16:37:05 INFO  BaseClass - applied green color on border of element element with class attribute:oxd-button oxd-button--medium oxd-button--main orangehrm-login-button
2025-12-22 16:37:05 INFO  BaseClass - located element by element with class attribute:oxd-button oxd-button--medium oxd-button--main orangehrm-login-button is clickable
2025-12-22 16:37:05 INFO  BaseClass - clicked on :element with class attribute:oxd-button oxd-button--medium oxd-button--main orangehrm-login-button
2025-12-22 16:37:07 INFO  BaseClass - applied green color on border of element element with class attribute:oxd-text oxd-text--span oxd-main-menu-item--name
2025-12-22 16:37:37 ERROR BaseClass - element is not clickable!!!
2025-12-22 16:37:43 ERROR BaseClass - unable to compare texts
2025-12-22 16:37:47 ERROR BaseClass - unable to click element
2025-12-22 16:37:47 INFO  BaseClass - clicked on PIM Tab
2025-12-22 16:38:24 ERROR BaseClass - unable to compare texts
2025-12-22 16:38:27 INFO  BaseClass - webdriver & ActionDriver classes instance terminated!!!
2025-12-22 16:38:39 ERROR BaseClass - unable to describe element attribute type!!!no such element: Unable to locate element: {"method":"xpath","selector":"//label[.='Employee Name']/parent::div/following-sibling::div//input"}
  (Session info: chrome=143.0.7499.147)
For documentation on this error, please visit: https://www.selenium.dev/documentation/webdriver/troubleshooting/errors#nosuchelementexception
Build info: version: '4.39.0', revision: '126f156aee'
System info: os.name: 'Windows 10', os.arch: 'amd64', os.version: '10.0', java.version: '21.0.4'
Driver info: org.openqa.selenium.chrome.ChromeDriver
Command: [8d2189dce2f8ce04ed718e90f4d5aec2, findElement {value=//label[.='Employee Name']/parent::div/following-sibling::div//input, using=xpath}]
Capabilities {acceptInsecureCerts: false, browserName: chrome, browserVersion: 143.0.7499.147, chrome: {chromedriverVersion: 143.0.7499.169 (164b20aab62..., userDataDir: C:\Users\hp\AppData\Local\T...}, fedcm:accounts: true, goog:chromeOptions: {debuggerAddress: localhost:49411}, goog:processID: 3360, networkConnectionEnabled: false, pageLoadStrategy: normal, platformName: windows, proxy: Proxy(), se:cdp: ws://localhost:49411/devtoo..., se:cdpVersion: 143.0.7499.147, setWindowRect: true, strictFileInteractability: false, timeouts: {implicit: 0, pageLoad: 300000, script: 30000}, unhandledPromptBehavior: dismiss and notify, webauthn:extension:credBlob: true, webauthn:extension:largeBlob: true, webauthn:extension:minPinLength: true, webauthn:extension:prf: true, webauthn:virtualAuthenticators: true}
Session ID: 8d2189dce2f8ce04ed718e90f4d5aec2
2025-12-22 16:38:39 WARN  BaseClass - failed to apply color on border of element :unable to describe element attribute type!!!
2025-12-22 16:38:49 ERROR BaseClass - unable to enter text
2025-12-22 16:38:59 ERROR BaseClass - unable to describe element attribute type!!!no such element: Unable to locate element: {"method":"xpath","selector":"//button[@type='submit']"}
  (Session info: chrome=143.0.7499.147)
For documentation on this error, please visit: https://www.selenium.dev/documentation/webdriver/troubleshooting/errors#nosuchelementexception
Build info: version: '4.39.0', revision: '126f156aee'
System info: os.name: 'Windows 10', os.arch: 'amd64', os.version: '10.0', java.version: '21.0.4'
Driver info: org.openqa.selenium.chrome.ChromeDriver
Command: [8d2189dce2f8ce04ed718e90f4d5aec2, findElement {value=//button[@type='submit'], using=xpath}]
Capabilities {acceptInsecureCerts: false, browserName: chrome, browserVersion: 143.0.7499.147, chrome: {chromedriverVersion: 143.0.7499.169 (164b20aab62..., userDataDir: C:\Users\hp\AppData\Local\T...}, fedcm:accounts: true, goog:chromeOptions: {debuggerAddress: localhost:49411}, goog:processID: 3360, networkConnectionEnabled: false, pageLoadStrategy: normal, platformName: windows, proxy: Proxy(), se:cdp: ws://localhost:49411/devtoo..., se:cdpVersion: 143.0.7499.147, setWindowRect: true, strictFileInteractability: false, timeouts: {implicit: 0, pageLoad: 300000, script: 30000}, unhandledPromptBehavior: dismiss and notify, webauthn:extension:credBlob: true, webauthn:extension:largeBlob: true, webauthn:extension:minPinLength: true, webauthn:extension:prf: true, webauthn:virtualAuthenticators: true}
Session ID: 8d2189dce2f8ce04ed718e90f4d5aec2
2025-12-22 16:39:19 ERROR BaseClass - unable to describe element attribute type!!!no such element: Unable to locate element: {"method":"xpath","selector":"//button[@type='submit']"}
  (Session info: chrome=143.0.7499.147)
For documentation on this error, please visit: https://www.selenium.dev/documentation/webdriver/troubleshooting/errors#nosuchelementexception
Build info: version: '4.39.0', revision: '126f156aee'
System info: os.name: 'Windows 10', os.arch: 'amd64', os.version: '10.0', java.version: '21.0.4'
Driver info: org.openqa.selenium.chrome.ChromeDriver
Command: [8d2189dce2f8ce04ed718e90f4d5aec2, findElement {value=//button[@type='submit'], using=xpath}]
Capabilities {acceptInsecureCerts: false, browserName: chrome, browserVersion: 143.0.7499.147, chrome: {chromedriverVersion: 143.0.7499.169 (164b20aab62..., userDataDir: C:\Users\hp\AppData\Local\T...}, fedcm:accounts: true, goog:chromeOptions: {debuggerAddress: localhost:49411}, goog:processID: 3360, networkConnectionEnabled: false, pageLoadStrategy: normal, platformName: windows, proxy: Proxy(), se:cdp: ws://localhost:49411/devtoo..., se:cdpVersion: 143.0.7499.147, setWindowRect: true, strictFileInteractability: false, timeouts: {implicit: 0, pageLoad: 300000, script: 30000}, unhandledPromptBehavior: dismiss and notify, webauthn:extension:credBlob: true, webauthn:extension:largeBlob: true, webauthn:extension:minPinLength: true, webauthn:extension:prf: true, webauthn:virtualAuthenticators: true}
Session ID: 8d2189dce2f8ce04ed718e90f4d5aec2
2025-12-22 16:39:19 WARN  BaseClass - failed to apply color on border of element :unable to describe element attribute type!!!
2025-12-22 16:39:50 ERROR BaseClass - element is not clickable!!!
2025-12-22 16:40:00 ERROR BaseClass - unable to click element
2025-12-22 16:40:10 INFO  BaseClass - unable to scroll to the element!!!
2025-12-22 16:40:10 INFO  BaseClass - DB connection successfull
2025-12-22 16:40:10 INFO  BaseClass - Executing query :SELECT employee_id,emp_firstname,emp_middle_name,emp_lastname FROM hs_hr_employee WHERE employee_id=0002
2025-12-22 16:40:10 INFO  BaseClass - query executed successfully
2025-12-22 16:40:10 INFO  BaseClass - able to store data from DB
2025-12-22 16:40:51 ERROR BaseClass - unable to compare texts
2025-12-22 16:41:32 ERROR BaseClass - unable to compare texts
2025-12-22 16:41:35 INFO  BaseClass - webdriver & ActionDriver classes instance terminated!!!
2025-12-22 18:54:20 INFO  BaseClass - config.properties file is loaded!!!
2025-12-22 18:54:25 INFO  BaseClass - chromeDriver initialized!!!
2025-12-22 18:54:26 INFO  BaseClass - chromeDriver initialized!!!
2025-12-22 18:54:28 INFO  BaseClass - chromeDriver initialized!!!
2025-12-22 18:54:29 INFO  BaseClass - browser is launched and window is mazimized
2025-12-22 18:54:29 INFO  BaseClass - ActionDriver initialized!!!
2025-12-22 18:54:29 INFO  BaseClass - ActionDriver class instance is created!!!----->33
2025-12-22 18:54:29 INFO  BaseClass - browser is launched and window is mazimized
2025-12-22 18:54:29 INFO  BaseClass - ActionDriver initialized!!!
2025-12-22 18:54:29 INFO  BaseClass - ActionDriver class instance is created!!!----->29
2025-12-22 18:54:30 INFO  BaseClass - browser is launched and window is mazimized
2025-12-22 18:54:30 INFO  BaseClass - ActionDriver initialized!!!
2025-12-22 18:54:30 INFO  BaseClass - ActionDriver class instance is created!!!----->32
2025-12-22 18:54:32 INFO  BaseClass - chromeDriver initialized!!!
2025-12-22 18:54:34 INFO  BaseClass - chromeDriver initialized!!!
2025-12-22 18:54:35 INFO  BaseClass - applied green color on border of element element with Name attribute:username
2025-12-22 18:54:35 INFO  BaseClass - element with Name attribute:username is visible
2025-12-22 18:54:35 INFO  BaseClass - applied green color on border of element element with Name attribute:username
2025-12-22 18:54:35 INFO  BaseClass - applied green color on border of element element with Name attribute:username
2025-12-22 18:54:36 INFO  BaseClass - Entered text :admin in element with Name attribute:username
2025-12-22 18:54:36 INFO  BaseClass - browser is launched and window is mazimized
2025-12-22 18:54:36 INFO  BaseClass - ActionDriver initialized!!!
2025-12-22 18:54:36 INFO  BaseClass - ActionDriver class instance is created!!!----->30
2025-12-22 18:54:36 INFO  BaseClass - element with Name attribute:username is visible
2025-12-22 18:54:36 INFO  BaseClass - browser is launched and window is mazimized
2025-12-22 18:54:36 INFO  BaseClass - ActionDriver initialized!!!
2025-12-22 18:54:36 INFO  BaseClass - ActionDriver class instance is created!!!----->31
2025-12-22 18:54:36 INFO  BaseClass - applied green color on border of element element with Name attribute:password
2025-12-22 18:54:36 INFO  BaseClass - element with Name attribute:password is visible
2025-12-22 18:54:36 INFO  BaseClass - applied green color on border of element element with Name attribute:username
2025-12-22 18:54:36 INFO  BaseClass - applied green color on border of element element with Name attribute:password
2025-12-22 18:54:37 INFO  BaseClass - Entered text :Manish@880 in element with Name attribute:password
2025-12-22 18:54:37 INFO  BaseClass - Entered text :Admin in element with Name attribute:username
2025-12-22 18:54:37 INFO  BaseClass - applied green color on border of element element with Name attribute:username
2025-12-22 18:54:37 INFO  BaseClass - applied green color on border of element element with class attribute:oxd-button oxd-button--medium oxd-button--main orangehrm-login-button
2025-12-22 18:54:37 INFO  BaseClass - element with Name attribute:username is visible
2025-12-22 18:54:37 INFO  BaseClass - applied green color on border of element element with Name attribute:password
2025-12-22 18:54:37 INFO  BaseClass - applied green color on border of element element with class attribute:oxd-button oxd-button--medium oxd-button--main orangehrm-login-button
2025-12-22 18:54:37 INFO  BaseClass - located element by element with class attribute:oxd-button oxd-button--medium oxd-button--main orangehrm-login-button is clickable
2025-12-22 18:54:38 INFO  BaseClass - element with Name attribute:password is visible
2025-12-22 18:54:38 INFO  BaseClass - applied green color on border of element element with Name attribute:username
2025-12-22 18:54:38 INFO  BaseClass - Entered text :admin in element with Name attribute:username
2025-12-22 18:54:38 INFO  BaseClass - applied green color on border of element element with Name attribute:password
2025-12-22 18:54:38 INFO  BaseClass - applied green color on border of element element with Name attribute:password
2025-12-22 18:54:38 INFO  BaseClass - element with Name attribute:password is visible
2025-12-22 18:54:38 INFO  BaseClass - Entered text :xxxxx in element with Name attribute:password
2025-12-22 18:54:39 INFO  BaseClass - applied green color on border of element element with Name attribute:password
2025-12-22 18:54:39 INFO  BaseClass - applied green color on border of element element with class attribute:oxd-button oxd-button--medium oxd-button--main orangehrm-login-button
2025-12-22 18:54:39 INFO  BaseClass - Entered text :Manish@880 in element with Name attribute:password
2025-12-22 18:54:39 INFO  BaseClass - applied green color on border of element element with class attribute:oxd-button oxd-button--medium oxd-button--main orangehrm-login-button
2025-12-22 18:54:39 INFO  BaseClass - located element by element with class attribute:oxd-button oxd-button--medium oxd-button--main orangehrm-login-button is clickable
2025-12-22 18:54:39 INFO  BaseClass - applied green color on border of element element with class attribute:oxd-button oxd-button--medium oxd-button--main orangehrm-login-button
2025-12-22 18:54:39 INFO  BaseClass - applied green color on border of element element with class attribute:oxd-button oxd-button--medium oxd-button--main orangehrm-login-button
2025-12-22 18:54:39 INFO  BaseClass - located element by element with class attribute:oxd-button oxd-button--medium oxd-button--main orangehrm-login-button is clickable
2025-12-22 18:54:40 INFO  BaseClass - clicked on :element with class attribute:oxd-button oxd-button--medium oxd-button--main orangehrm-login-button
2025-12-22 18:54:41 INFO  BaseClass - clicked on :element with class attribute:oxd-button oxd-button--medium oxd-button--main orangehrm-login-button
2025-12-22 18:54:42 INFO  BaseClass - applied green color on border of element element with class attribute:oxd-text oxd-text--span oxd-main-menu-item--name
2025-12-22 18:54:42 INFO  BaseClass - element with class attribute:oxd-text oxd-text--span oxd-main-menu-item--name is visible
2025-12-22 18:54:42 INFO  BaseClass - clicked on :element with class attribute:oxd-button oxd-button--medium oxd-button--main orangehrm-login-button
2025-12-22 18:54:42 INFO  BaseClass - applied green color on border of element element with class attribute:oxd-text oxd-text--span oxd-main-menu-item--name
2025-12-22 18:54:42 INFO  BaseClass - element is displayed :element with class attribute:oxd-text oxd-text--span oxd-main-menu-item--name
2025-12-22 18:54:42 INFO  BaseClass - applied green color on border of element element with class attribute:oxd-text oxd-text--p oxd-alert-content-text
2025-12-22 18:54:42 INFO  BaseClass - element with class attribute:oxd-text oxd-text--p oxd-alert-content-text is visible
2025-12-22 18:54:43 INFO  BaseClass - applied green color on border of element element with class attribute:oxd-userdropdown-tab
2025-12-22 18:54:43 INFO  BaseClass - applied green color on border of element element with class attribute:oxd-userdropdown-tab
2025-12-22 18:54:43 INFO  BaseClass - located element by element with class attribute:oxd-userdropdown-tab is clickable
2025-12-22 18:54:44 INFO  BaseClass - clicked on :element with class attribute:oxd-userdropdown-tab
2025-12-22 18:54:44 INFO  BaseClass - applied green color on border of element element with class attribute:oxd-userdropdown-link
2025-12-22 18:54:44 INFO  BaseClass - applied green color on border of element element with class attribute:oxd-userdropdown-link
2025-12-22 18:54:44 INFO  BaseClass - applied green color on border of element element with class attribute:oxd-text oxd-text--p oxd-alert-content-text
2025-12-22 18:54:44 INFO  BaseClass - Text are equals :Invalid credentialsequals to Invalid credentials
2025-12-22 18:54:44 INFO  BaseClass - located element by element with class attribute:oxd-userdropdown-link is clickable
2025-12-22 18:54:44 INFO  BaseClass - applied green color on border of element unable to describe element attribute type!!!
2025-12-22 18:54:45 INFO  BaseClass - unable to describe element attribute type!!! is visible
2025-12-22 18:54:45 INFO  BaseClass - applied green color on border of element unable to describe element attribute type!!!
2025-12-22 18:54:45 INFO  BaseClass - element is displayed :unable to describe element attribute type!!!
2025-12-22 18:54:46 INFO  BaseClass - clicked on :element with class attribute:oxd-userdropdown-link
2025-12-22 18:54:47 INFO  BaseClass - webdriver & ActionDriver classes instance terminated!!!
2025-12-22 18:54:47 INFO  BaseClass - webdriver & ActionDriver classes instance terminated!!!
2025-12-22 18:54:48 INFO  BaseClass - webdriver & ActionDriver classes instance terminated!!!
2025-12-22 18:54:50 INFO  BaseClass - chromeDriver initialized!!!
2025-12-22 18:54:52 INFO  BaseClass - browser is launched and window is mazimized
2025-12-22 18:54:52 INFO  BaseClass - ActionDriver initialized!!!
2025-12-22 18:54:52 INFO  BaseClass - ActionDriver class instance is created!!!----->30
2025-12-22 18:54:52 INFO  BaseClass - starting verifyEmployeeFromDB()
2025-12-22 18:54:52 INFO  BaseClass - applied green color on border of element element with Name attribute:username
2025-12-22 18:54:53 INFO  BaseClass - webdriver & ActionDriver classes instance terminated!!!
2025-12-22 18:54:53 INFO  BaseClass - element with Name attribute:username is visible
2025-12-22 18:54:53 INFO  BaseClass - webdriver & ActionDriver classes instance terminated!!!
2025-12-22 18:54:53 INFO  BaseClass - applied green color on border of element element with Name attribute:username
2025-12-22 18:54:53 INFO  BaseClass - Entered text :admin in element with Name attribute:username
2025-12-22 18:54:53 INFO  BaseClass - applied green color on border of element element with Name attribute:password
2025-12-22 18:54:54 INFO  BaseClass - chromeDriver initialized!!!
2025-12-22 18:54:54 INFO  BaseClass - element with Name attribute:password is visible
2025-12-22 18:54:54 INFO  BaseClass - applied green color on border of element element with Name attribute:password
2025-12-22 18:54:54 INFO  BaseClass - browser is launched and window is mazimized
2025-12-22 18:54:54 INFO  BaseClass - ActionDriver initialized!!!
2025-12-22 18:54:54 INFO  BaseClass - ActionDriver class instance is created!!!----->32
2025-12-22 18:54:55 INFO  BaseClass - Entered text :Manish@880 in element with Name attribute:password
2025-12-22 18:54:55 INFO  BaseClass - applied green color on border of element element with class attribute:oxd-button oxd-button--medium oxd-button--main orangehrm-login-button
2025-12-22 18:54:55 INFO  BaseClass - applied green color on border of element element with class attribute:oxd-button oxd-button--medium oxd-button--main orangehrm-login-button
2025-12-22 18:54:55 INFO  BaseClass - located element by element with class attribute:oxd-button oxd-button--medium oxd-button--main orangehrm-login-button is clickable
2025-12-22 18:54:55 INFO  BaseClass - clicked on :element with class attribute:oxd-button oxd-button--medium oxd-button--main orangehrm-login-button
2025-12-22 18:54:56 INFO  BaseClass - applied green color on border of element element with Name attribute:username
2025-12-22 18:54:56 INFO  BaseClass - element with Name attribute:username is visible
2025-12-22 18:54:56 INFO  BaseClass - applied green color on border of element element with Name attribute:username
2025-12-22 18:54:56 INFO  BaseClass - Entered text :admin in element with Name attribute:username
2025-12-22 18:54:57 INFO  BaseClass - applied green color on border of element element with Name attribute:password
2025-12-22 18:54:57 INFO  BaseClass - element with Name attribute:password is visible
2025-12-22 18:54:57 INFO  BaseClass - applied green color on border of element element with Name attribute:password
2025-12-22 18:54:57 INFO  BaseClass - Entered text :Manish@880 in element with Name attribute:password
2025-12-22 18:54:57 INFO  BaseClass - applied green color on border of element element with class attribute:oxd-button oxd-button--medium oxd-button--main orangehrm-login-button
2025-12-22 18:54:58 INFO  BaseClass - applied green color on border of element element with class attribute:oxd-button oxd-button--medium oxd-button--main orangehrm-login-button
2025-12-22 18:54:58 INFO  BaseClass - located element by element with class attribute:oxd-button oxd-button--medium oxd-button--main orangehrm-login-button is clickable
2025-12-22 18:54:59 INFO  BaseClass - applied green color on border of element element with class attribute:oxd-text oxd-text--span oxd-main-menu-item--name
2025-12-22 18:54:59 INFO  BaseClass - applied green color on border of element element with class attribute:oxd-text oxd-text--span oxd-main-menu-item--name
2025-12-22 18:54:59 INFO  BaseClass - located element by element with class attribute:oxd-text oxd-text--span oxd-main-menu-item--name is clickable
2025-12-22 18:55:00 INFO  BaseClass - clicked on :element with class attribute:oxd-button oxd-button--medium oxd-button--main orangehrm-login-button
2025-12-22 18:55:02 INFO  BaseClass - applied green color on border of element element with class attribute:oxd-text oxd-text--span oxd-main-menu-item--name
2025-12-22 18:55:02 INFO  BaseClass - clicked on :element with class attribute:oxd-text oxd-text--span oxd-main-menu-item--name
2025-12-22 18:55:02 INFO  BaseClass - clicked on PIM Tab
2025-12-22 18:55:02 INFO  BaseClass - element with class attribute:oxd-text oxd-text--span oxd-main-menu-item--name is visible
2025-12-22 18:55:03 INFO  BaseClass - applied green color on border of element element with class attribute:oxd-text oxd-text--span oxd-main-menu-item--name
2025-12-22 18:55:03 INFO  BaseClass - applied green color on border of element element with placeholder attribute:Type for hints...
2025-12-22 18:55:03 INFO  BaseClass - element is displayed :element with class attribute:oxd-text oxd-text--span oxd-main-menu-item--name
2025-12-22 18:55:03 INFO  BaseClass - element with placeholder attribute:Type for hints... is visible
2025-12-22 18:55:03 INFO  BaseClass - applied green color on border of element element with placeholder attribute:Type for hints...
2025-12-22 18:55:04 INFO  BaseClass - Entered text :harish in element with placeholder attribute:Type for hints...
2025-12-22 18:55:04 INFO  BaseClass - applied green color on border of element element with class attribute:oxd-userdropdown-tab
2025-12-22 18:55:04 INFO  BaseClass - applied green color on border of element element with class attribute:oxd-button oxd-button--medium oxd-button--secondary orangehrm-left-space
2025-12-22 18:55:04 INFO  BaseClass - applied green color on border of element element with class attribute:oxd-button oxd-button--medium oxd-button--secondary orangehrm-left-space
2025-12-22 18:55:04 INFO  BaseClass - located element by element with class attribute:oxd-button oxd-button--medium oxd-button--secondary orangehrm-left-space is clickable
2025-12-22 18:55:04 INFO  BaseClass - applied green color on border of element element with class attribute:oxd-userdropdown-tab
2025-12-22 18:55:04 INFO  BaseClass - located element by element with class attribute:oxd-userdropdown-tab is clickable
2025-12-22 18:55:04 INFO  BaseClass - clicked on :element with class attribute:oxd-button oxd-button--medium oxd-button--secondary orangehrm-left-space
2025-12-22 18:55:04 INFO  BaseClass - clicked on :element with class attribute:oxd-userdropdown-tab
2025-12-22 18:55:05 INFO  BaseClass - applied green color on border of element element with class attribute:oxd-userdropdown-link
2025-12-22 18:55:05 INFO  BaseClass - applied green color on border of element element with class attribute:oxd-table-cell oxd-padding-cell
2025-12-22 18:55:05 INFO  BaseClass - page is scrolled to element :element with class attribute:oxd-table-cell oxd-padding-cell
2025-12-22 18:55:05 INFO  BaseClass - applied green color on border of element element with class attribute:oxd-userdropdown-link
2025-12-22 18:55:05 INFO  BaseClass - located element by element with class attribute:oxd-userdropdown-link is clickable
2025-12-22 18:55:05 INFO  BaseClass - DB connection successfull
2025-12-22 18:55:05 INFO  BaseClass - Executing query :SELECT employee_id,emp_firstname,emp_middle_name,emp_lastname FROM hs_hr_employee WHERE employee_id=0002
2025-12-22 18:55:05 INFO  BaseClass - query executed successfully
2025-12-22 18:55:05 INFO  BaseClass - able to store data from DB
2025-12-22 18:55:06 INFO  BaseClass - applied green color on border of element element with class attribute:oxd-table-cell oxd-padding-cell
2025-12-22 18:55:06 INFO  BaseClass - element with class attribute:oxd-table-cell oxd-padding-cell is visible
2025-12-22 18:55:06 INFO  BaseClass - applied green color on border of element element with class attribute:oxd-table-cell oxd-padding-cell
2025-12-22 18:55:06 INFO  BaseClass - Text are equals :harish kumarequals to harish kumar
2025-12-22 18:55:06 INFO  BaseClass - clicked on :element with class attribute:oxd-userdropdown-link
2025-12-22 18:55:06 INFO  BaseClass - applied green color on border of element element with class attribute:oxd-table-cell oxd-padding-cell
2025-12-22 18:55:06 INFO  BaseClass - element with class attribute:oxd-table-cell oxd-padding-cell is visible
2025-12-22 18:55:06 INFO  BaseClass - applied green color on border of element element with class attribute:oxd-table-cell oxd-padding-cell
2025-12-22 18:55:06 INFO  BaseClass - Text are equals :anuragiequals to anuragi
2025-12-22 18:55:06 INFO  BaseClass - verifyEmployeeFromDB COMPLETED
2025-12-22 18:55:09 INFO  BaseClass - webdriver & ActionDriver classes instance terminated!!!
2025-12-22 18:55:11 INFO  BaseClass - webdriver & ActionDriver classes instance terminated!!!
2025-12-22 18:55:39 INFO  BaseClass - config.properties file is loaded!!!
2025-12-22 18:55:42 INFO  BaseClass - chromeDriver initialized!!!
2025-12-22 18:55:42 INFO  BaseClass - chromeDriver initialized!!!
2025-12-22 18:55:42 INFO  BaseClass - chromeDriver initialized!!!
2025-12-22 18:55:43 INFO  BaseClass - chromeDriver initialized!!!
2025-12-22 18:55:43 INFO  BaseClass - chromeDriver initialized!!!
2025-12-22 18:55:44 INFO  BaseClass - browser is launched and window is mazimized
2025-12-22 18:55:44 INFO  BaseClass - ActionDriver initialized!!!
2025-12-22 18:55:44 INFO  BaseClass - ActionDriver class instance is created!!!----->29
2025-12-22 18:55:44 INFO  BaseClass - browser is launched and window is mazimized
2025-12-22 18:55:44 INFO  BaseClass - ActionDriver initialized!!!
2025-12-22 18:55:44 INFO  BaseClass - ActionDriver class instance is created!!!----->31
2025-12-22 18:55:44 INFO  BaseClass - browser is launched and window is mazimized
2025-12-22 18:55:44 INFO  BaseClass - ActionDriver initialized!!!
2025-12-22 18:55:44 INFO  BaseClass - ActionDriver class instance is created!!!----->33
2025-12-22 18:55:45 INFO  BaseClass - browser is launched and window is mazimized
2025-12-22 18:55:45 INFO  BaseClass - ActionDriver initialized!!!
2025-12-22 18:55:45 INFO  BaseClass - ActionDriver class instance is created!!!----->30
2025-12-22 18:55:45 INFO  BaseClass - applied green color on border of element element with Name attribute:username
2025-12-22 18:55:45 INFO  BaseClass - applied green color on border of element element with Name attribute:username
2025-12-22 18:55:45 INFO  BaseClass - element with Name attribute:username is visible
2025-12-22 18:55:45 INFO  BaseClass - element with Name attribute:username is visible
2025-12-22 18:55:45 INFO  BaseClass - applied green color on border of element element with Name attribute:username
2025-12-22 18:55:45 INFO  BaseClass - applied green color on border of element element with Name attribute:username
2025-12-22 18:55:46 INFO  BaseClass - Entered text :admin in element with Name attribute:username
2025-12-22 18:55:46 INFO  BaseClass - Entered text :admin in element with Name attribute:username
2025-12-22 18:55:46 INFO  BaseClass - browser is launched and window is mazimized
2025-12-22 18:55:46 INFO  BaseClass - ActionDriver initialized!!!
2025-12-22 18:55:46 INFO  BaseClass - ActionDriver class instance is created!!!----->32
2025-12-22 18:55:47 INFO  BaseClass - applied green color on border of element element with Name attribute:password
2025-12-22 18:55:47 INFO  BaseClass - element with Name attribute:password is visible
2025-12-22 18:55:47 INFO  BaseClass - applied green color on border of element element with Name attribute:password
2025-12-22 18:55:47 INFO  BaseClass - element with Name attribute:password is visible
2025-12-22 18:55:47 INFO  BaseClass - applied green color on border of element element with Name attribute:username
2025-12-22 18:55:47 INFO  BaseClass - element with Name attribute:username is visible
2025-12-22 18:55:47 INFO  BaseClass - applied green color on border of element element with Name attribute:password
2025-12-22 18:55:47 INFO  BaseClass - applied green color on border of element element with Name attribute:password
2025-12-22 18:55:48 INFO  BaseClass - applied green color on border of element element with Name attribute:username
2025-12-22 18:55:48 INFO  BaseClass - Entered text :Manish@880 in element with Name attribute:password
2025-12-22 18:55:48 INFO  BaseClass - Entered text :Manish@880 in element with Name attribute:password
2025-12-22 18:55:48 INFO  BaseClass - Entered text :Admin in element with Name attribute:username
2025-12-22 18:55:48 INFO  BaseClass - applied green color on border of element element with class attribute:oxd-button oxd-button--medium oxd-button--main orangehrm-login-button
2025-12-22 18:55:48 INFO  BaseClass - applied green color on border of element element with class attribute:oxd-button oxd-button--medium oxd-button--main orangehrm-login-button
2025-12-22 18:55:48 INFO  BaseClass - applied green color on border of element element with Name attribute:password
2025-12-22 18:55:48 INFO  BaseClass - applied green color on border of element element with class attribute:oxd-button oxd-button--medium oxd-button--main orangehrm-login-button
2025-12-22 18:55:48 INFO  BaseClass - element with Name attribute:password is visible
2025-12-22 18:55:48 INFO  BaseClass - located element by element with class attribute:oxd-button oxd-button--medium oxd-button--main orangehrm-login-button is clickable
2025-12-22 18:55:48 INFO  BaseClass - applied green color on border of element element with class attribute:oxd-button oxd-button--medium oxd-button--main orangehrm-login-button
2025-12-22 18:55:48 INFO  BaseClass - located element by element with class attribute:oxd-button oxd-button--medium oxd-button--main orangehrm-login-button is clickable
2025-12-22 18:55:48 INFO  BaseClass - applied green color on border of element element with Name attribute:password
2025-12-22 18:55:48 INFO  BaseClass - Entered text :xxxxx in element with Name attribute:password
2025-12-22 18:55:49 INFO  BaseClass - applied green color on border of element element with class attribute:oxd-button oxd-button--medium oxd-button--main orangehrm-login-button
2025-12-22 18:55:49 INFO  BaseClass - applied green color on border of element element with class attribute:oxd-button oxd-button--medium oxd-button--main orangehrm-login-button
2025-12-22 18:55:49 INFO  BaseClass - located element by element with class attribute:oxd-button oxd-button--medium oxd-button--main orangehrm-login-button is clickable
2025-12-22 18:55:50 INFO  BaseClass - clicked on :element with class attribute:oxd-button oxd-button--medium oxd-button--main orangehrm-login-button
2025-12-22 18:55:50 INFO  BaseClass - clicked on :element with class attribute:oxd-button oxd-button--medium oxd-button--main orangehrm-login-button
2025-12-22 18:55:52 INFO  BaseClass - clicked on :element with class attribute:oxd-button oxd-button--medium oxd-button--main orangehrm-login-button
2025-12-22 18:55:52 INFO  BaseClass - applied green color on border of element element with class attribute:oxd-text oxd-text--p oxd-alert-content-text
2025-12-22 18:55:53 INFO  BaseClass - element with class attribute:oxd-text oxd-text--p oxd-alert-content-text is visible
2025-12-22 18:55:53 INFO  BaseClass - applied green color on border of element element with class attribute:oxd-text oxd-text--p oxd-alert-content-text
2025-12-22 18:55:53 INFO  BaseClass - Text are equals :Invalid credentialsequals to Invalid credentials
2025-12-22 18:55:53 INFO  BaseClass - webdriver & ActionDriver classes instance terminated!!!
2025-12-22 18:55:53 INFO  BaseClass - webdriver & ActionDriver classes instance terminated!!!
2025-12-22 18:55:55 INFO  BaseClass - chromeDriver initialized!!!
2025-12-22 18:55:56 INFO  BaseClass - browser is launched and window is mazimized
2025-12-22 18:55:56 INFO  BaseClass - ActionDriver initialized!!!
2025-12-22 18:55:56 INFO  BaseClass - ActionDriver class instance is created!!!----->30
2025-12-22 18:55:56 INFO  BaseClass - starting verifyEmployeeFromDB()
2025-12-22 18:55:57 INFO  BaseClass - applied green color on border of element element with Name attribute:username
2025-12-22 18:55:57 INFO  BaseClass - element with Name attribute:username is visible
2025-12-22 18:55:57 INFO  BaseClass - applied green color on border of element element with Name attribute:username
2025-12-22 18:55:57 INFO  BaseClass - webdriver & ActionDriver classes instance terminated!!!
2025-12-22 18:55:58 INFO  BaseClass - Entered text :admin in element with Name attribute:username
2025-12-22 18:55:58 INFO  BaseClass - applied green color on border of element element with Name attribute:password
2025-12-22 18:55:58 INFO  BaseClass - element with Name attribute:password is visible
2025-12-22 18:55:59 INFO  BaseClass - chromeDriver initialized!!!
2025-12-22 18:55:59 INFO  BaseClass - applied green color on border of element element with Name attribute:password
2025-12-22 18:55:59 INFO  BaseClass - Entered text :Manish@880 in element with Name attribute:password
2025-12-22 18:56:00 INFO  BaseClass - browser is launched and window is mazimized
2025-12-22 18:56:00 INFO  BaseClass - ActionDriver initialized!!!
2025-12-22 18:56:00 INFO  BaseClass - ActionDriver class instance is created!!!----->32
2025-12-22 18:56:00 INFO  BaseClass - applied green color on border of element element with class attribute:oxd-button oxd-button--medium oxd-button--main orangehrm-login-button
2025-12-22 18:56:01 INFO  BaseClass - applied green color on border of element element with Name attribute:username
2025-12-22 18:56:01 INFO  BaseClass - applied green color on border of element element with class attribute:oxd-button oxd-button--medium oxd-button--main orangehrm-login-button
2025-12-22 18:56:01 INFO  BaseClass - element with Name attribute:username is visible
2025-12-22 18:56:01 INFO  BaseClass - located element by element with class attribute:oxd-button oxd-button--medium oxd-button--main orangehrm-login-button is clickable
2025-12-22 18:56:01 INFO  BaseClass - applied green color on border of element element with Name attribute:username
2025-12-22 18:56:01 INFO  BaseClass - Entered text :admin in element with Name attribute:username
2025-12-22 18:56:01 INFO  BaseClass - applied green color on border of element element with Name attribute:password
2025-12-22 18:56:01 INFO  BaseClass - element with Name attribute:password is visible
2025-12-22 18:56:02 INFO  BaseClass - applied green color on border of element element with Name attribute:password
2025-12-22 18:56:02 INFO  BaseClass - Entered text :Manish@880 in element with Name attribute:password
2025-12-22 18:56:03 INFO  BaseClass - clicked on :element with class attribute:oxd-button oxd-button--medium oxd-button--main orangehrm-login-button
2025-12-22 18:56:03 INFO  BaseClass - applied green color on border of element element with class attribute:oxd-button oxd-button--medium oxd-button--main orangehrm-login-button
2025-12-22 18:56:04 INFO  BaseClass - applied green color on border of element element with class attribute:oxd-button oxd-button--medium oxd-button--main orangehrm-login-button
2025-12-22 18:56:05 INFO  BaseClass - located element by element with class attribute:oxd-button oxd-button--medium oxd-button--main orangehrm-login-button is clickable
2025-12-22 18:56:05 INFO  BaseClass - applied green color on border of element element with class attribute:oxd-text oxd-text--span oxd-main-menu-item--name
2025-12-22 18:56:06 INFO  BaseClass - clicked on :element with class attribute:oxd-button oxd-button--medium oxd-button--main orangehrm-login-button
2025-12-22 18:56:20 INFO  BaseClass - applied green color on border of element element with class attribute:oxd-text oxd-text--span oxd-main-menu-item--name
2025-12-22 18:56:20 INFO  BaseClass - element is displayed :element with class attribute:oxd-text oxd-text--span oxd-main-menu-item--name
2025-12-22 18:56:20 INFO  BaseClass - applied green color on border of element unable to describe element attribute type!!!
2025-12-22 18:56:21 INFO  BaseClass - element is displayed :unable to describe element attribute type!!!
2025-12-22 18:56:22 INFO  BaseClass - webdriver & ActionDriver classes instance terminated!!!
2025-12-22 18:56:23 INFO  BaseClass - webdriver & ActionDriver classes instance terminated!!!
2025-12-22 18:56:23 INFO  BaseClass - chromeDriver initialized!!!
2025-12-22 18:56:24 INFO  BaseClass - chromeDriver initialized!!!
2025-12-22 18:56:25 INFO  BaseClass - browser is launched and window is mazimized
2025-12-22 18:56:25 INFO  BaseClass - ActionDriver initialized!!!
2025-12-22 18:56:25 INFO  BaseClass - ActionDriver class instance is created!!!----->33
2025-12-22 18:56:25 INFO  BaseClass - browser is launched and window is mazimized
2025-12-22 18:56:25 INFO  BaseClass - ActionDriver initialized!!!
2025-12-22 18:56:25 INFO  BaseClass - ActionDriver class instance is created!!!----->31
2025-12-22 18:56:25 INFO  BaseClass - applied green color on border of element element with Name attribute:username
2025-12-22 18:56:25 INFO  BaseClass - element with Name attribute:username is visible
2025-12-22 18:56:25 INFO  BaseClass - applied green color on border of element element with Name attribute:username
2025-12-22 18:56:26 INFO  BaseClass - Entered text :admin in element with Name attribute:username
2025-12-22 18:56:26 INFO  BaseClass - applied green color on border of element element with Name attribute:username
2025-12-22 18:56:26 INFO  BaseClass - element with Name attribute:username is visible
2025-12-22 18:56:26 INFO  BaseClass - applied green color on border of element element with Name attribute:password
2025-12-22 18:56:26 INFO  BaseClass - element with Name attribute:password is visible
2025-12-22 18:56:26 INFO  BaseClass - applied green color on border of element element with Name attribute:username
2025-12-22 18:56:26 INFO  BaseClass - applied green color on border of element element with Name attribute:password
2025-12-22 18:56:26 INFO  BaseClass - Entered text :admin in element with Name attribute:username
2025-12-22 18:56:26 INFO  BaseClass - Entered text :Manish@880 in element with Name attribute:password
2025-12-22 18:56:26 INFO  BaseClass - applied green color on border of element element with Name attribute:password
2025-12-22 18:56:26 INFO  BaseClass - element with Name attribute:password is visible
2025-12-22 18:56:27 INFO  BaseClass - applied green color on border of element element with class attribute:oxd-button oxd-button--medium oxd-button--main orangehrm-login-button
2025-12-22 18:56:27 INFO  BaseClass - applied green color on border of element element with Name attribute:password
2025-12-22 18:56:27 INFO  BaseClass - applied green color on border of element element with class attribute:oxd-button oxd-button--medium oxd-button--main orangehrm-login-button
2025-12-22 18:56:27 INFO  BaseClass - located element by element with class attribute:oxd-button oxd-button--medium oxd-button--main orangehrm-login-button is clickable
2025-12-22 18:56:27 INFO  BaseClass - Entered text :Manish@880 in element with Name attribute:password
2025-12-22 18:56:27 INFO  BaseClass - applied green color on border of element element with class attribute:oxd-button oxd-button--medium oxd-button--main orangehrm-login-button
2025-12-22 18:56:27 INFO  BaseClass - applied green color on border of element element with class attribute:oxd-button oxd-button--medium oxd-button--main orangehrm-login-button
2025-12-22 18:56:27 INFO  BaseClass - located element by element with class attribute:oxd-button oxd-button--medium oxd-button--main orangehrm-login-button is clickable
2025-12-22 18:56:28 INFO  BaseClass - clicked on :element with class attribute:oxd-button oxd-button--medium oxd-button--main orangehrm-login-button
2025-12-22 18:56:29 INFO  BaseClass - clicked on :element with class attribute:oxd-button oxd-button--medium oxd-button--main orangehrm-login-button
2025-12-22 18:56:35 ERROR BaseClass - element is not clickable!!!
2025-12-22 18:56:37 INFO  BaseClass - applied green color on border of element element with class attribute:oxd-text oxd-text--span oxd-main-menu-item--name
2025-12-22 18:56:37 INFO  BaseClass - element is displayed :element with class attribute:oxd-text oxd-text--span oxd-main-menu-item--name
2025-12-22 18:56:39 INFO  BaseClass - webdriver & ActionDriver classes instance terminated!!!
2025-12-22 18:56:40 INFO  BaseClass - chromeDriver initialized!!!
2025-12-22 18:56:41 INFO  BaseClass - browser is launched and window is mazimized
2025-12-22 18:56:41 INFO  BaseClass - ActionDriver initialized!!!
2025-12-22 18:56:41 INFO  BaseClass - ActionDriver class instance is created!!!----->32
2025-12-22 18:56:41 INFO  BaseClass - applied green color on border of element element with Name attribute:username
2025-12-22 18:56:41 INFO  BaseClass - element with Name attribute:username is visible
2025-12-22 18:56:41 INFO  BaseClass - applied green color on border of element element with Name attribute:username
2025-12-22 18:56:42 INFO  BaseClass - Entered text :admin in element with Name attribute:username
2025-12-22 18:56:42 INFO  BaseClass - applied green color on border of element element with Name attribute:password
2025-12-22 18:56:42 INFO  BaseClass - element with Name attribute:password is visible
2025-12-22 18:56:42 INFO  BaseClass - applied green color on border of element element with Name attribute:password
2025-12-22 18:56:42 INFO  BaseClass - Entered text :Manish@880 in element with Name attribute:password
2025-12-22 18:56:42 INFO  BaseClass - applied green color on border of element element with class attribute:oxd-button oxd-button--medium oxd-button--main orangehrm-login-button
2025-12-22 18:56:42 INFO  BaseClass - applied green color on border of element element with class attribute:oxd-button oxd-button--medium oxd-button--main orangehrm-login-button
2025-12-22 18:56:43 INFO  BaseClass - located element by element with class attribute:oxd-button oxd-button--medium oxd-button--main orangehrm-login-button is clickable
2025-12-22 18:56:43 INFO  BaseClass - clicked on :element with class attribute:oxd-button oxd-button--medium oxd-button--main orangehrm-login-button
2025-12-22 18:56:45 ERROR BaseClass - unable to click element
2025-12-22 18:56:45 INFO  BaseClass - clicked on PIM Tab
2025-12-22 18:56:59 INFO  BaseClass - applied green color on border of element element with class attribute:oxd-text oxd-text--span oxd-main-menu-item--name
2025-12-22 18:56:59 INFO  BaseClass - element is displayed :element with class attribute:oxd-text oxd-text--span oxd-main-menu-item--name
2025-12-22 18:56:59 INFO  BaseClass - applied green color on border of element unable to describe element attribute type!!!
2025-12-22 18:56:59 INFO  BaseClass - element is displayed :unable to describe element attribute type!!!
2025-12-22 18:57:01 INFO  BaseClass - webdriver & ActionDriver classes instance terminated!!!
2025-12-22 18:57:02 INFO  BaseClass - webdriver & ActionDriver classes instance terminated!!!
2025-12-22 18:57:02 INFO  BaseClass - chromeDriver initialized!!!
2025-12-22 18:57:03 INFO  BaseClass - chromeDriver initialized!!!
2025-12-22 18:57:03 INFO  BaseClass - browser is launched and window is mazimized
2025-12-22 18:57:03 INFO  BaseClass - ActionDriver initialized!!!
2025-12-22 18:57:03 INFO  BaseClass - ActionDriver class instance is created!!!----->33
2025-12-22 18:57:04 INFO  BaseClass - browser is launched and window is mazimized
2025-12-22 18:57:04 INFO  BaseClass - ActionDriver initialized!!!
2025-12-22 18:57:04 INFO  BaseClass - ActionDriver class instance is created!!!----->31
2025-12-22 18:57:04 INFO  BaseClass - applied green color on border of element element with Name attribute:username
2025-12-22 18:57:04 INFO  BaseClass - element with Name attribute:username is visible
2025-12-22 18:57:04 INFO  BaseClass - applied green color on border of element element with Name attribute:username
2025-12-22 18:57:04 INFO  BaseClass - Entered text :admin in element with Name attribute:username
2025-12-22 18:57:04 INFO  BaseClass - applied green color on border of element element with Name attribute:username
2025-12-22 18:57:04 INFO  BaseClass - element with Name attribute:username is visible
2025-12-22 18:57:04 INFO  BaseClass - applied green color on border of element element with Name attribute:password
2025-12-22 18:57:05 INFO  BaseClass - element with Name attribute:password is visible
2025-12-22 18:57:05 INFO  BaseClass - applied green color on border of element element with Name attribute:username
2025-12-22 18:57:05 INFO  BaseClass - applied green color on border of element element with Name attribute:password
2025-12-22 18:57:05 INFO  BaseClass - Entered text :admin in element with Name attribute:username
2025-12-22 18:57:05 INFO  BaseClass - Entered text :Manish@880 in element with Name attribute:password
2025-12-22 18:57:05 INFO  BaseClass - applied green color on border of element element with Name attribute:password
2025-12-22 18:57:05 INFO  BaseClass - element with Name attribute:password is visible
2025-12-22 18:57:05 INFO  BaseClass - applied green color on border of element element with class attribute:oxd-button oxd-button--medium oxd-button--main orangehrm-login-button
2025-12-22 18:57:05 INFO  BaseClass - applied green color on border of element element with Name attribute:password
2025-12-22 18:57:05 INFO  BaseClass - applied green color on border of element element with class attribute:oxd-button oxd-button--medium oxd-button--main orangehrm-login-button
2025-12-22 18:57:05 INFO  BaseClass - located element by element with class attribute:oxd-button oxd-button--medium oxd-button--main orangehrm-login-button is clickable
2025-12-22 18:57:05 INFO  BaseClass - Entered text :Manish@880 in element with Name attribute:password
2025-12-22 18:57:06 INFO  BaseClass - applied green color on border of element element with class attribute:oxd-button oxd-button--medium oxd-button--main orangehrm-login-button
2025-12-22 18:57:06 INFO  BaseClass - applied green color on border of element element with class attribute:oxd-button oxd-button--medium oxd-button--main orangehrm-login-button
2025-12-22 18:57:06 INFO  BaseClass - located element by element with class attribute:oxd-button oxd-button--medium oxd-button--main orangehrm-login-button is clickable
2025-12-22 18:57:07 INFO  BaseClass - clicked on :element with class attribute:oxd-button oxd-button--medium oxd-button--main orangehrm-login-button
2025-12-22 18:57:07 INFO  BaseClass - clicked on :element with class attribute:oxd-button oxd-button--medium oxd-button--main orangehrm-login-button
2025-12-22 18:57:13 INFO  BaseClass - applied green color on border of element element with class attribute:oxd-text oxd-text--span oxd-main-menu-item--name
2025-12-22 18:57:13 INFO  BaseClass - element is displayed :element with class attribute:oxd-text oxd-text--span oxd-main-menu-item--name
2025-12-22 18:57:16 INFO  BaseClass - webdriver & ActionDriver classes instance terminated!!!
2025-12-22 18:57:17 INFO  BaseClass - chromeDriver initialized!!!
2025-12-22 18:57:17 INFO  BaseClass - browser is launched and window is mazimized
2025-12-22 18:57:17 INFO  BaseClass - ActionDriver initialized!!!
2025-12-22 18:57:17 INFO  BaseClass - ActionDriver class instance is created!!!----->32
2025-12-22 18:57:18 INFO  BaseClass - applied green color on border of element element with Name attribute:username
2025-12-22 18:57:18 INFO  BaseClass - element with Name attribute:username is visible
2025-12-22 18:57:18 INFO  BaseClass - applied green color on border of element element with Name attribute:username
2025-12-22 18:57:18 INFO  BaseClass - Entered text :admin in element with Name attribute:username
2025-12-22 18:57:18 INFO  BaseClass - applied green color on border of element element with Name attribute:password
2025-12-22 18:57:19 INFO  BaseClass - element with Name attribute:password is visible
2025-12-22 18:57:19 INFO  BaseClass - applied green color on border of element element with Name attribute:password
2025-12-22 18:57:19 INFO  BaseClass - Entered text :Manish@880 in element with Name attribute:password
2025-12-22 18:57:19 INFO  BaseClass - applied green color on border of element element with class attribute:oxd-button oxd-button--medium oxd-button--main orangehrm-login-button
2025-12-22 18:57:19 INFO  BaseClass - applied green color on border of element element with class attribute:oxd-button oxd-button--medium oxd-button--main orangehrm-login-button
2025-12-22 18:57:19 INFO  BaseClass - located element by element with class attribute:oxd-button oxd-button--medium oxd-button--main orangehrm-login-button is clickable
2025-12-22 18:57:20 INFO  BaseClass - clicked on :element with class attribute:oxd-button oxd-button--medium oxd-button--main orangehrm-login-button
2025-12-22 18:57:36 ERROR BaseClass - unable to describe element attribute type!!!no such element: Unable to locate element: {"method":"xpath","selector":"//label[.='Employee Name']/parent::div/following-sibling::div//input"}
  (Session info: chrome=143.0.7499.147)
For documentation on this error, please visit: https://www.selenium.dev/documentation/webdriver/troubleshooting/errors#nosuchelementexception
Build info: version: '4.39.0', revision: '126f156aee'
System info: os.name: 'Windows 10', os.arch: 'amd64', os.version: '10.0', java.version: '21.0.4'
Driver info: org.openqa.selenium.chrome.ChromeDriver
Command: [10c86fcf8be7695cc01e9db6072a72f3, findElement {using=xpath, value=//label[.='Employee Name']/parent::div/following-sibling::div//input}]
Capabilities {acceptInsecureCerts: false, browserName: chrome, browserVersion: 143.0.7499.147, chrome: {chromedriverVersion: 143.0.7499.169 (164b20aab62..., userDataDir: C:\Users\hp\AppData\Local\T...}, fedcm:accounts: true, goog:chromeOptions: {debuggerAddress: localhost:52117}, goog:processID: 17116, networkConnectionEnabled: false, pageLoadStrategy: normal, platformName: windows, proxy: Proxy(), se:cdp: ws://localhost:52117/devtoo..., se:cdpVersion: 143.0.7499.147, setWindowRect: true, strictFileInteractability: false, timeouts: {implicit: 0, pageLoad: 300000, script: 30000}, unhandledPromptBehavior: dismiss and notify, webauthn:extension:credBlob: true, webauthn:extension:largeBlob: true, webauthn:extension:minPinLength: true, webauthn:extension:prf: true, webauthn:virtualAuthenticators: true}
Session ID: 10c86fcf8be7695cc01e9db6072a72f3
2025-12-22 18:57:36 WARN  BaseClass - failed to apply color on border of element :unable to describe element attribute type!!!
2025-12-22 18:57:37 INFO  BaseClass - applied green color on border of element element with class attribute:oxd-text oxd-text--span oxd-main-menu-item--name
2025-12-22 18:57:37 INFO  BaseClass - element is displayed :element with class attribute:oxd-text oxd-text--span oxd-main-menu-item--name
2025-12-22 18:57:38 INFO  BaseClass - applied green color on border of element unable to describe element attribute type!!!
2025-12-22 18:57:38 INFO  BaseClass - element is displayed :unable to describe element attribute type!!!
2025-12-22 18:57:40 INFO  BaseClass - webdriver & ActionDriver classes instance terminated!!!
2025-12-22 18:57:40 INFO  BaseClass - webdriver & ActionDriver classes instance terminated!!!
2025-12-22 18:57:46 ERROR BaseClass - unable to enter text
2025-12-22 18:57:51 INFO  BaseClass - applied green color on border of element element with class attribute:oxd-text oxd-text--span oxd-main-menu-item--name
2025-12-22 18:57:51 INFO  BaseClass - element is displayed :element with class attribute:oxd-text oxd-text--span oxd-main-menu-item--name
2025-12-22 18:57:53 INFO  BaseClass - webdriver & ActionDriver classes instance terminated!!!
2025-12-22 18:57:56 ERROR BaseClass - unable to describe element attribute type!!!no such element: Unable to locate element: {"method":"xpath","selector":"//button[@type='submit']"}
  (Session info: chrome=143.0.7499.147)
For documentation on this error, please visit: https://www.selenium.dev/documentation/webdriver/troubleshooting/errors#nosuchelementexception
Build info: version: '4.39.0', revision: '126f156aee'
System info: os.name: 'Windows 10', os.arch: 'amd64', os.version: '10.0', java.version: '21.0.4'
Driver info: org.openqa.selenium.chrome.ChromeDriver
Command: [10c86fcf8be7695cc01e9db6072a72f3, findElement {using=xpath, value=//button[@type='submit']}]
Capabilities {acceptInsecureCerts: false, browserName: chrome, browserVersion: 143.0.7499.147, chrome: {chromedriverVersion: 143.0.7499.169 (164b20aab62..., userDataDir: C:\Users\hp\AppData\Local\T...}, fedcm:accounts: true, goog:chromeOptions: {debuggerAddress: localhost:52117}, goog:processID: 17116, networkConnectionEnabled: false, pageLoadStrategy: normal, platformName: windows, proxy: Proxy(), se:cdp: ws://localhost:52117/devtoo..., se:cdpVersion: 143.0.7499.147, setWindowRect: true, strictFileInteractability: false, timeouts: {implicit: 0, pageLoad: 300000, script: 30000}, unhandledPromptBehavior: dismiss and notify, webauthn:extension:credBlob: true, webauthn:extension:largeBlob: true, webauthn:extension:minPinLength: true, webauthn:extension:prf: true, webauthn:virtualAuthenticators: true}
Session ID: 10c86fcf8be7695cc01e9db6072a72f3
2025-12-22 18:58:16 ERROR BaseClass - unable to describe element attribute type!!!no such element: Unable to locate element: {"method":"xpath","selector":"//button[@type='submit']"}
  (Session info: chrome=143.0.7499.147)
For documentation on this error, please visit: https://www.selenium.dev/documentation/webdriver/troubleshooting/errors#nosuchelementexception
Build info: version: '4.39.0', revision: '126f156aee'
System info: os.name: 'Windows 10', os.arch: 'amd64', os.version: '10.0', java.version: '21.0.4'
Driver info: org.openqa.selenium.chrome.ChromeDriver
Command: [10c86fcf8be7695cc01e9db6072a72f3, findElement {using=xpath, value=//button[@type='submit']}]
Capabilities {acceptInsecureCerts: false, browserName: chrome, browserVersion: 143.0.7499.147, chrome: {chromedriverVersion: 143.0.7499.169 (164b20aab62..., userDataDir: C:\Users\hp\AppData\Local\T...}, fedcm:accounts: true, goog:chromeOptions: {debuggerAddress: localhost:52117}, goog:processID: 17116, networkConnectionEnabled: false, pageLoadStrategy: normal, platformName: windows, proxy: Proxy(), se:cdp: ws://localhost:52117/devtoo..., se:cdpVersion: 143.0.7499.147, setWindowRect: true, strictFileInteractability: false, timeouts: {implicit: 0, pageLoad: 300000, script: 30000}, unhandledPromptBehavior: dismiss and notify, webauthn:extension:credBlob: true, webauthn:extension:largeBlob: true, webauthn:extension:minPinLength: true, webauthn:extension:prf: true, webauthn:virtualAuthenticators: true}
Session ID: 10c86fcf8be7695cc01e9db6072a72f3
2025-12-22 18:58:16 WARN  BaseClass - failed to apply color on border of element :unable to describe element attribute type!!!
2025-12-22 18:58:47 ERROR BaseClass - element is not clickable!!!
2025-12-22 18:58:58 ERROR BaseClass - unable to click element
2025-12-22 18:59:08 INFO  BaseClass - unable to scroll to the element!!!
2025-12-22 18:59:08 INFO  BaseClass - DB connection successfull
2025-12-22 18:59:08 INFO  BaseClass - Executing query :SELECT employee_id,emp_firstname,emp_middle_name,emp_lastname FROM hs_hr_employee WHERE employee_id=0002
2025-12-22 18:59:08 INFO  BaseClass - query executed successfully
2025-12-22 18:59:08 INFO  BaseClass - able to store data from DB
2025-12-22 18:59:49 ERROR BaseClass - unable to compare texts
2025-12-22 19:00:03 INFO  BaseClass - config.properties file is loaded!!!
2025-12-22 19:00:08 INFO  BaseClass - chromeDriver initialized!!!
2025-12-22 19:00:08 INFO  BaseClass - chromeDriver initialized!!!
2025-12-22 19:00:08 INFO  BaseClass - chromeDriver initialized!!!
2025-12-22 19:00:09 INFO  BaseClass - chromeDriver initialized!!!
2025-12-22 19:00:09 INFO  BaseClass - chromeDriver initialized!!!
2025-12-22 19:00:11 INFO  BaseClass - browser is launched and window is mazimized
2025-12-22 19:00:11 INFO  BaseClass - ActionDriver initialized!!!
2025-12-22 19:00:11 INFO  BaseClass - ActionDriver class instance is created!!!----->30
2025-12-22 19:00:11 INFO  BaseClass - browser is launched and window is mazimized
2025-12-22 19:00:11 INFO  BaseClass - ActionDriver initialized!!!
2025-12-22 19:00:11 INFO  BaseClass - ActionDriver class instance is created!!!----->29
2025-12-22 19:00:11 INFO  BaseClass - browser is launched and window is mazimized
2025-12-22 19:00:11 INFO  BaseClass - ActionDriver initialized!!!
2025-12-22 19:00:11 INFO  BaseClass - ActionDriver class instance is created!!!----->31
2025-12-22 19:00:12 INFO  BaseClass - browser is launched and window is mazimized
2025-12-22 19:00:12 INFO  BaseClass - ActionDriver initialized!!!
2025-12-22 19:00:12 INFO  BaseClass - ActionDriver class instance is created!!!----->33
2025-12-22 19:00:12 INFO  BaseClass - browser is launched and window is mazimized
2025-12-22 19:00:12 INFO  BaseClass - ActionDriver initialized!!!
2025-12-22 19:00:12 INFO  BaseClass - ActionDriver class instance is created!!!----->32
2025-12-22 19:00:13 INFO  BaseClass - applied green color on border of element element with Name attribute:username
2025-12-22 19:00:13 INFO  BaseClass - applied green color on border of element element with Name attribute:username
2025-12-22 19:00:13 INFO  BaseClass - element with Name attribute:username is visible
2025-12-22 19:00:13 INFO  BaseClass - element with Name attribute:username is visible
2025-12-22 19:00:13 INFO  BaseClass - applied green color on border of element element with Name attribute:username
2025-12-22 19:00:13 INFO  BaseClass - element with Name attribute:username is visible
2025-12-22 19:00:13 INFO  BaseClass - applied green color on border of element element with Name attribute:username
2025-12-22 19:00:13 INFO  BaseClass - applied green color on border of element element with Name attribute:username
2025-12-22 19:00:13 INFO  BaseClass - Entered text :admin in element with Name attribute:username
2025-12-22 19:00:13 INFO  BaseClass - applied green color on border of element element with Name attribute:username
2025-12-22 19:00:14 INFO  BaseClass - Entered text :admin in element with Name attribute:username
2025-12-22 19:00:14 INFO  BaseClass - Entered text :Admin in element with Name attribute:username
2025-12-22 19:00:14 INFO  BaseClass - applied green color on border of element element with Name attribute:password
2025-12-22 19:00:14 INFO  BaseClass - element with Name attribute:password is visible
2025-12-22 19:00:15 INFO  BaseClass - applied green color on border of element element with Name attribute:password
2025-12-22 19:00:15 INFO  BaseClass - applied green color on border of element element with Name attribute:password
2025-12-22 19:00:15 INFO  BaseClass - element with Name attribute:password is visible
2025-12-22 19:00:15 INFO  BaseClass - element with Name attribute:password is visible
2025-12-22 19:00:15 INFO  BaseClass - applied green color on border of element element with Name attribute:password
2025-12-22 19:00:15 INFO  BaseClass - applied green color on border of element element with Name attribute:password
2025-12-22 19:00:15 INFO  BaseClass - applied green color on border of element element with Name attribute:password
2025-12-22 19:00:15 INFO  BaseClass - Entered text :Manish@880 in element with Name attribute:password
2025-12-22 19:00:15 INFO  BaseClass - Entered text :xxxxx in element with Name attribute:password
2025-12-22 19:00:15 INFO  BaseClass - Entered text :Manish@880 in element with Name attribute:password
2025-12-22 19:00:15 INFO  BaseClass - applied green color on border of element element with class attribute:oxd-button oxd-button--medium oxd-button--main orangehrm-login-button
2025-12-22 19:00:15 INFO  BaseClass - applied green color on border of element element with class attribute:oxd-button oxd-button--medium oxd-button--main orangehrm-login-button
2025-12-22 19:00:16 INFO  BaseClass - applied green color on border of element element with class attribute:oxd-button oxd-button--medium oxd-button--main orangehrm-login-button
2025-12-22 19:00:16 INFO  BaseClass - applied green color on border of element element with class attribute:oxd-button oxd-button--medium oxd-button--main orangehrm-login-button
2025-12-22 19:00:16 INFO  BaseClass - located element by element with class attribute:oxd-button oxd-button--medium oxd-button--main orangehrm-login-button is clickable
2025-12-22 19:00:16 INFO  BaseClass - applied green color on border of element element with class attribute:oxd-button oxd-button--medium oxd-button--main orangehrm-login-button
2025-12-22 19:00:16 INFO  BaseClass - applied green color on border of element element with class attribute:oxd-button oxd-button--medium oxd-button--main orangehrm-login-button
2025-12-22 19:00:16 INFO  BaseClass - located element by element with class attribute:oxd-button oxd-button--medium oxd-button--main orangehrm-login-button is clickable
2025-12-22 19:00:16 INFO  BaseClass - located element by element with class attribute:oxd-button oxd-button--medium oxd-button--main orangehrm-login-button is clickable
2025-12-22 19:00:16 INFO  BaseClass - clicked on :element with class attribute:oxd-button oxd-button--medium oxd-button--main orangehrm-login-button
2025-12-22 19:00:18 INFO  BaseClass - clicked on :element with class attribute:oxd-button oxd-button--medium oxd-button--main orangehrm-login-button
2025-12-22 19:00:18 INFO  BaseClass - clicked on :element with class attribute:oxd-button oxd-button--medium oxd-button--main orangehrm-login-button
2025-12-22 19:00:19 INFO  BaseClass - applied green color on border of element element with class attribute:oxd-text oxd-text--p oxd-alert-content-text
2025-12-22 19:00:20 INFO  BaseClass - element with class attribute:oxd-text oxd-text--p oxd-alert-content-text is visible
2025-12-22 19:00:20 INFO  BaseClass - applied green color on border of element element with class attribute:oxd-text oxd-text--p oxd-alert-content-text
2025-12-22 19:00:20 INFO  BaseClass - Text are equals :Invalid credentialsequals to Invalid credentials
2025-12-22 19:00:21 INFO  BaseClass - webdriver & ActionDriver classes instance terminated!!!
2025-12-22 19:00:21 INFO  BaseClass - webdriver & ActionDriver classes instance terminated!!!
2025-12-22 19:00:23 INFO  BaseClass - chromeDriver initialized!!!
2025-12-22 19:00:25 INFO  BaseClass - browser is launched and window is mazimized
2025-12-22 19:00:25 INFO  BaseClass - ActionDriver initialized!!!
2025-12-22 19:00:25 INFO  BaseClass - ActionDriver class instance is created!!!----->29
2025-12-22 19:00:25 INFO  BaseClass - starting verifyEmployeeFromDB()
2025-12-22 19:00:27 INFO  BaseClass - applied green color on border of element element with Name attribute:username
2025-12-22 19:00:27 INFO  BaseClass - element with Name attribute:username is visible
2025-12-22 19:00:27 INFO  BaseClass - webdriver & ActionDriver classes instance terminated!!!
2025-12-22 19:00:28 INFO  BaseClass - applied green color on border of element element with Name attribute:username
2025-12-22 19:00:28 INFO  BaseClass - Entered text :admin in element with Name attribute:username
2025-12-22 19:00:28 INFO  BaseClass - applied green color on border of element element with Name attribute:password
2025-12-22 19:00:28 INFO  BaseClass - chromeDriver initialized!!!
2025-12-22 19:00:29 INFO  BaseClass - element with Name attribute:password is visible
2025-12-22 19:00:29 INFO  BaseClass - applied green color on border of element element with Name attribute:password
2025-12-22 19:00:29 INFO  BaseClass - Entered text :Manish@880 in element with Name attribute:password
2025-12-22 19:00:29 INFO  BaseClass - browser is launched and window is mazimized
2025-12-22 19:00:29 INFO  BaseClass - ActionDriver initialized!!!
2025-12-22 19:00:29 INFO  BaseClass - ActionDriver class instance is created!!!----->32
2025-12-22 19:00:29 INFO  BaseClass - applied green color on border of element element with class attribute:oxd-button oxd-button--medium oxd-button--main orangehrm-login-button
2025-12-22 19:00:30 INFO  BaseClass - applied green color on border of element element with class attribute:oxd-button oxd-button--medium oxd-button--main orangehrm-login-button
2025-12-22 19:00:30 INFO  BaseClass - located element by element with class attribute:oxd-button oxd-button--medium oxd-button--main orangehrm-login-button is clickable
2025-12-22 19:00:30 INFO  BaseClass - applied green color on border of element element with Name attribute:username
2025-12-22 19:00:30 INFO  BaseClass - element with Name attribute:username is visible
2025-12-22 19:00:30 INFO  BaseClass - applied green color on border of element element with Name attribute:username
2025-12-22 19:00:30 INFO  BaseClass - Entered text :admin in element with Name attribute:username
2025-12-22 19:00:31 INFO  BaseClass - applied green color on border of element element with Name attribute:password
2025-12-22 19:00:31 INFO  BaseClass - element with Name attribute:password is visible
2025-12-22 19:00:31 INFO  BaseClass - applied green color on border of element element with Name attribute:password
2025-12-22 19:00:31 INFO  BaseClass - Entered text :Manish@880 in element with Name attribute:password
2025-12-22 19:00:31 ERROR BaseClass - unable to compare texts
2025-12-22 19:00:31 INFO  BaseClass - applied green color on border of element element with class attribute:oxd-button oxd-button--medium oxd-button--main orangehrm-login-button
2025-12-22 19:00:31 INFO  BaseClass - clicked on :element with class attribute:oxd-button oxd-button--medium oxd-button--main orangehrm-login-button
2025-12-22 19:00:32 INFO  BaseClass - applied green color on border of element element with class attribute:oxd-button oxd-button--medium oxd-button--main orangehrm-login-button
2025-12-22 19:00:32 INFO  BaseClass - located element by element with class attribute:oxd-button oxd-button--medium oxd-button--main orangehrm-login-button is clickable
2025-12-22 19:00:32 INFO  BaseClass - clicked on :element with class attribute:oxd-button oxd-button--medium oxd-button--main orangehrm-login-button
2025-12-22 19:00:35 INFO  BaseClass - applied green color on border of element element with class attribute:oxd-text oxd-text--span oxd-main-menu-item--name
2025-12-22 19:00:37 INFO  BaseClass - webdriver & ActionDriver classes instance terminated!!!
2025-12-22 19:00:39 INFO  BaseClass - chromeDriver initialized!!!
2025-12-22 19:00:40 INFO  BaseClass - browser is launched and window is mazimized
2025-12-22 19:00:40 INFO  BaseClass - ActionDriver initialized!!!
2025-12-22 19:00:40 INFO  BaseClass - ActionDriver class instance is created!!!----->30
2025-12-22 19:00:40 INFO  BaseClass - starting verifyEmployeeFromDB()
2025-12-22 19:00:41 INFO  BaseClass - applied green color on border of element element with Name attribute:username
2025-12-22 19:00:41 INFO  BaseClass - element with Name attribute:username is visible
2025-12-22 19:00:41 INFO  BaseClass - applied green color on border of element element with Name attribute:username
2025-12-22 19:00:41 INFO  BaseClass - Entered text :admin in element with Name attribute:username
2025-12-22 19:00:42 INFO  BaseClass - applied green color on border of element element with Name attribute:password
2025-12-22 19:00:42 INFO  BaseClass - element with Name attribute:password is visible
2025-12-22 19:00:42 INFO  BaseClass - applied green color on border of element element with Name attribute:password
2025-12-22 19:00:42 INFO  BaseClass - Entered text :Manish@880 in element with Name attribute:password
2025-12-22 19:00:42 INFO  BaseClass - applied green color on border of element element with class attribute:oxd-button oxd-button--medium oxd-button--main orangehrm-login-button
2025-12-22 19:00:43 INFO  BaseClass - applied green color on border of element element with class attribute:oxd-button oxd-button--medium oxd-button--main orangehrm-login-button
2025-12-22 19:00:43 INFO  BaseClass - located element by element with class attribute:oxd-button oxd-button--medium oxd-button--main orangehrm-login-button is clickable
2025-12-22 19:00:44 INFO  BaseClass - clicked on :element with class attribute:oxd-button oxd-button--medium oxd-button--main orangehrm-login-button
2025-12-22 19:00:45 INFO  BaseClass - applied green color on border of element element with class attribute:oxd-text oxd-text--span oxd-main-menu-item--name
2025-12-22 19:00:49 INFO  BaseClass - applied green color on border of element element with class attribute:oxd-text oxd-text--span oxd-main-menu-item--name
2025-12-22 19:00:49 INFO  BaseClass - applied green color on border of element unable to describe element attribute type!!!
2025-12-22 19:00:49 INFO  BaseClass - element is displayed :element with class attribute:oxd-text oxd-text--span oxd-main-menu-item--name
2025-12-22 19:00:49 INFO  BaseClass - element is displayed :unable to describe element attribute type!!!
2025-12-22 19:00:51 INFO  BaseClass - webdriver & ActionDriver classes instance terminated!!!
2025-12-22 19:00:51 INFO  BaseClass - webdriver & ActionDriver classes instance terminated!!!
2025-12-22 19:00:53 INFO  BaseClass - chromeDriver initialized!!!
2025-12-22 19:00:53 INFO  BaseClass - chromeDriver initialized!!!
2025-12-22 19:00:54 INFO  BaseClass - browser is launched and window is mazimized
2025-12-22 19:00:54 INFO  BaseClass - ActionDriver initialized!!!
2025-12-22 19:00:54 INFO  BaseClass - ActionDriver class instance is created!!!----->31
2025-12-22 19:00:54 INFO  BaseClass - browser is launched and window is mazimized
2025-12-22 19:00:54 INFO  BaseClass - ActionDriver initialized!!!
2025-12-22 19:00:54 INFO  BaseClass - ActionDriver class instance is created!!!----->33
2025-12-22 19:00:55 INFO  BaseClass - applied green color on border of element element with Name attribute:username
2025-12-22 19:00:55 INFO  BaseClass - element with Name attribute:username is visible
2025-12-22 19:00:56 INFO  BaseClass - applied green color on border of element element with Name attribute:username
2025-12-22 19:00:56 INFO  BaseClass - element with Name attribute:username is visible
2025-12-22 19:00:56 INFO  BaseClass - applied green color on border of element element with Name attribute:username
2025-12-22 19:00:56 INFO  BaseClass - applied green color on border of element element with Name attribute:username
2025-12-22 19:00:56 INFO  BaseClass - Entered text :admin in element with Name attribute:username
2025-12-22 19:00:56 INFO  BaseClass - Entered text :admin in element with Name attribute:username
2025-12-22 19:00:56 INFO  BaseClass - applied green color on border of element element with Name attribute:password
2025-12-22 19:00:56 INFO  BaseClass - element with Name attribute:password is visible
2025-12-22 19:00:57 INFO  BaseClass - applied green color on border of element element with Name attribute:password
2025-12-22 19:00:57 INFO  BaseClass - element with Name attribute:password is visible
2025-12-22 19:00:57 INFO  BaseClass - applied green color on border of element element with Name attribute:password
2025-12-22 19:00:57 INFO  BaseClass - Entered text :Manish@880 in element with Name attribute:password
2025-12-22 19:00:57 INFO  BaseClass - applied green color on border of element element with Name attribute:password
2025-12-22 19:00:58 INFO  BaseClass - Entered text :Manish@880 in element with Name attribute:password
2025-12-22 19:00:58 INFO  BaseClass - applied green color on border of element element with class attribute:oxd-button oxd-button--medium oxd-button--main orangehrm-login-button
2025-12-22 19:00:58 INFO  BaseClass - applied green color on border of element element with class attribute:oxd-button oxd-button--medium oxd-button--main orangehrm-login-button
2025-12-22 19:00:58 INFO  BaseClass - applied green color on border of element element with class attribute:oxd-button oxd-button--medium oxd-button--main orangehrm-login-button
2025-12-22 19:00:58 INFO  BaseClass - located element by element with class attribute:oxd-button oxd-button--medium oxd-button--main orangehrm-login-button is clickable
2025-12-22 19:00:58 INFO  BaseClass - applied green color on border of element element with class attribute:oxd-button oxd-button--medium oxd-button--main orangehrm-login-button
2025-12-22 19:00:59 INFO  BaseClass - located element by element with class attribute:oxd-button oxd-button--medium oxd-button--main orangehrm-login-button is clickable
2025-12-22 19:01:00 INFO  BaseClass - clicked on :element with class attribute:oxd-button oxd-button--medium oxd-button--main orangehrm-login-button
2025-12-22 19:01:00 INFO  BaseClass - clicked on :element with class attribute:oxd-button oxd-button--medium oxd-button--main orangehrm-login-button
2025-12-22 19:01:03 INFO  BaseClass - applied green color on border of element element with class attribute:oxd-text oxd-text--span oxd-main-menu-item--name
2025-12-22 19:01:03 INFO  BaseClass - element is displayed :element with class attribute:oxd-text oxd-text--span oxd-main-menu-item--name
2025-12-22 19:01:05 INFO  BaseClass - webdriver & ActionDriver classes instance terminated!!!
2025-12-22 19:01:05 ERROR BaseClass - element is not clickable!!!
2025-12-22 19:01:06 INFO  BaseClass - chromeDriver initialized!!!
2025-12-22 19:01:07 INFO  BaseClass - browser is launched and window is mazimized
2025-12-22 19:01:07 INFO  BaseClass - ActionDriver initialized!!!
2025-12-22 19:01:07 INFO  BaseClass - ActionDriver class instance is created!!!----->32
2025-12-22 19:01:09 INFO  BaseClass - applied green color on border of element element with Name attribute:username
2025-12-22 19:01:09 INFO  BaseClass - element with Name attribute:username is visible
2025-12-22 19:01:09 INFO  BaseClass - applied green color on border of element element with Name attribute:username
2025-12-22 19:01:09 INFO  BaseClass - Entered text :admin in element with Name attribute:username
2025-12-22 19:01:09 INFO  BaseClass - applied green color on border of element element with Name attribute:password
2025-12-22 19:01:09 INFO  BaseClass - element with Name attribute:password is visible
2025-12-22 19:01:10 INFO  BaseClass - applied green color on border of element element with Name attribute:password
2025-12-22 19:01:10 INFO  BaseClass - Entered text :Manish@880 in element with Name attribute:password
2025-12-22 19:01:10 INFO  BaseClass - applied green color on border of element element with class attribute:oxd-button oxd-button--medium oxd-button--main orangehrm-login-button
2025-12-22 19:01:11 INFO  BaseClass - applied green color on border of element element with class attribute:oxd-button oxd-button--medium oxd-button--main orangehrm-login-button
2025-12-22 19:01:11 INFO  BaseClass - located element by element with class attribute:oxd-button oxd-button--medium oxd-button--main orangehrm-login-button is clickable
2025-12-22 19:01:12 INFO  BaseClass - clicked on :element with class attribute:oxd-button oxd-button--medium oxd-button--main orangehrm-login-button
2025-12-22 19:01:15 ERROR BaseClass - unable to click element
2025-12-22 19:01:15 INFO  BaseClass - clicked on PIM Tab
2025-12-22 19:01:16 ERROR BaseClass - element is not clickable!!!
2025-12-22 19:01:26 ERROR BaseClass - unable to click element
2025-12-22 19:01:26 INFO  BaseClass - clicked on PIM Tab
2025-12-22 19:01:31 INFO  BaseClass - applied green color on border of element unable to describe element attribute type!!!
2025-12-22 19:01:31 INFO  BaseClass - applied green color on border of element element with class attribute:oxd-text oxd-text--span oxd-main-menu-item--name
2025-12-22 19:01:31 INFO  BaseClass - element is displayed :element with class attribute:oxd-text oxd-text--span oxd-main-menu-item--name
2025-12-22 19:01:31 INFO  BaseClass - element is displayed :unable to describe element attribute type!!!
2025-12-22 19:01:33 INFO  BaseClass - webdriver & ActionDriver classes instance terminated!!!
2025-12-22 19:01:33 INFO  BaseClass - webdriver & ActionDriver classes instance terminated!!!
2025-12-22 19:01:34 INFO  BaseClass - chromeDriver initialized!!!
2025-12-22 19:01:35 INFO  BaseClass - chromeDriver initialized!!!
2025-12-22 19:01:36 INFO  BaseClass - browser is launched and window is mazimized
2025-12-22 19:01:36 INFO  BaseClass - ActionDriver initialized!!!
2025-12-22 19:01:36 INFO  BaseClass - ActionDriver class instance is created!!!----->31
2025-12-22 19:01:36 INFO  BaseClass - browser is launched and window is mazimized
2025-12-22 19:01:36 INFO  BaseClass - ActionDriver initialized!!!
2025-12-22 19:01:36 INFO  BaseClass - ActionDriver class instance is created!!!----->33
2025-12-22 19:01:37 INFO  BaseClass - applied green color on border of element element with Name attribute:username
2025-12-22 19:01:37 INFO  BaseClass - applied green color on border of element element with Name attribute:username
2025-12-22 19:01:37 INFO  BaseClass - element with Name attribute:username is visible
2025-12-22 19:01:37 INFO  BaseClass - element with Name attribute:username is visible
2025-12-22 19:01:37 INFO  BaseClass - applied green color on border of element element with Name attribute:username
2025-12-22 19:01:37 INFO  BaseClass - applied green color on border of element element with Name attribute:username
2025-12-22 19:01:37 INFO  BaseClass - Entered text :admin in element with Name attribute:username
2025-12-22 19:01:37 INFO  BaseClass - Entered text :admin in element with Name attribute:username
2025-12-22 19:01:38 INFO  BaseClass - applied green color on border of element element with Name attribute:password
2025-12-22 19:01:38 INFO  BaseClass - element with Name attribute:password is visible
2025-12-22 19:01:38 INFO  BaseClass - applied green color on border of element element with Name attribute:password
2025-12-22 19:01:38 INFO  BaseClass - element with Name attribute:password is visible
2025-12-22 19:01:38 INFO  BaseClass - applied green color on border of element element with Name attribute:password
2025-12-22 19:01:38 INFO  BaseClass - applied green color on border of element element with Name attribute:password
2025-12-22 19:01:38 INFO  BaseClass - Entered text :Manish@880 in element with Name attribute:password
2025-12-22 19:01:38 INFO  BaseClass - Entered text :Manish@880 in element with Name attribute:password
2025-12-22 19:01:38 INFO  BaseClass - applied green color on border of element element with class attribute:oxd-button oxd-button--medium oxd-button--main orangehrm-login-button
2025-12-22 19:01:38 INFO  BaseClass - applied green color on border of element element with class attribute:oxd-button oxd-button--medium oxd-button--main orangehrm-login-button
2025-12-22 19:01:39 INFO  BaseClass - applied green color on border of element element with class attribute:oxd-button oxd-button--medium oxd-button--main orangehrm-login-button
2025-12-22 19:01:39 INFO  BaseClass - applied green color on border of element element with class attribute:oxd-button oxd-button--medium oxd-button--main orangehrm-login-button
2025-12-22 19:01:39 INFO  BaseClass - located element by element with class attribute:oxd-button oxd-button--medium oxd-button--main orangehrm-login-button is clickable
2025-12-22 19:01:39 INFO  BaseClass - located element by element with class attribute:oxd-button oxd-button--medium oxd-button--main orangehrm-login-button is clickable
2025-12-22 19:01:40 INFO  BaseClass - clicked on :element with class attribute:oxd-button oxd-button--medium oxd-button--main orangehrm-login-button
2025-12-22 19:01:40 INFO  BaseClass - clicked on :element with class attribute:oxd-button oxd-button--medium oxd-button--main orangehrm-login-button
2025-12-22 19:01:43 INFO  BaseClass - applied green color on border of element element with class attribute:oxd-text oxd-text--span oxd-main-menu-item--name
2025-12-22 19:01:43 INFO  BaseClass - element is displayed :element with class attribute:oxd-text oxd-text--span oxd-main-menu-item--name
2025-12-22 19:01:45 INFO  BaseClass - webdriver & ActionDriver classes instance terminated!!!
2025-12-22 19:01:47 INFO  BaseClass - chromeDriver initialized!!!
2025-12-22 19:01:48 INFO  BaseClass - browser is launched and window is mazimized
2025-12-22 19:01:48 INFO  BaseClass - ActionDriver initialized!!!
2025-12-22 19:01:48 INFO  BaseClass - ActionDriver class instance is created!!!----->32
2025-12-22 19:01:49 INFO  BaseClass - applied green color on border of element element with Name attribute:username
2025-12-22 19:01:49 INFO  BaseClass - element with Name attribute:username is visible
2025-12-22 19:01:49 INFO  BaseClass - applied green color on border of element element with Name attribute:username
2025-12-22 19:01:49 INFO  BaseClass - Entered text :admin in element with Name attribute:username
2025-12-22 19:01:49 INFO  BaseClass - applied green color on border of element element with Name attribute:password
2025-12-22 19:01:50 INFO  BaseClass - element with Name attribute:password is visible
2025-12-22 19:01:50 INFO  BaseClass - applied green color on border of element element with Name attribute:password
2025-12-22 19:01:50 INFO  BaseClass - Entered text :Manish@880 in element with Name attribute:password
2025-12-22 19:01:50 INFO  BaseClass - applied green color on border of element element with class attribute:oxd-button oxd-button--medium oxd-button--main orangehrm-login-button
2025-12-22 19:01:50 INFO  BaseClass - applied green color on border of element element with class attribute:oxd-button oxd-button--medium oxd-button--main orangehrm-login-button
2025-12-22 19:01:50 INFO  BaseClass - located element by element with class attribute:oxd-button oxd-button--medium oxd-button--main orangehrm-login-button is clickable
2025-12-22 19:01:51 INFO  BaseClass - clicked on :element with class attribute:oxd-button oxd-button--medium oxd-button--main orangehrm-login-button
2025-12-22 19:02:07 ERROR BaseClass - unable to describe element attribute type!!!no such element: Unable to locate element: {"method":"xpath","selector":"//label[.='Employee Name']/parent::div/following-sibling::div//input"}
  (Session info: chrome=143.0.7499.147)
For documentation on this error, please visit: https://www.selenium.dev/documentation/webdriver/troubleshooting/errors#nosuchelementexception
Build info: version: '4.39.0', revision: '126f156aee'
System info: os.name: 'Windows 10', os.arch: 'amd64', os.version: '10.0', java.version: '21.0.4'
Driver info: org.openqa.selenium.chrome.ChromeDriver
Command: [641c76c3cdf756a0c43796fdcd248291, findElement {value=//label[.='Employee Name']/parent::div/following-sibling::div//input, using=xpath}]
Capabilities {acceptInsecureCerts: false, browserName: chrome, browserVersion: 143.0.7499.147, chrome: {chromedriverVersion: 143.0.7499.169 (164b20aab62..., userDataDir: C:\Users\hp\AppData\Local\T...}, fedcm:accounts: true, goog:chromeOptions: {debuggerAddress: localhost:52899}, goog:processID: 21848, networkConnectionEnabled: false, pageLoadStrategy: normal, platformName: windows, proxy: Proxy(), se:cdp: ws://localhost:52899/devtoo..., se:cdpVersion: 143.0.7499.147, setWindowRect: true, strictFileInteractability: false, timeouts: {implicit: 0, pageLoad: 300000, script: 30000}, unhandledPromptBehavior: dismiss and notify, webauthn:extension:credBlob: true, webauthn:extension:largeBlob: true, webauthn:extension:minPinLength: true, webauthn:extension:prf: true, webauthn:virtualAuthenticators: true}
Session ID: 641c76c3cdf756a0c43796fdcd248291
2025-12-22 19:02:07 WARN  BaseClass - failed to apply color on border of element :unable to describe element attribute type!!!
2025-12-22 19:02:10 INFO  BaseClass - applied green color on border of element unable to describe element attribute type!!!
2025-12-22 19:02:11 INFO  BaseClass - applied green color on border of element element with class attribute:oxd-text oxd-text--span oxd-main-menu-item--name
2025-12-22 19:02:11 INFO  BaseClass - element is displayed :unable to describe element attribute type!!!
2025-12-22 19:02:11 INFO  BaseClass - element is displayed :element with class attribute:oxd-text oxd-text--span oxd-main-menu-item--name
2025-12-22 19:02:13 INFO  BaseClass - webdriver & ActionDriver classes instance terminated!!!
2025-12-22 19:02:13 INFO  BaseClass - webdriver & ActionDriver classes instance terminated!!!
2025-12-22 19:02:17 ERROR BaseClass - unable to enter text
2025-12-22 19:02:17 ERROR BaseClass - unable to describe element attribute type!!!no such element: Unable to locate element: {"method":"xpath","selector":"//label[.='Employee Name']/parent::div/following-sibling::div//input"}
  (Session info: chrome=143.0.7499.147)
For documentation on this error, please visit: https://www.selenium.dev/documentation/webdriver/troubleshooting/errors#nosuchelementexception
Build info: version: '4.39.0', revision: '126f156aee'
System info: os.name: 'Windows 10', os.arch: 'amd64', os.version: '10.0', java.version: '21.0.4'
Driver info: org.openqa.selenium.chrome.ChromeDriver
Command: [54d019fb0f62de01e92eb46fa66e9fd3, findElement {using=xpath, value=//label[.='Employee Name']/parent::div/following-sibling::div//input}]
Capabilities {acceptInsecureCerts: false, browserName: chrome, browserVersion: 143.0.7499.147, chrome: {chromedriverVersion: 143.0.7499.169 (164b20aab62..., userDataDir: C:\Users\hp\AppData\Local\T...}, fedcm:accounts: true, goog:chromeOptions: {debuggerAddress: localhost:53027}, goog:processID: 21960, networkConnectionEnabled: false, pageLoadStrategy: normal, platformName: windows, proxy: Proxy(), se:cdp: ws://localhost:53027/devtoo..., se:cdpVersion: 143.0.7499.147, setWindowRect: true, strictFileInteractability: false, timeouts: {implicit: 0, pageLoad: 300000, script: 30000}, unhandledPromptBehavior: dismiss and notify, webauthn:extension:credBlob: true, webauthn:extension:largeBlob: true, webauthn:extension:minPinLength: true, webauthn:extension:prf: true, webauthn:virtualAuthenticators: true}
Session ID: 54d019fb0f62de01e92eb46fa66e9fd3
2025-12-22 19:02:17 WARN  BaseClass - failed to apply color on border of element :unable to describe element attribute type!!!
2025-12-22 19:02:21 INFO  BaseClass - applied green color on border of element element with class attribute:oxd-text oxd-text--span oxd-main-menu-item--name
2025-12-22 19:02:21 INFO  BaseClass - element is displayed :element with class attribute:oxd-text oxd-text--span oxd-main-menu-item--name
2025-12-22 19:02:23 INFO  BaseClass - webdriver & ActionDriver classes instance terminated!!!
2025-12-22 19:02:27 ERROR BaseClass - unable to describe element attribute type!!!no such element: Unable to locate element: {"method":"xpath","selector":"//button[@type='submit']"}
  (Session info: chrome=143.0.7499.147)
For documentation on this error, please visit: https://www.selenium.dev/documentation/webdriver/troubleshooting/errors#nosuchelementexception
Build info: version: '4.39.0', revision: '126f156aee'
System info: os.name: 'Windows 10', os.arch: 'amd64', os.version: '10.0', java.version: '21.0.4'
Driver info: org.openqa.selenium.chrome.ChromeDriver
Command: [641c76c3cdf756a0c43796fdcd248291, findElement {value=//button[@type='submit'], using=xpath}]
Capabilities {acceptInsecureCerts: false, browserName: chrome, browserVersion: 143.0.7499.147, chrome: {chromedriverVersion: 143.0.7499.169 (164b20aab62..., userDataDir: C:\Users\hp\AppData\Local\T...}, fedcm:accounts: true, goog:chromeOptions: {debuggerAddress: localhost:52899}, goog:processID: 21848, networkConnectionEnabled: false, pageLoadStrategy: normal, platformName: windows, proxy: Proxy(), se:cdp: ws://localhost:52899/devtoo..., se:cdpVersion: 143.0.7499.147, setWindowRect: true, strictFileInteractability: false, timeouts: {implicit: 0, pageLoad: 300000, script: 30000}, unhandledPromptBehavior: dismiss and notify, webauthn:extension:credBlob: true, webauthn:extension:largeBlob: true, webauthn:extension:minPinLength: true, webauthn:extension:prf: true, webauthn:virtualAuthenticators: true}
Session ID: 641c76c3cdf756a0c43796fdcd248291
2025-12-22 19:02:27 ERROR BaseClass - unable to enter text
2025-12-22 19:02:38 ERROR BaseClass - unable to describe element attribute type!!!no such element: Unable to locate element: {"method":"xpath","selector":"//button[@type='submit']"}
  (Session info: chrome=143.0.7499.147)
For documentation on this error, please visit: https://www.selenium.dev/documentation/webdriver/troubleshooting/errors#nosuchelementexception
Build info: version: '4.39.0', revision: '126f156aee'
System info: os.name: 'Windows 10', os.arch: 'amd64', os.version: '10.0', java.version: '21.0.4'
Driver info: org.openqa.selenium.chrome.ChromeDriver
Command: [54d019fb0f62de01e92eb46fa66e9fd3, findElement {using=xpath, value=//button[@type='submit']}]
Capabilities {acceptInsecureCerts: false, browserName: chrome, browserVersion: 143.0.7499.147, chrome: {chromedriverVersion: 143.0.7499.169 (164b20aab62..., userDataDir: C:\Users\hp\AppData\Local\T...}, fedcm:accounts: true, goog:chromeOptions: {debuggerAddress: localhost:53027}, goog:processID: 21960, networkConnectionEnabled: false, pageLoadStrategy: normal, platformName: windows, proxy: Proxy(), se:cdp: ws://localhost:53027/devtoo..., se:cdpVersion: 143.0.7499.147, setWindowRect: true, strictFileInteractability: false, timeouts: {implicit: 0, pageLoad: 300000, script: 30000}, unhandledPromptBehavior: dismiss and notify, webauthn:extension:credBlob: true, webauthn:extension:largeBlob: true, webauthn:extension:minPinLength: true, webauthn:extension:prf: true, webauthn:virtualAuthenticators: true}
Session ID: 54d019fb0f62de01e92eb46fa66e9fd3
2025-12-22 19:02:47 ERROR BaseClass - unable to describe element attribute type!!!no such element: Unable to locate element: {"method":"xpath","selector":"//button[@type='submit']"}
  (Session info: chrome=143.0.7499.147)
For documentation on this error, please visit: https://www.selenium.dev/documentation/webdriver/troubleshooting/errors#nosuchelementexception
Build info: version: '4.39.0', revision: '126f156aee'
System info: os.name: 'Windows 10', os.arch: 'amd64', os.version: '10.0', java.version: '21.0.4'
Driver info: org.openqa.selenium.chrome.ChromeDriver
Command: [641c76c3cdf756a0c43796fdcd248291, findElement {value=//button[@type='submit'], using=xpath}]
Capabilities {acceptInsecureCerts: false, browserName: chrome, browserVersion: 143.0.7499.147, chrome: {chromedriverVersion: 143.0.7499.169 (164b20aab62..., userDataDir: C:\Users\hp\AppData\Local\T...}, fedcm:accounts: true, goog:chromeOptions: {debuggerAddress: localhost:52899}, goog:processID: 21848, networkConnectionEnabled: false, pageLoadStrategy: normal, platformName: windows, proxy: Proxy(), se:cdp: ws://localhost:52899/devtoo..., se:cdpVersion: 143.0.7499.147, setWindowRect: true, strictFileInteractability: false, timeouts: {implicit: 0, pageLoad: 300000, script: 30000}, unhandledPromptBehavior: dismiss and notify, webauthn:extension:credBlob: true, webauthn:extension:largeBlob: true, webauthn:extension:minPinLength: true, webauthn:extension:prf: true, webauthn:virtualAuthenticators: true}
Session ID: 641c76c3cdf756a0c43796fdcd248291
2025-12-22 19:02:47 WARN  BaseClass - failed to apply color on border of element :unable to describe element attribute type!!!
2025-12-22 19:02:58 ERROR BaseClass - unable to describe element attribute type!!!no such element: Unable to locate element: {"method":"xpath","selector":"//button[@type='submit']"}
  (Session info: chrome=143.0.7499.147)
For documentation on this error, please visit: https://www.selenium.dev/documentation/webdriver/troubleshooting/errors#nosuchelementexception
Build info: version: '4.39.0', revision: '126f156aee'
System info: os.name: 'Windows 10', os.arch: 'amd64', os.version: '10.0', java.version: '21.0.4'
Driver info: org.openqa.selenium.chrome.ChromeDriver
Command: [54d019fb0f62de01e92eb46fa66e9fd3, findElement {using=xpath, value=//button[@type='submit']}]
Capabilities {acceptInsecureCerts: false, browserName: chrome, browserVersion: 143.0.7499.147, chrome: {chromedriverVersion: 143.0.7499.169 (164b20aab62..., userDataDir: C:\Users\hp\AppData\Local\T...}, fedcm:accounts: true, goog:chromeOptions: {debuggerAddress: localhost:53027}, goog:processID: 21960, networkConnectionEnabled: false, pageLoadStrategy: normal, platformName: windows, proxy: Proxy(), se:cdp: ws://localhost:53027/devtoo..., se:cdpVersion: 143.0.7499.147, setWindowRect: true, strictFileInteractability: false, timeouts: {implicit: 0, pageLoad: 300000, script: 30000}, unhandledPromptBehavior: dismiss and notify, webauthn:extension:credBlob: true, webauthn:extension:largeBlob: true, webauthn:extension:minPinLength: true, webauthn:extension:prf: true, webauthn:virtualAuthenticators: true}
Session ID: 54d019fb0f62de01e92eb46fa66e9fd3
2025-12-22 19:02:58 WARN  BaseClass - failed to apply color on border of element :unable to describe element attribute type!!!
2025-12-22 19:03:05 INFO  BaseClass - config.properties file is loaded!!!
2025-12-22 19:03:10 INFO  BaseClass - chromeDriver initialized!!!
2025-12-22 19:03:10 INFO  BaseClass - chromeDriver initialized!!!
2025-12-22 19:03:10 INFO  BaseClass - chromeDriver initialized!!!
2025-12-22 19:03:10 INFO  BaseClass - chromeDriver initialized!!!
2025-12-22 19:03:10 INFO  BaseClass - chromeDriver initialized!!!
2025-12-22 19:03:11 INFO  BaseClass - browser is launched and window is mazimized
2025-12-22 19:03:11 INFO  BaseClass - ActionDriver initialized!!!
2025-12-22 19:03:11 INFO  BaseClass - ActionDriver class instance is created!!!----->33
2025-12-22 19:03:12 INFO  BaseClass - browser is launched and window is mazimized
2025-12-22 19:03:12 INFO  BaseClass - ActionDriver initialized!!!
2025-12-22 19:03:12 INFO  BaseClass - ActionDriver class instance is created!!!----->31
2025-12-22 19:03:12 INFO  BaseClass - browser is launched and window is mazimized
2025-12-22 19:03:12 INFO  BaseClass - ActionDriver initialized!!!
2025-12-22 19:03:12 INFO  BaseClass - ActionDriver class instance is created!!!----->29
2025-12-22 19:03:12 INFO  BaseClass - browser is launched and window is mazimized
2025-12-22 19:03:12 INFO  BaseClass - ActionDriver initialized!!!
2025-12-22 19:03:12 INFO  BaseClass - ActionDriver class instance is created!!!----->30
2025-12-22 19:03:12 INFO  BaseClass - browser is launched and window is mazimized
2025-12-22 19:03:12 INFO  BaseClass - ActionDriver initialized!!!
2025-12-22 19:03:12 INFO  BaseClass - ActionDriver class instance is created!!!----->32
2025-12-22 19:03:13 INFO  BaseClass - applied green color on border of element element with Name attribute:username
2025-12-22 19:03:13 INFO  BaseClass - applied green color on border of element element with Name attribute:username
2025-12-22 19:03:13 INFO  BaseClass - element with Name attribute:username is visible
2025-12-22 19:03:13 INFO  BaseClass - element with Name attribute:username is visible
2025-12-22 19:03:13 INFO  BaseClass - applied green color on border of element element with Name attribute:username
2025-12-22 19:03:14 INFO  BaseClass - element with Name attribute:username is visible
2025-12-22 19:03:14 INFO  BaseClass - applied green color on border of element element with Name attribute:username
2025-12-22 19:03:14 INFO  BaseClass - applied green color on border of element element with Name attribute:username
2025-12-22 19:03:14 INFO  BaseClass - applied green color on border of element element with Name attribute:username
2025-12-22 19:03:14 INFO  BaseClass - Entered text :admin in element with Name attribute:username
2025-12-22 19:03:14 INFO  BaseClass - Entered text :Admin in element with Name attribute:username
2025-12-22 19:03:14 INFO  BaseClass - Entered text :admin in element with Name attribute:username
2025-12-22 19:03:15 INFO  BaseClass - applied green color on border of element element with Name attribute:password
2025-12-22 19:03:15 INFO  BaseClass - applied green color on border of element element with Name attribute:password
2025-12-22 19:03:15 INFO  BaseClass - element with Name attribute:password is visible
2025-12-22 19:03:15 INFO  BaseClass - element with Name attribute:password is visible
2025-12-22 19:03:15 INFO  BaseClass - applied green color on border of element element with Name attribute:password
2025-12-22 19:03:15 INFO  BaseClass - element with Name attribute:password is visible
2025-12-22 19:03:15 INFO  BaseClass - applied green color on border of element element with Name attribute:password
2025-12-22 19:03:15 INFO  BaseClass - applied green color on border of element element with Name attribute:password
2025-12-22 19:03:15 INFO  BaseClass - applied green color on border of element element with Name attribute:password
2025-12-22 19:03:15 INFO  BaseClass - Entered text :xxxxx in element with Name attribute:password
2025-12-22 19:03:15 INFO  BaseClass - Entered text :Manish@880 in element with Name attribute:password
2025-12-22 19:03:16 INFO  BaseClass - Entered text :Manish@880 in element with Name attribute:password
2025-12-22 19:03:16 INFO  BaseClass - applied green color on border of element element with class attribute:oxd-button oxd-button--medium oxd-button--main orangehrm-login-button
2025-12-22 19:03:16 INFO  BaseClass - applied green color on border of element element with class attribute:oxd-button oxd-button--medium oxd-button--main orangehrm-login-button
2025-12-22 19:03:16 INFO  BaseClass - applied green color on border of element element with class attribute:oxd-button oxd-button--medium oxd-button--main orangehrm-login-button
2025-12-22 19:03:16 INFO  BaseClass - applied green color on border of element element with class attribute:oxd-button oxd-button--medium oxd-button--main orangehrm-login-button
2025-12-22 19:03:16 INFO  BaseClass - applied green color on border of element element with class attribute:oxd-button oxd-button--medium oxd-button--main orangehrm-login-button
2025-12-22 19:03:16 INFO  BaseClass - located element by element with class attribute:oxd-button oxd-button--medium oxd-button--main orangehrm-login-button is clickable
2025-12-22 19:03:16 INFO  BaseClass - located element by element with class attribute:oxd-button oxd-button--medium oxd-button--main orangehrm-login-button is clickable
2025-12-22 19:03:16 INFO  BaseClass - applied green color on border of element element with class attribute:oxd-button oxd-button--medium oxd-button--main orangehrm-login-button
2025-12-22 19:03:16 INFO  BaseClass - located element by element with class attribute:oxd-button oxd-button--medium oxd-button--main orangehrm-login-button is clickable
2025-12-22 19:03:16 INFO  BaseClass - clicked on :element with class attribute:oxd-button oxd-button--medium oxd-button--main orangehrm-login-button
2025-12-22 19:03:16 INFO  BaseClass - clicked on :element with class attribute:oxd-button oxd-button--medium oxd-button--main orangehrm-login-button
2025-12-22 19:03:17 INFO  BaseClass - clicked on :element with class attribute:oxd-button oxd-button--medium oxd-button--main orangehrm-login-button
2025-12-22 19:03:18 INFO  BaseClass - applied green color on border of element element with class attribute:oxd-text oxd-text--p oxd-alert-content-text
2025-12-22 19:03:18 INFO  BaseClass - element with class attribute:oxd-text oxd-text--p oxd-alert-content-text is visible
2025-12-22 19:03:19 INFO  BaseClass - applied green color on border of element element with class attribute:oxd-text oxd-text--p oxd-alert-content-text
2025-12-22 19:03:19 INFO  BaseClass - Text are equals :Invalid credentialsequals to Invalid credentials
2025-12-22 19:03:21 INFO  BaseClass - webdriver & ActionDriver classes instance terminated!!!
2025-12-22 19:03:21 INFO  BaseClass - webdriver & ActionDriver classes instance terminated!!!
2025-12-22 19:03:22 INFO  BaseClass - chromeDriver initialized!!!
2025-12-22 19:03:24 INFO  BaseClass - browser is launched and window is mazimized
2025-12-22 19:03:24 INFO  BaseClass - ActionDriver initialized!!!
2025-12-22 19:03:24 INFO  BaseClass - ActionDriver class instance is created!!!----->30
2025-12-22 19:03:24 INFO  BaseClass - starting verifyEmployeeFromDB()
2025-12-22 19:03:26 INFO  BaseClass - applied green color on border of element element with Name attribute:username
2025-12-22 19:03:27 INFO  BaseClass - element with Name attribute:username is visible
2025-12-22 19:03:27 INFO  BaseClass - applied green color on border of element element with Name attribute:username
2025-12-22 19:03:27 INFO  BaseClass - Entered text :admin in element with Name attribute:username
2025-12-22 19:03:27 INFO  BaseClass - applied green color on border of element element with Name attribute:password
2025-12-22 19:03:27 INFO  BaseClass - element with Name attribute:password is visible
2025-12-22 19:03:28 INFO  BaseClass - applied green color on border of element element with Name attribute:password
2025-12-22 19:03:28 INFO  BaseClass - Entered text :Manish@880 in element with Name attribute:password
2025-12-22 19:03:28 INFO  BaseClass - applied green color on border of element element with class attribute:oxd-button oxd-button--medium oxd-button--main orangehrm-login-button
2025-12-22 19:03:28 INFO  BaseClass - applied green color on border of element element with class attribute:oxd-button oxd-button--medium oxd-button--main orangehrm-login-button
2025-12-22 19:03:28 INFO  BaseClass - located element by element with class attribute:oxd-button oxd-button--medium oxd-button--main orangehrm-login-button is clickable
2025-12-22 19:03:28 INFO  BaseClass - clicked on :element with class attribute:oxd-button oxd-button--medium oxd-button--main orangehrm-login-button
2025-12-22 19:03:29 ERROR BaseClass - element is not clickable!!!
2025-12-22 19:03:31 INFO  BaseClass - applied green color on border of element element with class attribute:oxd-text oxd-text--span oxd-main-menu-item--name
2025-12-22 19:03:31 INFO  BaseClass - webdriver & ActionDriver classes instance terminated!!!
2025-12-22 19:03:32 INFO  BaseClass - chromeDriver initialized!!!
2025-12-22 19:03:33 INFO  BaseClass - browser is launched and window is mazimized
2025-12-22 19:03:33 INFO  BaseClass - ActionDriver initialized!!!
2025-12-22 19:03:33 INFO  BaseClass - ActionDriver class instance is created!!!----->32
2025-12-22 19:03:34 INFO  BaseClass - applied green color on border of element element with Name attribute:username
2025-12-22 19:03:34 INFO  BaseClass - element with Name attribute:username is visible
2025-12-22 19:03:34 INFO  BaseClass - applied green color on border of element element with Name attribute:username
2025-12-22 19:03:34 INFO  BaseClass - Entered text :admin in element with Name attribute:username
2025-12-22 19:03:34 INFO  BaseClass - applied green color on border of element element with Name attribute:password
2025-12-22 19:03:34 INFO  BaseClass - element with Name attribute:password is visible
2025-12-22 19:03:35 INFO  BaseClass - applied green color on border of element element with Name attribute:password
2025-12-22 19:03:35 INFO  BaseClass - Entered text :Manish@880 in element with Name attribute:password
2025-12-22 19:03:35 INFO  BaseClass - applied green color on border of element element with class attribute:oxd-button oxd-button--medium oxd-button--main orangehrm-login-button
2025-12-22 19:03:35 INFO  BaseClass - applied green color on border of element element with class attribute:oxd-button oxd-button--medium oxd-button--main orangehrm-login-button
2025-12-22 19:03:35 INFO  BaseClass - located element by element with class attribute:oxd-button oxd-button--medium oxd-button--main orangehrm-login-button is clickable
2025-12-22 19:03:35 INFO  BaseClass - clicked on :element with class attribute:oxd-button oxd-button--medium oxd-button--main orangehrm-login-button
2025-12-22 19:03:39 ERROR BaseClass - unable to click element
2025-12-22 19:03:47 INFO  BaseClass - applied green color on border of element unable to describe element attribute type!!!
2025-12-22 19:03:47 INFO  BaseClass - applied green color on border of element element with class attribute:oxd-text oxd-text--span oxd-main-menu-item--name
2025-12-22 19:03:47 INFO  BaseClass - element is displayed :element with class attribute:oxd-text oxd-text--span oxd-main-menu-item--name
2025-12-22 19:03:47 INFO  BaseClass - element is displayed :unable to describe element attribute type!!!
2025-12-22 19:03:50 INFO  BaseClass - unable to scroll to the element!!!
2025-12-22 19:03:50 INFO  BaseClass - DB connection successfull
2025-12-22 19:03:50 INFO  BaseClass - Executing query :SELECT employee_id,emp_firstname,emp_middle_name,emp_lastname FROM hs_hr_employee WHERE employee_id=0002
2025-12-22 19:03:50 INFO  BaseClass - query executed successfully
2025-12-22 19:03:50 INFO  BaseClass - able to store data from DB
2025-12-22 19:03:50 INFO  BaseClass - webdriver & ActionDriver classes instance terminated!!!
2025-12-22 19:03:50 INFO  BaseClass - webdriver & ActionDriver classes instance terminated!!!
2025-12-22 19:03:52 INFO  BaseClass - chromeDriver initialized!!!
2025-12-22 19:03:52 INFO  BaseClass - chromeDriver initialized!!!
2025-12-22 19:03:54 INFO  BaseClass - browser is launched and window is mazimized
2025-12-22 19:03:54 INFO  BaseClass - ActionDriver initialized!!!
2025-12-22 19:03:54 INFO  BaseClass - ActionDriver class instance is created!!!----->33
2025-12-22 19:03:54 INFO  BaseClass - browser is launched and window is mazimized
2025-12-22 19:03:54 INFO  BaseClass - ActionDriver initialized!!!
2025-12-22 19:03:54 INFO  BaseClass - ActionDriver class instance is created!!!----->31
2025-12-22 19:03:55 INFO  BaseClass - applied green color on border of element element with Name attribute:username
2025-12-22 19:03:55 INFO  BaseClass - applied green color on border of element element with Name attribute:username
2025-12-22 19:03:55 INFO  BaseClass - element with Name attribute:username is visible
2025-12-22 19:03:55 INFO  BaseClass - element with Name attribute:username is visible
2025-12-22 19:03:55 INFO  BaseClass - applied green color on border of element element with Name attribute:username
2025-12-22 19:03:55 INFO  BaseClass - applied green color on border of element element with Name attribute:username
2025-12-22 19:03:55 INFO  BaseClass - Entered text :admin in element with Name attribute:username
2025-12-22 19:03:55 INFO  BaseClass - Entered text :admin in element with Name attribute:username
2025-12-22 19:03:55 INFO  BaseClass - applied green color on border of element element with Name attribute:password
2025-12-22 19:03:55 INFO  BaseClass - applied green color on border of element element with Name attribute:password
2025-12-22 19:03:55 INFO  BaseClass - element with Name attribute:password is visible
2025-12-22 19:03:55 INFO  BaseClass - element with Name attribute:password is visible
2025-12-22 19:03:56 INFO  BaseClass - applied green color on border of element element with Name attribute:password
2025-12-22 19:03:56 INFO  BaseClass - applied green color on border of element element with Name attribute:password
2025-12-22 19:03:56 INFO  BaseClass - Entered text :Manish@880 in element with Name attribute:password
2025-12-22 19:03:56 INFO  BaseClass - Entered text :Manish@880 in element with Name attribute:password
2025-12-22 19:03:56 INFO  BaseClass - applied green color on border of element element with class attribute:oxd-button oxd-button--medium oxd-button--main orangehrm-login-button
2025-12-22 19:03:56 INFO  BaseClass - applied green color on border of element element with class attribute:oxd-button oxd-button--medium oxd-button--main orangehrm-login-button
2025-12-22 19:03:56 INFO  BaseClass - applied green color on border of element element with class attribute:oxd-button oxd-button--medium oxd-button--main orangehrm-login-button
2025-12-22 19:03:56 INFO  BaseClass - applied green color on border of element element with class attribute:oxd-button oxd-button--medium oxd-button--main orangehrm-login-button
2025-12-22 19:03:56 INFO  BaseClass - located element by element with class attribute:oxd-button oxd-button--medium oxd-button--main orangehrm-login-button is clickable
2025-12-22 19:03:56 INFO  BaseClass - located element by element with class attribute:oxd-button oxd-button--medium oxd-button--main orangehrm-login-button is clickable
2025-12-22 19:03:58 INFO  BaseClass - clicked on :element with class attribute:oxd-button oxd-button--medium oxd-button--main orangehrm-login-button
2025-12-22 19:03:58 INFO  BaseClass - clicked on :element with class attribute:oxd-button oxd-button--medium oxd-button--main orangehrm-login-button
2025-12-22 19:04:01 ERROR BaseClass - element is not clickable!!!
2025-12-22 19:04:06 INFO  BaseClass - applied green color on border of element element with class attribute:oxd-text oxd-text--span oxd-main-menu-item--name
2025-12-22 19:04:06 INFO  BaseClass - element is displayed :element with class attribute:oxd-text oxd-text--span oxd-main-menu-item--name
2025-12-22 19:04:08 INFO  BaseClass - webdriver & ActionDriver classes instance terminated!!!
2025-12-22 19:04:10 INFO  BaseClass - chromeDriver initialized!!!
2025-12-22 19:04:10 INFO  BaseClass - browser is launched and window is mazimized
2025-12-22 19:04:10 INFO  BaseClass - ActionDriver initialized!!!
2025-12-22 19:04:10 INFO  BaseClass - ActionDriver class instance is created!!!----->32
2025-12-22 19:04:11 ERROR BaseClass - unable to click element
2025-12-22 19:04:11 INFO  BaseClass - clicked on PIM Tab
2025-12-22 19:04:12 INFO  BaseClass - applied green color on border of element element with Name attribute:username
2025-12-22 19:04:12 INFO  BaseClass - element with Name attribute:username is visible
2025-12-22 19:04:12 INFO  BaseClass - applied green color on border of element element with Name attribute:username
2025-12-22 19:04:13 INFO  BaseClass - Entered text :admin in element with Name attribute:username
2025-12-22 19:04:13 INFO  BaseClass - applied green color on border of element element with Name attribute:password
2025-12-22 19:04:13 INFO  BaseClass - element with Name attribute:password is visible
2025-12-22 19:04:13 INFO  BaseClass - applied green color on border of element element with Name attribute:password
2025-12-22 19:04:14 INFO  BaseClass - Entered text :Manish@880 in element with Name attribute:password
2025-12-22 19:04:14 INFO  BaseClass - applied green color on border of element element with class attribute:oxd-button oxd-button--medium oxd-button--main orangehrm-login-button
2025-12-22 19:04:14 INFO  BaseClass - applied green color on border of element element with class attribute:oxd-button oxd-button--medium oxd-button--main orangehrm-login-button
2025-12-22 19:04:14 INFO  BaseClass - located element by element with class attribute:oxd-button oxd-button--medium oxd-button--main orangehrm-login-button is clickable
2025-12-22 19:04:15 INFO  BaseClass - clicked on :element with class attribute:oxd-button oxd-button--medium oxd-button--main orangehrm-login-button
2025-12-22 19:04:28 INFO  BaseClass - applied green color on border of element element with class attribute:oxd-text oxd-text--span oxd-main-menu-item--name
2025-12-22 19:04:28 INFO  BaseClass - element is displayed :element with class attribute:oxd-text oxd-text--span oxd-main-menu-item--name
2025-12-22 19:04:28 INFO  BaseClass - applied green color on border of element unable to describe element attribute type!!!
2025-12-22 19:04:28 INFO  BaseClass - element is displayed :unable to describe element attribute type!!!
2025-12-22 19:04:30 INFO  BaseClass - webdriver & ActionDriver classes instance terminated!!!
2025-12-22 19:04:30 INFO  BaseClass - webdriver & ActionDriver classes instance terminated!!!
2025-12-22 19:04:31 ERROR BaseClass - unable to compare texts
2025-12-22 19:04:32 INFO  BaseClass - chromeDriver initialized!!!
2025-12-22 19:04:32 INFO  BaseClass - chromeDriver initialized!!!
2025-12-22 19:04:32 INFO  BaseClass - browser is launched and window is mazimized
2025-12-22 19:04:32 INFO  BaseClass - ActionDriver initialized!!!
2025-12-22 19:04:32 INFO  BaseClass - ActionDriver class instance is created!!!----->33
2025-12-22 19:04:32 INFO  BaseClass - browser is launched and window is mazimized
2025-12-22 19:04:32 INFO  BaseClass - ActionDriver initialized!!!
2025-12-22 19:04:32 INFO  BaseClass - ActionDriver class instance is created!!!----->31
2025-12-22 19:04:33 INFO  BaseClass - applied green color on border of element element with Name attribute:username
2025-12-22 19:04:33 INFO  BaseClass - element with Name attribute:username is visible
2025-12-22 19:04:33 INFO  BaseClass - applied green color on border of element element with Name attribute:username
2025-12-22 19:04:33 INFO  BaseClass - element with Name attribute:username is visible
2025-12-22 19:04:34 INFO  BaseClass - applied green color on border of element element with Name attribute:username
2025-12-22 19:04:34 INFO  BaseClass - applied green color on border of element element with Name attribute:username
2025-12-22 19:04:34 INFO  BaseClass - Entered text :admin in element with Name attribute:username
2025-12-22 19:04:34 INFO  BaseClass - Entered text :admin in element with Name attribute:username
2025-12-22 19:04:34 INFO  BaseClass - applied green color on border of element element with Name attribute:password
2025-12-22 19:04:34 INFO  BaseClass - element with Name attribute:password is visible
2025-12-22 19:04:34 INFO  BaseClass - applied green color on border of element element with Name attribute:password
2025-12-22 19:04:34 INFO  BaseClass - element with Name attribute:password is visible
2025-12-22 19:04:34 INFO  BaseClass - applied green color on border of element element with Name attribute:password
2025-12-22 19:04:34 INFO  BaseClass - applied green color on border of element element with Name attribute:password
2025-12-22 19:04:34 INFO  BaseClass - Entered text :Manish@880 in element with Name attribute:password
2025-12-22 19:04:34 INFO  BaseClass - Entered text :Manish@880 in element with Name attribute:password
2025-12-22 19:04:35 INFO  BaseClass - applied green color on border of element element with class attribute:oxd-button oxd-button--medium oxd-button--main orangehrm-login-button
2025-12-22 19:04:35 INFO  BaseClass - applied green color on border of element element with class attribute:oxd-button oxd-button--medium oxd-button--main orangehrm-login-button
2025-12-22 19:04:35 INFO  BaseClass - applied green color on border of element element with class attribute:oxd-button oxd-button--medium oxd-button--main orangehrm-login-button
2025-12-22 19:04:35 INFO  BaseClass - located element by element with class attribute:oxd-button oxd-button--medium oxd-button--main orangehrm-login-button is clickable
2025-12-22 19:04:35 INFO  BaseClass - applied green color on border of element element with class attribute:oxd-button oxd-button--medium oxd-button--main orangehrm-login-button
2025-12-22 19:04:35 INFO  BaseClass - located element by element with class attribute:oxd-button oxd-button--medium oxd-button--main orangehrm-login-button is clickable
2025-12-22 19:04:35 INFO  BaseClass - clicked on :element with class attribute:oxd-button oxd-button--medium oxd-button--main orangehrm-login-button
2025-12-22 19:04:36 INFO  BaseClass - clicked on :element with class attribute:oxd-button oxd-button--medium oxd-button--main orangehrm-login-button
2025-12-22 19:04:46 INFO  BaseClass - applied green color on border of element element with class attribute:oxd-text oxd-text--span oxd-main-menu-item--name
2025-12-22 19:04:46 INFO  BaseClass - element is displayed :element with class attribute:oxd-text oxd-text--span oxd-main-menu-item--name
2025-12-22 19:04:49 INFO  BaseClass - webdriver & ActionDriver classes instance terminated!!!
2025-12-22 19:04:50 INFO  BaseClass - chromeDriver initialized!!!
2025-12-22 19:04:51 INFO  BaseClass - browser is launched and window is mazimized
2025-12-22 19:04:51 INFO  BaseClass - ActionDriver initialized!!!
2025-12-22 19:04:51 INFO  BaseClass - ActionDriver class instance is created!!!----->32
2025-12-22 19:04:52 INFO  BaseClass - applied green color on border of element element with Name attribute:username
2025-12-22 19:04:52 INFO  BaseClass - element with Name attribute:username is visible
2025-12-22 19:04:52 INFO  BaseClass - applied green color on border of element element with Name attribute:username
2025-12-22 19:04:52 INFO  BaseClass - Entered text :admin in element with Name attribute:username
2025-12-22 19:04:52 INFO  BaseClass - applied green color on border of element element with Name attribute:password
2025-12-22 19:04:52 INFO  BaseClass - element with Name attribute:password is visible
2025-12-22 19:04:53 INFO  BaseClass - applied green color on border of element element with Name attribute:password
2025-12-22 19:04:53 INFO  BaseClass - Entered text :Manish@880 in element with Name attribute:password
2025-12-22 19:04:53 INFO  BaseClass - applied green color on border of element element with class attribute:oxd-button oxd-button--medium oxd-button--main orangehrm-login-button
2025-12-22 19:04:53 INFO  BaseClass - applied green color on border of element element with class attribute:oxd-button oxd-button--medium oxd-button--main orangehrm-login-button
2025-12-22 19:04:53 INFO  BaseClass - located element by element with class attribute:oxd-button oxd-button--medium oxd-button--main orangehrm-login-button is clickable
2025-12-22 19:04:54 INFO  BaseClass - clicked on :element with class attribute:oxd-button oxd-button--medium oxd-button--main orangehrm-login-button
2025-12-22 19:05:03 ERROR BaseClass - unable to describe element attribute type!!!no such element: Unable to locate element: {"method":"xpath","selector":"//label[.='Employee Name']/parent::div/following-sibling::div//input"}
  (Session info: chrome=143.0.7499.147)
For documentation on this error, please visit: https://www.selenium.dev/documentation/webdriver/troubleshooting/errors#nosuchelementexception
Build info: version: '4.39.0', revision: '126f156aee'
System info: os.name: 'Windows 10', os.arch: 'amd64', os.version: '10.0', java.version: '21.0.4'
Driver info: org.openqa.selenium.chrome.ChromeDriver
Command: [b50b1579bedc62548a7bc7c6c9c4f80f, findElement {using=xpath, value=//label[.='Employee Name']/parent::div/following-sibling::div//input}]
Capabilities {acceptInsecureCerts: false, browserName: chrome, browserVersion: 143.0.7499.147, chrome: {chromedriverVersion: 143.0.7499.169 (164b20aab62..., userDataDir: C:\Users\hp\AppData\Local\T...}, fedcm:accounts: true, goog:chromeOptions: {debuggerAddress: localhost:53715}, goog:processID: 22204, networkConnectionEnabled: false, pageLoadStrategy: normal, platformName: windows, proxy: Proxy(), se:cdp: ws://localhost:53715/devtoo..., se:cdpVersion: 143.0.7499.147, setWindowRect: true, strictFileInteractability: false, timeouts: {implicit: 0, pageLoad: 300000, script: 30000}, unhandledPromptBehavior: dismiss and notify, webauthn:extension:credBlob: true, webauthn:extension:largeBlob: true, webauthn:extension:minPinLength: true, webauthn:extension:prf: true, webauthn:virtualAuthenticators: true}
Session ID: b50b1579bedc62548a7bc7c6c9c4f80f
2025-12-22 19:05:03 WARN  BaseClass - failed to apply color on border of element :unable to describe element attribute type!!!
2025-12-22 19:05:06 INFO  BaseClass - applied green color on border of element unable to describe element attribute type!!!
2025-12-22 19:05:06 INFO  BaseClass - element is displayed :unable to describe element attribute type!!!
2025-12-22 19:05:07 INFO  BaseClass - applied green color on border of element element with class attribute:oxd-text oxd-text--span oxd-main-menu-item--name
2025-12-22 19:05:07 INFO  BaseClass - element is displayed :element with class attribute:oxd-text oxd-text--span oxd-main-menu-item--name
2025-12-22 19:05:08 INFO  BaseClass - webdriver & ActionDriver classes instance terminated!!!
2025-12-22 19:05:09 INFO  BaseClass - webdriver & ActionDriver classes instance terminated!!!
2025-12-22 19:05:13 ERROR BaseClass - unable to compare texts
2025-12-22 19:05:13 ERROR BaseClass - unable to enter text
2025-12-22 19:05:15 INFO  BaseClass - webdriver & ActionDriver classes instance terminated!!!
2025-12-22 19:05:16 INFO  BaseClass - chromeDriver initialized!!!
2025-12-22 19:05:17 INFO  BaseClass - browser is launched and window is mazimized
2025-12-22 19:05:17 INFO  BaseClass - ActionDriver initialized!!!
2025-12-22 19:05:17 INFO  BaseClass - ActionDriver class instance is created!!!----->30
2025-12-22 19:05:17 INFO  BaseClass - starting verifyEmployeeFromDB()
2025-12-22 19:05:17 INFO  BaseClass - applied green color on border of element element with Name attribute:username
2025-12-22 19:05:17 INFO  BaseClass - element with Name attribute:username is visible
2025-12-22 19:05:17 INFO  BaseClass - applied green color on border of element element with Name attribute:username
2025-12-22 19:05:17 INFO  BaseClass - Entered text :admin in element with Name attribute:username
2025-12-22 19:05:18 INFO  BaseClass - applied green color on border of element element with Name attribute:password
2025-12-22 19:05:18 INFO  BaseClass - element with Name attribute:password is visible
2025-12-22 19:05:18 INFO  BaseClass - applied green color on border of element element with Name attribute:password
2025-12-22 19:05:18 INFO  BaseClass - Entered text :Manish@880 in element with Name attribute:password
2025-12-22 19:05:18 INFO  BaseClass - applied green color on border of element element with class attribute:oxd-button oxd-button--medium oxd-button--main orangehrm-login-button
2025-12-22 19:05:18 INFO  BaseClass - applied green color on border of element element with class attribute:oxd-button oxd-button--medium oxd-button--main orangehrm-login-button
2025-12-22 19:05:18 INFO  BaseClass - located element by element with class attribute:oxd-button oxd-button--medium oxd-button--main orangehrm-login-button is clickable
2025-12-22 19:05:18 INFO  BaseClass - clicked on :element with class attribute:oxd-button oxd-button--medium oxd-button--main orangehrm-login-button
2025-12-22 19:05:21 INFO  BaseClass - applied green color on border of element element with class attribute:oxd-text oxd-text--span oxd-main-menu-item--name
2025-12-22 19:05:23 ERROR BaseClass - unable to describe element attribute type!!!no such element: Unable to locate element: {"method":"xpath","selector":"//button[@type='submit']"}
  (Session info: chrome=143.0.7499.147)
For documentation on this error, please visit: https://www.selenium.dev/documentation/webdriver/troubleshooting/errors#nosuchelementexception
Build info: version: '4.39.0', revision: '126f156aee'
System info: os.name: 'Windows 10', os.arch: 'amd64', os.version: '10.0', java.version: '21.0.4'
Driver info: org.openqa.selenium.chrome.ChromeDriver
Command: [b50b1579bedc62548a7bc7c6c9c4f80f, findElement {using=xpath, value=//button[@type='submit']}]
Capabilities {acceptInsecureCerts: false, browserName: chrome, browserVersion: 143.0.7499.147, chrome: {chromedriverVersion: 143.0.7499.169 (164b20aab62..., userDataDir: C:\Users\hp\AppData\Local\T...}, fedcm:accounts: true, goog:chromeOptions: {debuggerAddress: localhost:53715}, goog:processID: 22204, networkConnectionEnabled: false, pageLoadStrategy: normal, platformName: windows, proxy: Proxy(), se:cdp: ws://localhost:53715/devtoo..., se:cdpVersion: 143.0.7499.147, setWindowRect: true, strictFileInteractability: false, timeouts: {implicit: 0, pageLoad: 300000, script: 30000}, unhandledPromptBehavior: dismiss and notify, webauthn:extension:credBlob: true, webauthn:extension:largeBlob: true, webauthn:extension:minPinLength: true, webauthn:extension:prf: true, webauthn:virtualAuthenticators: true}
Session ID: b50b1579bedc62548a7bc7c6c9c4f80f
2025-12-22 19:05:25 INFO  BaseClass - applied green color on border of element element with class attribute:oxd-text oxd-text--span oxd-main-menu-item--name
2025-12-22 19:05:25 INFO  BaseClass - element is displayed :element with class attribute:oxd-text oxd-text--span oxd-main-menu-item--name
2025-12-22 19:05:27 INFO  BaseClass - webdriver & ActionDriver classes instance terminated!!!
2025-12-22 19:05:43 ERROR BaseClass - unable to describe element attribute type!!!no such element: Unable to locate element: {"method":"xpath","selector":"//button[@type='submit']"}
  (Session info: chrome=143.0.7499.147)
For documentation on this error, please visit: https://www.selenium.dev/documentation/webdriver/troubleshooting/errors#nosuchelementexception
Build info: version: '4.39.0', revision: '126f156aee'
System info: os.name: 'Windows 10', os.arch: 'amd64', os.version: '10.0', java.version: '21.0.4'
Driver info: org.openqa.selenium.chrome.ChromeDriver
Command: [b50b1579bedc62548a7bc7c6c9c4f80f, findElement {using=xpath, value=//button[@type='submit']}]
Capabilities {acceptInsecureCerts: false, browserName: chrome, browserVersion: 143.0.7499.147, chrome: {chromedriverVersion: 143.0.7499.169 (164b20aab62..., userDataDir: C:\Users\hp\AppData\Local\T...}, fedcm:accounts: true, goog:chromeOptions: {debuggerAddress: localhost:53715}, goog:processID: 22204, networkConnectionEnabled: false, pageLoadStrategy: normal, platformName: windows, proxy: Proxy(), se:cdp: ws://localhost:53715/devtoo..., se:cdpVersion: 143.0.7499.147, setWindowRect: true, strictFileInteractability: false, timeouts: {implicit: 0, pageLoad: 300000, script: 30000}, unhandledPromptBehavior: dismiss and notify, webauthn:extension:credBlob: true, webauthn:extension:largeBlob: true, webauthn:extension:minPinLength: true, webauthn:extension:prf: true, webauthn:virtualAuthenticators: true}
Session ID: b50b1579bedc62548a7bc7c6c9c4f80f
2025-12-22 19:05:43 WARN  BaseClass - failed to apply color on border of element :unable to describe element attribute type!!!
2025-12-22 19:05:51 ERROR BaseClass - element is not clickable!!!
2025-12-22 19:06:01 ERROR BaseClass - unable to click element
2025-12-22 19:06:01 INFO  BaseClass - clicked on PIM Tab
2025-12-22 19:06:14 ERROR BaseClass - element is not clickable!!!
2025-12-22 19:06:24 ERROR BaseClass - unable to click element
2025-12-22 19:06:34 INFO  BaseClass - unable to scroll to the element!!!
2025-12-22 19:06:35 INFO  BaseClass - DB connection successfull
2025-12-22 19:06:35 INFO  BaseClass - Executing query :SELECT employee_id,emp_firstname,emp_middle_name,emp_lastname FROM hs_hr_employee WHERE employee_id=0002
2025-12-22 19:06:35 INFO  BaseClass - query executed successfully
2025-12-22 19:06:35 INFO  BaseClass - able to store data from DB
2025-12-22 19:06:52 ERROR BaseClass - unable to describe element attribute type!!!no such element: Unable to locate element: {"method":"xpath","selector":"//label[.='Employee Name']/parent::div/following-sibling::div//input"}
  (Session info: chrome=143.0.7499.147)
For documentation on this error, please visit: https://www.selenium.dev/documentation/webdriver/troubleshooting/errors#nosuchelementexception
Build info: version: '4.39.0', revision: '126f156aee'
System info: os.name: 'Windows 10', os.arch: 'amd64', os.version: '10.0', java.version: '21.0.4'
Driver info: org.openqa.selenium.chrome.ChromeDriver
Command: [56e95d082369d30f72149c40f760a5df, findElement {using=xpath, value=//label[.='Employee Name']/parent::div/following-sibling::div//input}]
Capabilities {acceptInsecureCerts: false, browserName: chrome, browserVersion: 143.0.7499.147, chrome: {chromedriverVersion: 143.0.7499.169 (164b20aab62..., userDataDir: C:\Users\hp\AppData\Local\T...}, fedcm:accounts: true, goog:chromeOptions: {debuggerAddress: localhost:54226}, goog:processID: 15244, networkConnectionEnabled: false, pageLoadStrategy: normal, platformName: windows, proxy: Proxy(), se:cdp: ws://localhost:54226/devtoo..., se:cdpVersion: 143.0.7499.147, setWindowRect: true, strictFileInteractability: false, timeouts: {implicit: 0, pageLoad: 300000, script: 30000}, unhandledPromptBehavior: dismiss and notify, webauthn:extension:credBlob: true, webauthn:extension:largeBlob: true, webauthn:extension:minPinLength: true, webauthn:extension:prf: true, webauthn:virtualAuthenticators: true}
Session ID: 56e95d082369d30f72149c40f760a5df
2025-12-22 19:06:52 WARN  BaseClass - failed to apply color on border of element :unable to describe element attribute type!!!
2025-12-22 19:07:02 ERROR BaseClass - unable to enter text
2025-12-22 19:07:12 ERROR BaseClass - unable to describe element attribute type!!!no such element: Unable to locate element: {"method":"xpath","selector":"//button[@type='submit']"}
  (Session info: chrome=143.0.7499.147)
For documentation on this error, please visit: https://www.selenium.dev/documentation/webdriver/troubleshooting/errors#nosuchelementexception
Build info: version: '4.39.0', revision: '126f156aee'
System info: os.name: 'Windows 10', os.arch: 'amd64', os.version: '10.0', java.version: '21.0.4'
Driver info: org.openqa.selenium.chrome.ChromeDriver
Command: [56e95d082369d30f72149c40f760a5df, findElement {using=xpath, value=//button[@type='submit']}]
Capabilities {acceptInsecureCerts: false, browserName: chrome, browserVersion: 143.0.7499.147, chrome: {chromedriverVersion: 143.0.7499.169 (164b20aab62..., userDataDir: C:\Users\hp\AppData\Local\T...}, fedcm:accounts: true, goog:chromeOptions: {debuggerAddress: localhost:54226}, goog:processID: 15244, networkConnectionEnabled: false, pageLoadStrategy: normal, platformName: windows, proxy: Proxy(), se:cdp: ws://localhost:54226/devtoo..., se:cdpVersion: 143.0.7499.147, setWindowRect: true, strictFileInteractability: false, timeouts: {implicit: 0, pageLoad: 300000, script: 30000}, unhandledPromptBehavior: dismiss and notify, webauthn:extension:credBlob: true, webauthn:extension:largeBlob: true, webauthn:extension:minPinLength: true, webauthn:extension:prf: true, webauthn:virtualAuthenticators: true}
Session ID: 56e95d082369d30f72149c40f760a5df
2025-12-22 19:07:16 ERROR BaseClass - unable to compare texts
2025-12-22 19:07:32 ERROR BaseClass - unable to describe element attribute type!!!no such element: Unable to locate element: {"method":"xpath","selector":"//button[@type='submit']"}
  (Session info: chrome=143.0.7499.147)
For documentation on this error, please visit: https://www.selenium.dev/documentation/webdriver/troubleshooting/errors#nosuchelementexception
Build info: version: '4.39.0', revision: '126f156aee'
System info: os.name: 'Windows 10', os.arch: 'amd64', os.version: '10.0', java.version: '21.0.4'
Driver info: org.openqa.selenium.chrome.ChromeDriver
Command: [56e95d082369d30f72149c40f760a5df, findElement {using=xpath, value=//button[@type='submit']}]
Capabilities {acceptInsecureCerts: false, browserName: chrome, browserVersion: 143.0.7499.147, chrome: {chromedriverVersion: 143.0.7499.169 (164b20aab62..., userDataDir: C:\Users\hp\AppData\Local\T...}, fedcm:accounts: true, goog:chromeOptions: {debuggerAddress: localhost:54226}, goog:processID: 15244, networkConnectionEnabled: false, pageLoadStrategy: normal, platformName: windows, proxy: Proxy(), se:cdp: ws://localhost:54226/devtoo..., se:cdpVersion: 143.0.7499.147, setWindowRect: true, strictFileInteractability: false, timeouts: {implicit: 0, pageLoad: 300000, script: 30000}, unhandledPromptBehavior: dismiss and notify, webauthn:extension:credBlob: true, webauthn:extension:largeBlob: true, webauthn:extension:minPinLength: true, webauthn:extension:prf: true, webauthn:virtualAuthenticators: true}
Session ID: 56e95d082369d30f72149c40f760a5df
2025-12-22 19:07:32 WARN  BaseClass - failed to apply color on border of element :unable to describe element attribute type!!!
2025-12-22 19:07:57 ERROR BaseClass - unable to compare texts
2025-12-22 19:07:59 INFO  BaseClass - webdriver & ActionDriver classes instance terminated!!!
2025-12-22 19:08:00 INFO  BaseClass - chromeDriver initialized!!!
2025-12-22 19:08:01 INFO  BaseClass - browser is launched and window is mazimized
2025-12-22 19:08:01 INFO  BaseClass - ActionDriver initialized!!!
2025-12-22 19:08:01 INFO  BaseClass - ActionDriver class instance is created!!!----->30
2025-12-22 19:08:01 INFO  BaseClass - starting verifyEmployeeFromDB()
2025-12-22 19:08:02 INFO  BaseClass - applied green color on border of element element with Name attribute:username
2025-12-22 19:08:02 INFO  BaseClass - element with Name attribute:username is visible
2025-12-22 19:08:02 INFO  BaseClass - applied green color on border of element element with Name attribute:username
2025-12-22 19:08:02 INFO  BaseClass - Entered text :admin in element with Name attribute:username
2025-12-22 19:08:02 INFO  BaseClass - applied green color on border of element element with Name attribute:password
2025-12-22 19:08:02 INFO  BaseClass - element with Name attribute:password is visible
2025-12-22 19:08:02 INFO  BaseClass - applied green color on border of element element with Name attribute:password
2025-12-22 19:08:02 INFO  BaseClass - Entered text :Manish@880 in element with Name attribute:password
2025-12-22 19:08:02 INFO  BaseClass - applied green color on border of element element with class attribute:oxd-button oxd-button--medium oxd-button--main orangehrm-login-button
2025-12-22 19:08:03 INFO  BaseClass - applied green color on border of element element with class attribute:oxd-button oxd-button--medium oxd-button--main orangehrm-login-button
2025-12-22 19:08:03 INFO  BaseClass - located element by element with class attribute:oxd-button oxd-button--medium oxd-button--main orangehrm-login-button is clickable
2025-12-22 19:08:03 INFO  BaseClass - clicked on :element with class attribute:oxd-button oxd-button--medium oxd-button--main orangehrm-login-button
2025-12-22 19:08:04 ERROR BaseClass - element is not clickable!!!
2025-12-22 19:08:05 INFO  BaseClass - applied green color on border of element element with class attribute:oxd-text oxd-text--span oxd-main-menu-item--name
2025-12-22 19:08:14 ERROR BaseClass - unable to click element
2025-12-22 19:08:24 INFO  BaseClass - unable to scroll to the element!!!
2025-12-22 19:08:24 INFO  BaseClass - DB connection successfull
2025-12-22 19:08:24 INFO  BaseClass - Executing query :SELECT employee_id,emp_firstname,emp_middle_name,emp_lastname FROM hs_hr_employee WHERE employee_id=0002
2025-12-22 19:08:24 INFO  BaseClass - query executed successfully
2025-12-22 19:08:24 INFO  BaseClass - able to store data from DB
2025-12-22 19:08:35 ERROR BaseClass - element is not clickable!!!
2025-12-22 19:09:34 INFO  BaseClass - config.properties file is loaded!!!
2025-12-22 19:09:39 INFO  BaseClass - chromeDriver initialized!!!
2025-12-22 19:09:39 INFO  BaseClass - chromeDriver initialized!!!
2025-12-22 19:09:39 INFO  BaseClass - chromeDriver initialized!!!
2025-12-22 19:09:39 INFO  BaseClass - chromeDriver initialized!!!
2025-12-22 19:09:39 INFO  BaseClass - chromeDriver initialized!!!
2025-12-22 19:09:41 INFO  BaseClass - browser is launched and window is mazimized
2025-12-22 19:09:41 INFO  BaseClass - ActionDriver initialized!!!
2025-12-22 19:09:41 INFO  BaseClass - ActionDriver class instance is created!!!----->29
2025-12-22 19:09:42 INFO  BaseClass - browser is launched and window is mazimized
2025-12-22 19:09:42 INFO  BaseClass - ActionDriver initialized!!!
2025-12-22 19:09:42 INFO  BaseClass - ActionDriver class instance is created!!!----->32
2025-12-22 19:09:42 INFO  BaseClass - browser is launched and window is mazimized
2025-12-22 19:09:42 INFO  BaseClass - ActionDriver initialized!!!
2025-12-22 19:09:42 INFO  BaseClass - ActionDriver class instance is created!!!----->31
2025-12-22 19:09:44 INFO  BaseClass - browser is launched and window is mazimized
2025-12-22 19:09:44 INFO  BaseClass - ActionDriver initialized!!!
2025-12-22 19:09:44 INFO  BaseClass - ActionDriver class instance is created!!!----->30
2025-12-22 19:09:44 INFO  BaseClass - browser is launched and window is mazimized
2025-12-22 19:09:44 INFO  BaseClass - ActionDriver initialized!!!
2025-12-22 19:09:44 INFO  BaseClass - ActionDriver class instance is created!!!----->33
2025-12-22 19:09:45 INFO  BaseClass - applied green color on border of element element with Name attribute:username
2025-12-22 19:09:45 INFO  BaseClass - element with Name attribute:username is visible
2025-12-22 19:09:45 INFO  BaseClass - applied green color on border of element element with Name attribute:username
2025-12-22 19:09:45 INFO  BaseClass - applied green color on border of element element with Name attribute:username
2025-12-22 19:09:45 INFO  BaseClass - element with Name attribute:username is visible
2025-12-22 19:09:45 INFO  BaseClass - element with Name attribute:username is visible
2025-12-22 19:09:45 INFO  BaseClass - applied green color on border of element element with Name attribute:username
2025-12-22 19:09:45 INFO  BaseClass - applied green color on border of element element with Name attribute:username
2025-12-22 19:09:45 INFO  BaseClass - Entered text :Admin in element with Name attribute:username
2025-12-22 19:09:46 INFO  BaseClass - applied green color on border of element element with Name attribute:password
2025-12-22 19:09:46 INFO  BaseClass - applied green color on border of element element with Name attribute:username
2025-12-22 19:09:46 INFO  BaseClass - element with Name attribute:password is visible
2025-12-22 19:09:46 INFO  BaseClass - Entered text :admin in element with Name attribute:username
2025-12-22 19:09:46 INFO  BaseClass - applied green color on border of element element with Name attribute:password
2025-12-22 19:09:46 INFO  BaseClass - Entered text :admin in element with Name attribute:username
2025-12-22 19:09:46 INFO  BaseClass - Entered text :xxxxx in element with Name attribute:password
2025-12-22 19:09:46 INFO  BaseClass - applied green color on border of element element with Name attribute:password
2025-12-22 19:09:46 INFO  BaseClass - element with Name attribute:password is visible
2025-12-22 19:09:46 INFO  BaseClass - applied green color on border of element element with Name attribute:password
2025-12-22 19:09:46 INFO  BaseClass - applied green color on border of element element with class attribute:oxd-button oxd-button--medium oxd-button--main orangehrm-login-button
2025-12-22 19:09:46 INFO  BaseClass - element with Name attribute:password is visible
2025-12-22 19:09:47 INFO  BaseClass - applied green color on border of element element with Name attribute:password
2025-12-22 19:09:47 INFO  BaseClass - applied green color on border of element element with class attribute:oxd-button oxd-button--medium oxd-button--main orangehrm-login-button
2025-12-22 19:09:47 INFO  BaseClass - located element by element with class attribute:oxd-button oxd-button--medium oxd-button--main orangehrm-login-button is clickable
2025-12-22 19:09:47 INFO  BaseClass - applied green color on border of element element with Name attribute:password
2025-12-22 19:09:47 INFO  BaseClass - Entered text :Manish@880 in element with Name attribute:password
2025-12-22 19:09:47 INFO  BaseClass - Entered text :Manish@880 in element with Name attribute:password
2025-12-22 19:09:47 INFO  BaseClass - applied green color on border of element element with class attribute:oxd-button oxd-button--medium oxd-button--main orangehrm-login-button
2025-12-22 19:09:47 INFO  BaseClass - applied green color on border of element element with class attribute:oxd-button oxd-button--medium oxd-button--main orangehrm-login-button
2025-12-22 19:09:47 INFO  BaseClass - applied green color on border of element element with class attribute:oxd-button oxd-button--medium oxd-button--main orangehrm-login-button
2025-12-22 19:09:48 INFO  BaseClass - applied green color on border of element element with class attribute:oxd-button oxd-button--medium oxd-button--main orangehrm-login-button
2025-12-22 19:09:48 INFO  BaseClass - located element by element with class attribute:oxd-button oxd-button--medium oxd-button--main orangehrm-login-button is clickable
2025-12-22 19:09:48 INFO  BaseClass - located element by element with class attribute:oxd-button oxd-button--medium oxd-button--main orangehrm-login-button is clickable
2025-12-22 19:09:48 INFO  BaseClass - clicked on :element with class attribute:oxd-button oxd-button--medium oxd-button--main orangehrm-login-button
2025-12-22 19:09:49 INFO  BaseClass - applied green color on border of element element with class attribute:oxd-text oxd-text--p oxd-alert-content-text
2025-12-22 19:09:49 INFO  BaseClass - element with class attribute:oxd-text oxd-text--p oxd-alert-content-text is visible
2025-12-22 19:09:49 INFO  BaseClass - applied green color on border of element element with class attribute:oxd-text oxd-text--p oxd-alert-content-text
2025-12-22 19:09:49 INFO  BaseClass - Text are equals :Invalid credentialsequals to Invalid credentials
2025-12-22 19:09:49 INFO  BaseClass - clicked on :element with class attribute:oxd-button oxd-button--medium oxd-button--main orangehrm-login-button
2025-12-22 19:09:50 INFO  BaseClass - clicked on :element with class attribute:oxd-button oxd-button--medium oxd-button--main orangehrm-login-button
2025-12-22 19:09:51 INFO  BaseClass - applied green color on border of element element with class attribute:oxd-text oxd-text--span oxd-main-menu-item--name
2025-12-22 19:09:52 INFO  BaseClass - applied green color on border of element unable to describe element attribute type!!!
2025-12-22 19:09:52 INFO  BaseClass - unable to describe element attribute type!!! is visible
2025-12-22 19:09:52 INFO  BaseClass - element with class attribute:oxd-text oxd-text--span oxd-main-menu-item--name is visible
2025-12-22 19:09:52 INFO  BaseClass - applied green color on border of element unable to describe element attribute type!!!
2025-12-22 19:09:52 INFO  BaseClass - element is displayed :unable to describe element attribute type!!!
2025-12-22 19:09:52 INFO  BaseClass - applied green color on border of element element with class attribute:oxd-text oxd-text--span oxd-main-menu-item--name
2025-12-22 19:09:52 INFO  BaseClass - element is displayed :element with class attribute:oxd-text oxd-text--span oxd-main-menu-item--name
2025-12-22 19:09:53 INFO  BaseClass - applied green color on border of element element with class attribute:oxd-userdropdown-tab
2025-12-22 19:09:53 INFO  BaseClass - applied green color on border of element element with class attribute:oxd-userdropdown-tab
2025-12-22 19:09:53 INFO  BaseClass - located element by element with class attribute:oxd-userdropdown-tab is clickable
2025-12-22 19:09:53 INFO  BaseClass - clicked on :element with class attribute:oxd-userdropdown-tab
2025-12-22 19:09:53 INFO  BaseClass - applied green color on border of element element with class attribute:oxd-userdropdown-link
2025-12-22 19:09:53 INFO  BaseClass - applied green color on border of element element with class attribute:oxd-userdropdown-link
2025-12-22 19:09:54 INFO  BaseClass - located element by element with class attribute:oxd-userdropdown-link is clickable
2025-12-22 19:09:54 INFO  BaseClass - webdriver & ActionDriver classes instance terminated!!!
2025-12-22 19:09:54 INFO  BaseClass - webdriver & ActionDriver classes instance terminated!!!
2025-12-22 19:09:54 INFO  BaseClass - webdriver & ActionDriver classes instance terminated!!!
2025-12-22 19:09:55 INFO  BaseClass - clicked on :element with class attribute:oxd-userdropdown-link
2025-12-22 19:09:56 INFO  BaseClass - chromeDriver initialized!!!
2025-12-22 19:09:58 INFO  BaseClass - chromeDriver initialized!!!
2025-12-22 19:09:59 INFO  BaseClass - browser is launched and window is mazimized
2025-12-22 19:09:59 INFO  BaseClass - ActionDriver initialized!!!
2025-12-22 19:09:59 INFO  BaseClass - ActionDriver class instance is created!!!----->29
2025-12-22 19:09:59 INFO  BaseClass - starting verifyEmployeeFromDB()
2025-12-22 19:10:00 INFO  BaseClass - browser is launched and window is mazimized
2025-12-22 19:10:00 INFO  BaseClass - ActionDriver initialized!!!
2025-12-22 19:10:00 INFO  BaseClass - ActionDriver class instance is created!!!----->32
2025-12-22 19:10:02 INFO  BaseClass - applied green color on border of element element with Name attribute:username
2025-12-22 19:10:02 INFO  BaseClass - element with Name attribute:username is visible
2025-12-22 19:10:02 INFO  BaseClass - applied green color on border of element element with Name attribute:username
2025-12-22 19:10:02 INFO  BaseClass - element with Name attribute:username is visible
2025-12-22 19:10:02 INFO  BaseClass - applied green color on border of element element with Name attribute:username
2025-12-22 19:10:02 INFO  BaseClass - applied green color on border of element element with Name attribute:username
2025-12-22 19:10:02 INFO  BaseClass - Entered text :admin in element with Name attribute:username
2025-12-22 19:10:02 INFO  BaseClass - applied green color on border of element element with Name attribute:password
2025-12-22 19:10:02 INFO  BaseClass - Entered text :admin in element with Name attribute:username
2025-12-22 19:10:03 INFO  BaseClass - element with Name attribute:password is visible
2025-12-22 19:10:03 INFO  BaseClass - applied green color on border of element element with Name attribute:password
2025-12-22 19:10:03 INFO  BaseClass - applied green color on border of element element with Name attribute:password
2025-12-22 19:10:03 INFO  BaseClass - Entered text :Manish@880 in element with Name attribute:password
2025-12-22 19:10:03 INFO  BaseClass - element with Name attribute:password is visible
2025-12-22 19:10:03 INFO  BaseClass - applied green color on border of element element with Name attribute:password
2025-12-22 19:10:03 INFO  BaseClass - applied green color on border of element element with class attribute:oxd-button oxd-button--medium oxd-button--main orangehrm-login-button
2025-12-22 19:10:03 INFO  BaseClass - applied green color on border of element element with class attribute:oxd-button oxd-button--medium oxd-button--main orangehrm-login-button
2025-12-22 19:10:03 INFO  BaseClass - Entered text :Manish@880 in element with Name attribute:password
2025-12-22 19:10:03 INFO  BaseClass - located element by element with class attribute:oxd-button oxd-button--medium oxd-button--main orangehrm-login-button is clickable
2025-12-22 19:10:03 INFO  BaseClass - clicked on :element with class attribute:oxd-button oxd-button--medium oxd-button--main orangehrm-login-button
2025-12-22 19:10:04 INFO  BaseClass - applied green color on border of element element with class attribute:oxd-button oxd-button--medium oxd-button--main orangehrm-login-button
2025-12-22 19:10:04 INFO  BaseClass - applied green color on border of element element with class attribute:oxd-button oxd-button--medium oxd-button--main orangehrm-login-button
2025-12-22 19:10:04 INFO  BaseClass - located element by element with class attribute:oxd-button oxd-button--medium oxd-button--main orangehrm-login-button is clickable
2025-12-22 19:10:04 INFO  BaseClass - clicked on :element with class attribute:oxd-button oxd-button--medium oxd-button--main orangehrm-login-button
2025-12-22 19:10:04 INFO  BaseClass - webdriver & ActionDriver classes instance terminated!!!
2025-12-22 19:10:04 INFO  BaseClass - webdriver & ActionDriver classes instance terminated!!!
2025-12-22 19:10:06 INFO  BaseClass - applied green color on border of element element with class attribute:oxd-text oxd-text--span oxd-main-menu-item--name
2025-12-22 19:10:06 INFO  BaseClass - element with class attribute:oxd-text oxd-text--span oxd-main-menu-item--name is visible
2025-12-22 19:10:08 INFO  BaseClass - applied green color on border of element element with class attribute:oxd-text oxd-text--span oxd-main-menu-item--name
2025-12-22 19:10:08 INFO  BaseClass - element is displayed :element with class attribute:oxd-text oxd-text--span oxd-main-menu-item--name
2025-12-22 19:10:09 INFO  BaseClass - applied green color on border of element element with class attribute:oxd-text oxd-text--span oxd-main-menu-item--name
2025-12-22 19:10:09 INFO  BaseClass - applied green color on border of element element with class attribute:oxd-userdropdown-tab
2025-12-22 19:10:09 INFO  BaseClass - applied green color on border of element element with class attribute:oxd-userdropdown-tab
2025-12-22 19:10:09 INFO  BaseClass - located element by element with class attribute:oxd-userdropdown-tab is clickable
2025-12-22 19:10:09 INFO  BaseClass - applied green color on border of element element with class attribute:oxd-text oxd-text--span oxd-main-menu-item--name
2025-12-22 19:10:09 INFO  BaseClass - clicked on :element with class attribute:oxd-userdropdown-tab
2025-12-22 19:10:09 INFO  BaseClass - located element by element with class attribute:oxd-text oxd-text--span oxd-main-menu-item--name is clickable
2025-12-22 19:10:09 INFO  BaseClass - applied green color on border of element element with class attribute:oxd-userdropdown-link
2025-12-22 19:10:10 INFO  BaseClass - applied green color on border of element element with class attribute:oxd-userdropdown-link
2025-12-22 19:10:10 INFO  BaseClass - located element by element with class attribute:oxd-userdropdown-link is clickable
2025-12-22 19:10:11 INFO  BaseClass - clicked on :element with class attribute:oxd-text oxd-text--span oxd-main-menu-item--name
2025-12-22 19:10:11 INFO  BaseClass - clicked on PIM Tab
2025-12-22 19:10:11 INFO  BaseClass - clicked on :element with class attribute:oxd-userdropdown-link
2025-12-22 19:10:12 INFO  BaseClass - applied green color on border of element element with placeholder attribute:Type for hints...
2025-12-22 19:10:12 INFO  BaseClass - element with placeholder attribute:Type for hints... is visible
2025-12-22 19:10:13 INFO  BaseClass - applied green color on border of element element with placeholder attribute:Type for hints...
2025-12-22 19:10:13 INFO  BaseClass - Entered text :harish in element with placeholder attribute:Type for hints...
2025-12-22 19:10:13 INFO  BaseClass - applied green color on border of element element with class attribute:oxd-button oxd-button--medium oxd-button--secondary orangehrm-left-space
2025-12-22 19:10:13 INFO  BaseClass - applied green color on border of element element with class attribute:oxd-button oxd-button--medium oxd-button--secondary orangehrm-left-space
2025-12-22 19:10:13 INFO  BaseClass - located element by element with class attribute:oxd-button oxd-button--medium oxd-button--secondary orangehrm-left-space is clickable
2025-12-22 19:10:13 INFO  BaseClass - clicked on :element with class attribute:oxd-button oxd-button--medium oxd-button--secondary orangehrm-left-space
2025-12-22 19:10:14 INFO  BaseClass - applied green color on border of element element with class attribute:oxd-table-cell oxd-padding-cell
2025-12-22 19:10:14 INFO  BaseClass - page is scrolled to element :element with class attribute:oxd-table-cell oxd-padding-cell
2025-12-22 19:10:14 INFO  BaseClass - DB connection successfull
2025-12-22 19:10:14 INFO  BaseClass - Executing query :SELECT employee_id,emp_firstname,emp_middle_name,emp_lastname FROM hs_hr_employee WHERE employee_id=0002
2025-12-22 19:10:14 INFO  BaseClass - query executed successfully
2025-12-22 19:10:14 INFO  BaseClass - able to store data from DB
2025-12-22 19:10:14 INFO  BaseClass - applied green color on border of element element with class attribute:oxd-table-cell oxd-padding-cell
2025-12-22 19:10:14 INFO  BaseClass - element with class attribute:oxd-table-cell oxd-padding-cell is visible
2025-12-22 19:10:15 INFO  BaseClass - applied green color on border of element element with class attribute:oxd-table-cell oxd-padding-cell
2025-12-22 19:10:15 INFO  BaseClass - Text are equals :harish kumarequals to harish kumar
2025-12-22 19:10:15 INFO  BaseClass - applied green color on border of element element with class attribute:oxd-table-cell oxd-padding-cell
2025-12-22 19:10:15 INFO  BaseClass - element with class attribute:oxd-table-cell oxd-padding-cell is visible
2025-12-22 19:10:15 INFO  BaseClass - applied green color on border of element element with class attribute:oxd-table-cell oxd-padding-cell
2025-12-22 19:10:15 INFO  BaseClass - Text are equals :anuragiequals to anuragi
2025-12-22 19:10:15 INFO  BaseClass - verifyEmployeeFromDB COMPLETED
2025-12-22 19:10:15 INFO  BaseClass - webdriver & ActionDriver classes instance terminated!!!
2025-12-22 19:10:18 INFO  BaseClass - webdriver & ActionDriver classes instance terminated!!!
2025-12-22 19:11:23 INFO  BaseClass - config.properties file is loaded!!!
2025-12-22 19:11:26 INFO  BaseClass - chromeDriver initialized!!!
2025-12-22 19:11:27 INFO  BaseClass - chromeDriver initialized!!!
2025-12-22 19:11:27 INFO  BaseClass - chromeDriver initialized!!!
2025-12-22 19:11:29 INFO  BaseClass - chromeDriver initialized!!!
2025-12-22 19:11:30 INFO  BaseClass - chromeDriver initialized!!!
2025-12-22 19:11:31 INFO  BaseClass - browser is launched and window is mazimized
2025-12-22 19:11:31 INFO  BaseClass - ActionDriver initialized!!!
2025-12-22 19:11:31 INFO  BaseClass - ActionDriver class instance is created!!!----->32
2025-12-22 19:11:32 INFO  BaseClass - browser is launched and window is mazimized
2025-12-22 19:11:32 INFO  BaseClass - ActionDriver initialized!!!
2025-12-22 19:11:32 INFO  BaseClass - ActionDriver class instance is created!!!----->31
2025-12-22 19:11:32 INFO  BaseClass - browser is launched and window is mazimized
2025-12-22 19:11:32 INFO  BaseClass - ActionDriver initialized!!!
2025-12-22 19:11:32 INFO  BaseClass - ActionDriver class instance is created!!!----->34
2025-12-22 19:11:33 INFO  BaseClass - browser is launched and window is mazimized
2025-12-22 19:11:33 INFO  BaseClass - ActionDriver initialized!!!
2025-12-22 19:11:33 INFO  BaseClass - ActionDriver class instance is created!!!----->35
2025-12-22 19:11:33 INFO  BaseClass - browser is launched and window is mazimized
2025-12-22 19:11:33 INFO  BaseClass - ActionDriver initialized!!!
2025-12-22 19:11:33 INFO  BaseClass - ActionDriver class instance is created!!!----->33
2025-12-22 19:11:34 INFO  BaseClass - applied green color on border of element element with Name attribute:username
2025-12-22 19:11:34 INFO  BaseClass - applied green color on border of element element with Name attribute:username
2025-12-22 19:11:34 INFO  BaseClass - element with Name attribute:username is visible
2025-12-22 19:11:34 INFO  BaseClass - element with Name attribute:username is visible
2025-12-22 19:11:34 INFO  BaseClass - applied green color on border of element element with Name attribute:username
2025-12-22 19:11:34 INFO  BaseClass - element with Name attribute:username is visible
2025-12-22 19:11:34 INFO  BaseClass - applied green color on border of element element with Name attribute:username
2025-12-22 19:11:34 INFO  BaseClass - applied green color on border of element element with Name attribute:username
2025-12-22 19:11:35 INFO  BaseClass - applied green color on border of element element with Name attribute:username
2025-12-22 19:11:35 INFO  BaseClass - Entered text :Admin in element with Name attribute:username
2025-12-22 19:11:35 INFO  BaseClass - Entered text :admin in element with Name attribute:username
2025-12-22 19:11:35 INFO  BaseClass - Entered text :admin in element with Name attribute:username
2025-12-22 19:11:35 INFO  BaseClass - applied green color on border of element element with Name attribute:password
2025-12-22 19:11:35 INFO  BaseClass - applied green color on border of element element with Name attribute:password
2025-12-22 19:11:35 INFO  BaseClass - element with Name attribute:password is visible
2025-12-22 19:11:35 INFO  BaseClass - applied green color on border of element element with Name attribute:password
2025-12-22 19:11:35 INFO  BaseClass - element with Name attribute:password is visible
2025-12-22 19:11:35 INFO  BaseClass - element with Name attribute:password is visible
2025-12-22 19:11:36 INFO  BaseClass - applied green color on border of element element with Name attribute:password
2025-12-22 19:11:36 INFO  BaseClass - applied green color on border of element element with Name attribute:password
2025-12-22 19:11:36 INFO  BaseClass - applied green color on border of element element with Name attribute:password
2025-12-22 19:11:36 INFO  BaseClass - Entered text :xxxxx in element with Name attribute:password
2025-12-22 19:11:36 INFO  BaseClass - Entered text :Manish@880 in element with Name attribute:password
2025-12-22 19:11:36 INFO  BaseClass - Entered text :Manish@880 in element with Name attribute:password
2025-12-22 19:11:36 INFO  BaseClass - applied green color on border of element element with class attribute:oxd-button oxd-button--medium oxd-button--main orangehrm-login-button
2025-12-22 19:11:36 INFO  BaseClass - applied green color on border of element element with class attribute:oxd-button oxd-button--medium oxd-button--main orangehrm-login-button
2025-12-22 19:11:36 INFO  BaseClass - applied green color on border of element element with class attribute:oxd-button oxd-button--medium oxd-button--main orangehrm-login-button
2025-12-22 19:11:36 INFO  BaseClass - applied green color on border of element element with class attribute:oxd-button oxd-button--medium oxd-button--main orangehrm-login-button
2025-12-22 19:11:36 INFO  BaseClass - applied green color on border of element element with class attribute:oxd-button oxd-button--medium oxd-button--main orangehrm-login-button
2025-12-22 19:11:36 INFO  BaseClass - located element by element with class attribute:oxd-button oxd-button--medium oxd-button--main orangehrm-login-button is clickable
2025-12-22 19:11:36 INFO  BaseClass - applied green color on border of element element with class attribute:oxd-button oxd-button--medium oxd-button--main orangehrm-login-button
2025-12-22 19:11:36 INFO  BaseClass - located element by element with class attribute:oxd-button oxd-button--medium oxd-button--main orangehrm-login-button is clickable
2025-12-22 19:11:37 INFO  BaseClass - located element by element with class attribute:oxd-button oxd-button--medium oxd-button--main orangehrm-login-button is clickable
2025-12-22 19:11:38 INFO  BaseClass - clicked on :element with class attribute:oxd-button oxd-button--medium oxd-button--main orangehrm-login-button
2025-12-22 19:11:38 INFO  BaseClass - clicked on :element with class attribute:oxd-button oxd-button--medium oxd-button--main orangehrm-login-button
2025-12-22 19:11:39 INFO  BaseClass - clicked on :element with class attribute:oxd-button oxd-button--medium oxd-button--main orangehrm-login-button
2025-12-22 19:11:39 INFO  BaseClass - applied green color on border of element element with class attribute:oxd-text oxd-text--p oxd-alert-content-text
2025-12-22 19:11:39 INFO  BaseClass - element with class attribute:oxd-text oxd-text--p oxd-alert-content-text is visible
2025-12-22 19:11:41 INFO  BaseClass - applied green color on border of element element with class attribute:oxd-text oxd-text--span oxd-main-menu-item--name
2025-12-22 19:11:41 INFO  BaseClass - applied green color on border of element element with class attribute:oxd-text oxd-text--p oxd-alert-content-text
2025-12-22 19:11:41 INFO  BaseClass - Text are equals :Invalid credentialsequals to Invalid credentials
2025-12-22 19:11:41 INFO  BaseClass - applied green color on border of element unable to describe element attribute type!!!
2025-12-22 19:11:41 INFO  BaseClass - element with class attribute:oxd-text oxd-text--span oxd-main-menu-item--name is visible
2025-12-22 19:11:41 INFO  BaseClass - unable to describe element attribute type!!! is visible
2025-12-22 19:11:41 INFO  BaseClass - applied green color on border of element element with class attribute:oxd-text oxd-text--span oxd-main-menu-item--name
2025-12-22 19:11:41 INFO  BaseClass - applied green color on border of element unable to describe element attribute type!!!
2025-12-22 19:11:41 INFO  BaseClass - element is displayed :element with class attribute:oxd-text oxd-text--span oxd-main-menu-item--name
2025-12-22 19:11:41 INFO  BaseClass - element is displayed :unable to describe element attribute type!!!
2025-12-22 19:11:42 INFO  BaseClass - applied green color on border of element element with class attribute:oxd-userdropdown-tab
2025-12-22 19:11:42 INFO  BaseClass - applied green color on border of element element with class attribute:oxd-userdropdown-tab
2025-12-22 19:11:42 INFO  BaseClass - webdriver & ActionDriver classes instance terminated!!!
2025-12-22 19:11:42 INFO  BaseClass - located element by element with class attribute:oxd-userdropdown-tab is clickable
2025-12-22 19:11:42 INFO  BaseClass - clicked on :element with class attribute:oxd-userdropdown-tab
2025-12-22 19:11:42 INFO  BaseClass - applied green color on border of element element with class attribute:oxd-userdropdown-link
2025-12-22 19:11:43 INFO  BaseClass - applied green color on border of element element with class attribute:oxd-userdropdown-link
2025-12-22 19:11:43 INFO  BaseClass - located element by element with class attribute:oxd-userdropdown-link is clickable
2025-12-22 19:11:43 INFO  BaseClass - webdriver & ActionDriver classes instance terminated!!!
2025-12-22 19:11:44 INFO  BaseClass - chromeDriver initialized!!!
2025-12-22 19:11:46 INFO  BaseClass - browser is launched and window is mazimized
2025-12-22 19:11:46 INFO  BaseClass - ActionDriver initialized!!!
2025-12-22 19:11:46 INFO  BaseClass - ActionDriver class instance is created!!!----->31
2025-12-22 19:11:46 INFO  BaseClass - starting verifyEmployeeFromDB()
2025-12-22 19:11:46 INFO  BaseClass - clicked on :element with class attribute:oxd-userdropdown-link
2025-12-22 19:11:47 INFO  BaseClass - applied green color on border of element element with Name attribute:username
2025-12-22 19:11:47 INFO  BaseClass - element with Name attribute:username is visible
2025-12-22 19:11:47 INFO  BaseClass - applied green color on border of element element with Name attribute:username
2025-12-22 19:11:47 INFO  BaseClass - Entered text :admin in element with Name attribute:username
2025-12-22 19:11:48 INFO  BaseClass - applied green color on border of element element with Name attribute:password
2025-12-22 19:11:48 INFO  BaseClass - element with Name attribute:password is visible
2025-12-22 19:11:48 INFO  BaseClass - applied green color on border of element element with Name attribute:password
2025-12-22 19:11:48 INFO  BaseClass - Entered text :Manish@880 in element with Name attribute:password
2025-12-22 19:11:49 INFO  BaseClass - applied green color on border of element element with class attribute:oxd-button oxd-button--medium oxd-button--main orangehrm-login-button
2025-12-22 19:11:49 INFO  BaseClass - applied green color on border of element element with class attribute:oxd-button oxd-button--medium oxd-button--main orangehrm-login-button
2025-12-22 19:11:49 INFO  BaseClass - located element by element with class attribute:oxd-button oxd-button--medium oxd-button--main orangehrm-login-button is clickable
2025-12-22 19:11:49 INFO  BaseClass - webdriver & ActionDriver classes instance terminated!!!
2025-12-22 19:11:49 INFO  BaseClass - webdriver & ActionDriver classes instance terminated!!!
2025-12-22 19:11:50 INFO  BaseClass - chromeDriver initialized!!!
2025-12-22 19:11:51 INFO  BaseClass - clicked on :element with class attribute:oxd-button oxd-button--medium oxd-button--main orangehrm-login-button
2025-12-22 19:11:52 INFO  BaseClass - browser is launched and window is mazimized
2025-12-22 19:11:52 INFO  BaseClass - ActionDriver initialized!!!
2025-12-22 19:11:52 INFO  BaseClass - ActionDriver class instance is created!!!----->34
2025-12-22 19:11:53 INFO  BaseClass - applied green color on border of element element with class attribute:oxd-text oxd-text--span oxd-main-menu-item--name
2025-12-22 19:11:53 INFO  BaseClass - applied green color on border of element element with Name attribute:username
2025-12-22 19:11:53 INFO  BaseClass - element with Name attribute:username is visible
2025-12-22 19:11:53 INFO  BaseClass - applied green color on border of element element with Name attribute:username
2025-12-22 19:11:53 INFO  BaseClass - applied green color on border of element element with class attribute:oxd-text oxd-text--span oxd-main-menu-item--name
2025-12-22 19:11:54 INFO  BaseClass - located element by element with class attribute:oxd-text oxd-text--span oxd-main-menu-item--name is clickable
2025-12-22 19:11:54 INFO  BaseClass - Entered text :admin in element with Name attribute:username
2025-12-22 19:11:54 INFO  BaseClass - applied green color on border of element element with Name attribute:password
2025-12-22 19:11:54 INFO  BaseClass - element with Name attribute:password is visible
2025-12-22 19:11:54 INFO  BaseClass - applied green color on border of element element with Name attribute:password
2025-12-22 19:11:55 INFO  BaseClass - Entered text :Manish@880 in element with Name attribute:password
2025-12-22 19:11:55 INFO  BaseClass - webdriver & ActionDriver classes instance terminated!!!
2025-12-22 19:11:55 INFO  BaseClass - applied green color on border of element element with class attribute:oxd-button oxd-button--medium oxd-button--main orangehrm-login-button
2025-12-22 19:11:55 INFO  BaseClass - applied green color on border of element element with class attribute:oxd-button oxd-button--medium oxd-button--main orangehrm-login-button
2025-12-22 19:11:55 INFO  BaseClass - located element by element with class attribute:oxd-button oxd-button--medium oxd-button--main orangehrm-login-button is clickable
2025-12-22 19:11:56 INFO  BaseClass - clicked on :element with class attribute:oxd-text oxd-text--span oxd-main-menu-item--name
2025-12-22 19:11:56 INFO  BaseClass - clicked on PIM Tab
2025-12-22 19:11:57 INFO  BaseClass - applied green color on border of element element with placeholder attribute:Type for hints...
2025-12-22 19:11:57 INFO  BaseClass - element with placeholder attribute:Type for hints... is visible
2025-12-22 19:11:57 INFO  BaseClass - clicked on :element with class attribute:oxd-button oxd-button--medium oxd-button--main orangehrm-login-button
2025-12-22 19:11:58 INFO  BaseClass - applied green color on border of element element with placeholder attribute:Type for hints...
2025-12-22 19:11:58 INFO  BaseClass - applied green color on border of element element with class attribute:oxd-text oxd-text--span oxd-main-menu-item--name
2025-12-22 19:11:59 INFO  BaseClass - element with class attribute:oxd-text oxd-text--span oxd-main-menu-item--name is visible
2025-12-22 19:11:59 INFO  BaseClass - Entered text :harish in element with placeholder attribute:Type for hints...
2025-12-22 19:11:59 INFO  BaseClass - applied green color on border of element element with class attribute:oxd-text oxd-text--span oxd-main-menu-item--name
2025-12-22 19:11:59 INFO  BaseClass - element is displayed :element with class attribute:oxd-text oxd-text--span oxd-main-menu-item--name
2025-12-22 19:12:00 INFO  BaseClass - applied green color on border of element element with class attribute:oxd-userdropdown-tab
2025-12-22 19:12:00 INFO  BaseClass - applied green color on border of element element with class attribute:oxd-userdropdown-tab
2025-12-22 19:12:00 INFO  BaseClass - located element by element with class attribute:oxd-userdropdown-tab is clickable
2025-12-22 19:12:00 INFO  BaseClass - clicked on :element with class attribute:oxd-userdropdown-tab
2025-12-22 19:12:00 INFO  BaseClass - applied green color on border of element element with class attribute:oxd-button oxd-button--medium oxd-button--secondary orangehrm-left-space
2025-12-22 19:12:00 INFO  BaseClass - applied green color on border of element element with class attribute:oxd-userdropdown-link
2025-12-22 19:12:00 INFO  BaseClass - applied green color on border of element element with class attribute:oxd-userdropdown-link
2025-12-22 19:12:01 INFO  BaseClass - applied green color on border of element element with class attribute:oxd-button oxd-button--medium oxd-button--secondary orangehrm-left-space
2025-12-22 19:12:01 INFO  BaseClass - located element by element with class attribute:oxd-userdropdown-link is clickable
2025-12-22 19:12:01 INFO  BaseClass - located element by element with class attribute:oxd-button oxd-button--medium oxd-button--secondary orangehrm-left-space is clickable
2025-12-22 19:12:01 INFO  BaseClass - clicked on :element with class attribute:oxd-button oxd-button--medium oxd-button--secondary orangehrm-left-space
2025-12-22 19:12:02 INFO  BaseClass - clicked on :element with class attribute:oxd-userdropdown-link
2025-12-22 19:12:02 INFO  BaseClass - applied green color on border of element element with class attribute:oxd-table-cell oxd-padding-cell
2025-12-22 19:12:02 INFO  BaseClass - page is scrolled to element :element with class attribute:oxd-table-cell oxd-padding-cell
2025-12-22 19:12:02 INFO  BaseClass - DB connection successfull
2025-12-22 19:12:02 INFO  BaseClass - Executing query :SELECT employee_id,emp_firstname,emp_middle_name,emp_lastname FROM hs_hr_employee WHERE employee_id=0002
2025-12-22 19:12:02 INFO  BaseClass - query executed successfully
2025-12-22 19:12:02 INFO  BaseClass - able to store data from DB
2025-12-22 19:12:03 INFO  BaseClass - applied green color on border of element element with class attribute:oxd-table-cell oxd-padding-cell
2025-12-22 19:12:03 INFO  BaseClass - element with class attribute:oxd-table-cell oxd-padding-cell is visible
2025-12-22 19:12:03 INFO  BaseClass - applied green color on border of element element with class attribute:oxd-table-cell oxd-padding-cell
2025-12-22 19:12:03 INFO  BaseClass - Text are equals :harish kumarequals to harish kumar
2025-12-22 19:12:03 INFO  BaseClass - applied green color on border of element element with class attribute:oxd-table-cell oxd-padding-cell
2025-12-22 19:12:03 INFO  BaseClass - element with class attribute:oxd-table-cell oxd-padding-cell is visible
2025-12-22 19:12:03 INFO  BaseClass - applied green color on border of element element with class attribute:oxd-table-cell oxd-padding-cell
2025-12-22 19:12:03 INFO  BaseClass - Text are equals :anuragiequals to anuragi
2025-12-22 19:12:03 INFO  BaseClass - verifyEmployeeFromDB COMPLETED
2025-12-22 19:12:06 INFO  BaseClass - webdriver & ActionDriver classes instance terminated!!!
2025-12-22 19:12:06 INFO  BaseClass - webdriver & ActionDriver classes instance terminated!!!
2025-12-22 19:12:36 INFO  BaseClass - config.properties file is loaded!!!
2025-12-22 19:13:04 INFO  BaseClass - config.properties file is loaded!!!
2025-12-22 19:13:07 INFO  BaseClass - chromeDriver initialized!!!
2025-12-22 19:13:07 INFO  BaseClass - chromeDriver initialized!!!
2025-12-22 19:13:08 INFO  BaseClass - chromeDriver initialized!!!
2025-12-22 19:13:08 INFO  BaseClass - chromeDriver initialized!!!
2025-12-22 19:13:09 INFO  BaseClass - chromeDriver initialized!!!
2025-12-22 19:13:10 INFO  BaseClass - browser is launched and window is mazimized
2025-12-22 19:13:10 INFO  BaseClass - ActionDriver initialized!!!
2025-12-22 19:13:10 INFO  BaseClass - ActionDriver class instance is created!!!----->32
2025-12-22 19:13:10 INFO  BaseClass - browser is launched and window is mazimized
2025-12-22 19:13:10 INFO  BaseClass - ActionDriver initialized!!!
2025-12-22 19:13:10 INFO  BaseClass - ActionDriver class instance is created!!!----->31
2025-12-22 19:13:11 INFO  BaseClass - browser is launched and window is mazimized
2025-12-22 19:13:11 INFO  BaseClass - ActionDriver initialized!!!
2025-12-22 19:13:11 INFO  BaseClass - ActionDriver class instance is created!!!----->34
2025-12-22 19:13:11 INFO  BaseClass - browser is launched and window is mazimized
2025-12-22 19:13:11 INFO  BaseClass - ActionDriver initialized!!!
2025-12-22 19:13:11 INFO  BaseClass - ActionDriver class instance is created!!!----->33
2025-12-22 19:13:12 INFO  BaseClass - browser is launched and window is mazimized
2025-12-22 19:13:12 INFO  BaseClass - ActionDriver initialized!!!
2025-12-22 19:13:12 INFO  BaseClass - ActionDriver class instance is created!!!----->35
2025-12-22 19:13:12 INFO  BaseClass - applied green color on border of element element with Name attribute:username
2025-12-22 19:13:12 INFO  BaseClass - element with Name attribute:username is visible
2025-12-22 19:13:13 INFO  BaseClass - applied green color on border of element element with Name attribute:username
2025-12-22 19:13:13 INFO  BaseClass - element with Name attribute:username is visible
2025-12-22 19:13:13 INFO  BaseClass - applied green color on border of element element with Name attribute:username
2025-12-22 19:13:13 INFO  BaseClass - applied green color on border of element element with Name attribute:username
2025-12-22 19:13:13 INFO  BaseClass - element with Name attribute:username is visible
2025-12-22 19:13:13 INFO  BaseClass - applied green color on border of element element with Name attribute:username
2025-12-22 19:13:13 INFO  BaseClass - Entered text :Admin in element with Name attribute:username
2025-12-22 19:13:13 INFO  BaseClass - applied green color on border of element element with Name attribute:username
2025-12-22 19:13:13 INFO  BaseClass - Entered text :admin in element with Name attribute:username
2025-12-22 19:13:13 INFO  BaseClass - Entered text :admin in element with Name attribute:username
2025-12-22 19:13:13 INFO  BaseClass - applied green color on border of element element with Name attribute:password
2025-12-22 19:13:13 INFO  BaseClass - element with Name attribute:password is visible
2025-12-22 19:13:13 INFO  BaseClass - applied green color on border of element element with Name attribute:password
2025-12-22 19:13:13 INFO  BaseClass - element with Name attribute:password is visible
2025-12-22 19:13:14 INFO  BaseClass - applied green color on border of element element with Name attribute:password
2025-12-22 19:13:14 INFO  BaseClass - applied green color on border of element element with Name attribute:password
2025-12-22 19:13:14 INFO  BaseClass - element with Name attribute:password is visible
2025-12-22 19:13:14 INFO  BaseClass - applied green color on border of element element with Name attribute:password
2025-12-22 19:13:14 INFO  BaseClass - Entered text :xxxxx in element with Name attribute:password
2025-12-22 19:13:14 INFO  BaseClass - Entered text :Manish@880 in element with Name attribute:password
2025-12-22 19:13:14 INFO  BaseClass - applied green color on border of element element with Name attribute:password
2025-12-22 19:13:14 INFO  BaseClass - applied green color on border of element element with class attribute:oxd-button oxd-button--medium oxd-button--main orangehrm-login-button
2025-12-22 19:13:14 INFO  BaseClass - Entered text :Manish@880 in element with Name attribute:password
2025-12-22 19:13:14 INFO  BaseClass - applied green color on border of element element with class attribute:oxd-button oxd-button--medium oxd-button--main orangehrm-login-button
2025-12-22 19:13:15 INFO  BaseClass - applied green color on border of element element with class attribute:oxd-button oxd-button--medium oxd-button--main orangehrm-login-button
2025-12-22 19:13:15 INFO  BaseClass - located element by element with class attribute:oxd-button oxd-button--medium oxd-button--main orangehrm-login-button is clickable
2025-12-22 19:13:15 INFO  BaseClass - applied green color on border of element element with class attribute:oxd-button oxd-button--medium oxd-button--main orangehrm-login-button
2025-12-22 19:13:15 INFO  BaseClass - located element by element with class attribute:oxd-button oxd-button--medium oxd-button--main orangehrm-login-button is clickable
2025-12-22 19:13:15 INFO  BaseClass - applied green color on border of element element with class attribute:oxd-button oxd-button--medium oxd-button--main orangehrm-login-button
2025-12-22 19:13:15 INFO  BaseClass - clicked on :element with class attribute:oxd-button oxd-button--medium oxd-button--main orangehrm-login-button
2025-12-22 19:13:15 INFO  BaseClass - applied green color on border of element element with class attribute:oxd-button oxd-button--medium oxd-button--main orangehrm-login-button
2025-12-22 19:13:15 INFO  BaseClass - located element by element with class attribute:oxd-button oxd-button--medium oxd-button--main orangehrm-login-button is clickable
2025-12-22 19:13:15 INFO  BaseClass - clicked on :element with class attribute:oxd-button oxd-button--medium oxd-button--main orangehrm-login-button
2025-12-22 19:13:16 INFO  BaseClass - clicked on :element with class attribute:oxd-button oxd-button--medium oxd-button--main orangehrm-login-button
2025-12-22 19:13:17 INFO  BaseClass - applied green color on border of element element with class attribute:oxd-text oxd-text--p oxd-alert-content-text
2025-12-22 19:13:17 INFO  BaseClass - element with class attribute:oxd-text oxd-text--p oxd-alert-content-text is visible
2025-12-22 19:13:18 INFO  BaseClass - applied green color on border of element element with class attribute:oxd-text oxd-text--p oxd-alert-content-text
2025-12-22 19:13:18 INFO  BaseClass - Text are equals :Invalid credentialsequals to Invalid credentials
2025-12-22 19:13:19 INFO  BaseClass - webdriver & ActionDriver classes instance terminated!!!
2025-12-22 19:13:19 INFO  BaseClass - webdriver & ActionDriver classes instance terminated!!!
2025-12-22 19:13:20 INFO  BaseClass - chromeDriver initialized!!!
2025-12-22 19:13:22 INFO  BaseClass - browser is launched and window is mazimized
2025-12-22 19:13:22 INFO  BaseClass - ActionDriver initialized!!!
2025-12-22 19:13:22 INFO  BaseClass - ActionDriver class instance is created!!!----->31
2025-12-22 19:13:22 INFO  BaseClass - starting verifyEmployeeFromDB()
2025-12-22 19:13:24 INFO  BaseClass - applied green color on border of element element with Name attribute:username
2025-12-22 19:13:24 INFO  BaseClass - element with Name attribute:username is visible
2025-12-22 19:13:24 INFO  BaseClass - applied green color on border of element element with Name attribute:username
2025-12-22 19:13:25 INFO  BaseClass - Entered text :admin in element with Name attribute:username
2025-12-22 19:13:25 INFO  BaseClass - applied green color on border of element element with Name attribute:password
2025-12-22 19:13:25 INFO  BaseClass - element with Name attribute:password is visible
2025-12-22 19:13:25 INFO  BaseClass - applied green color on border of element element with Name attribute:password
2025-12-22 19:13:25 INFO  BaseClass - Entered text :Manish@880 in element with Name attribute:password
2025-12-22 19:13:26 INFO  BaseClass - applied green color on border of element element with class attribute:oxd-button oxd-button--medium oxd-button--main orangehrm-login-button
2025-12-22 19:13:26 INFO  BaseClass - applied green color on border of element element with class attribute:oxd-button oxd-button--medium oxd-button--main orangehrm-login-button
2025-12-22 19:13:26 INFO  BaseClass - located element by element with class attribute:oxd-button oxd-button--medium oxd-button--main orangehrm-login-button is clickable
2025-12-22 19:13:26 INFO  BaseClass - webdriver & ActionDriver classes instance terminated!!!
2025-12-22 19:13:28 INFO  BaseClass - chromeDriver initialized!!!
2025-12-22 19:13:28 INFO  BaseClass - clicked on :element with class attribute:oxd-button oxd-button--medium oxd-button--main orangehrm-login-button
2025-12-22 19:13:29 INFO  BaseClass - browser is launched and window is mazimized
2025-12-22 19:13:29 INFO  BaseClass - ActionDriver initialized!!!
2025-12-22 19:13:29 INFO  BaseClass - ActionDriver class instance is created!!!----->34
2025-12-22 19:13:30 INFO  BaseClass - applied green color on border of element element with class attribute:oxd-text oxd-text--span oxd-main-menu-item--name
2025-12-22 19:13:30 INFO  BaseClass - applied green color on border of element element with Name attribute:username
2025-12-22 19:13:30 INFO  BaseClass - element with Name attribute:username is visible
2025-12-22 19:13:30 INFO  BaseClass - applied green color on border of element element with Name attribute:username
2025-12-22 19:13:30 INFO  BaseClass - Entered text :admin in element with Name attribute:username
2025-12-22 19:13:31 INFO  BaseClass - applied green color on border of element element with Name attribute:password
2025-12-22 19:13:31 INFO  BaseClass - element with Name attribute:password is visible
2025-12-22 19:13:31 INFO  BaseClass - applied green color on border of element element with Name attribute:password
2025-12-22 19:13:31 INFO  BaseClass - Entered text :Manish@880 in element with Name attribute:password
2025-12-22 19:13:31 INFO  BaseClass - applied green color on border of element element with class attribute:oxd-button oxd-button--medium oxd-button--main orangehrm-login-button
2025-12-22 19:13:31 INFO  BaseClass - applied green color on border of element element with class attribute:oxd-button oxd-button--medium oxd-button--main orangehrm-login-button
2025-12-22 19:13:31 INFO  BaseClass - located element by element with class attribute:oxd-button oxd-button--medium oxd-button--main orangehrm-login-button is clickable
2025-12-22 19:13:32 INFO  BaseClass - clicked on :element with class attribute:oxd-button oxd-button--medium oxd-button--main orangehrm-login-button
2025-12-22 19:13:45 INFO  BaseClass - applied green color on border of element element with class attribute:oxd-text oxd-text--span oxd-main-menu-item--name
2025-12-22 19:13:45 INFO  BaseClass - element is displayed :element with class attribute:oxd-text oxd-text--span oxd-main-menu-item--name
2025-12-22 19:13:47 INFO  BaseClass - applied green color on border of element unable to describe element attribute type!!!
2025-12-22 19:13:47 INFO  BaseClass - element is displayed :unable to describe element attribute type!!!
2025-12-22 19:13:48 INFO  BaseClass - webdriver & ActionDriver classes instance terminated!!!
2025-12-22 19:13:49 INFO  BaseClass - chromeDriver initialized!!!
2025-12-22 19:13:49 INFO  BaseClass - browser is launched and window is mazimized
2025-12-22 19:13:49 INFO  BaseClass - ActionDriver initialized!!!
2025-12-22 19:13:49 INFO  BaseClass - ActionDriver class instance is created!!!----->35
2025-12-22 19:13:49 INFO  BaseClass - webdriver & ActionDriver classes instance terminated!!!
2025-12-22 19:13:50 INFO  BaseClass - applied green color on border of element element with Name attribute:username
2025-12-22 19:13:50 INFO  BaseClass - chromeDriver initialized!!!
2025-12-22 19:13:50 INFO  BaseClass - element with Name attribute:username is visible
2025-12-22 19:13:51 INFO  BaseClass - applied green color on border of element element with Name attribute:username
2025-12-22 19:13:51 INFO  BaseClass - Entered text :admin in element with Name attribute:username
2025-12-22 19:13:51 INFO  BaseClass - browser is launched and window is mazimized
2025-12-22 19:13:51 INFO  BaseClass - ActionDriver initialized!!!
2025-12-22 19:13:51 INFO  BaseClass - ActionDriver class instance is created!!!----->33
2025-12-22 19:13:51 INFO  BaseClass - applied green color on border of element element with Name attribute:password
2025-12-22 19:13:51 INFO  BaseClass - element with Name attribute:password is visible
2025-12-22 19:13:51 INFO  BaseClass - applied green color on border of element element with Name attribute:password
2025-12-22 19:13:52 INFO  BaseClass - Entered text :Manish@880 in element with Name attribute:password
2025-12-22 19:13:52 INFO  BaseClass - applied green color on border of element element with class attribute:oxd-button oxd-button--medium oxd-button--main orangehrm-login-button
2025-12-22 19:13:52 INFO  BaseClass - applied green color on border of element element with Name attribute:username
2025-12-22 19:13:52 INFO  BaseClass - applied green color on border of element element with class attribute:oxd-button oxd-button--medium oxd-button--main orangehrm-login-button
2025-12-22 19:13:52 INFO  BaseClass - element with Name attribute:username is visible
2025-12-22 19:13:52 INFO  BaseClass - located element by element with class attribute:oxd-button oxd-button--medium oxd-button--main orangehrm-login-button is clickable
2025-12-22 19:13:52 INFO  BaseClass - applied green color on border of element element with Name attribute:username
2025-12-22 19:13:52 INFO  BaseClass - clicked on :element with class attribute:oxd-button oxd-button--medium oxd-button--main orangehrm-login-button
2025-12-22 19:13:52 INFO  BaseClass - Entered text :admin in element with Name attribute:username
2025-12-22 19:13:53 INFO  BaseClass - applied green color on border of element element with Name attribute:password
2025-12-22 19:13:53 INFO  BaseClass - element with Name attribute:password is visible
2025-12-22 19:13:53 INFO  BaseClass - applied green color on border of element element with Name attribute:password
2025-12-22 19:13:53 INFO  BaseClass - Entered text :Manish@880 in element with Name attribute:password
2025-12-22 19:13:53 INFO  BaseClass - applied green color on border of element element with class attribute:oxd-button oxd-button--medium oxd-button--main orangehrm-login-button
2025-12-22 19:13:53 INFO  BaseClass - applied green color on border of element element with class attribute:oxd-button oxd-button--medium oxd-button--main orangehrm-login-button
2025-12-22 19:13:53 INFO  BaseClass - located element by element with class attribute:oxd-button oxd-button--medium oxd-button--main orangehrm-login-button is clickable
2025-12-22 19:13:55 INFO  BaseClass - clicked on :element with class attribute:oxd-button oxd-button--medium oxd-button--main orangehrm-login-button
2025-12-22 19:14:00 ERROR BaseClass - element is not clickable!!!
2025-12-22 19:14:02 INFO  BaseClass - applied green color on border of element element with class attribute:oxd-text oxd-text--span oxd-main-menu-item--name
2025-12-22 19:14:02 INFO  BaseClass - element is displayed :element with class attribute:oxd-text oxd-text--span oxd-main-menu-item--name
2025-12-22 19:14:04 INFO  BaseClass - webdriver & ActionDriver classes instance terminated!!!
2025-12-22 19:14:06 INFO  BaseClass - chromeDriver initialized!!!
2025-12-22 19:14:06 INFO  BaseClass - browser is launched and window is mazimized
2025-12-22 19:14:06 INFO  BaseClass - ActionDriver initialized!!!
2025-12-22 19:14:06 INFO  BaseClass - ActionDriver class instance is created!!!----->34
2025-12-22 19:14:07 INFO  BaseClass - applied green color on border of element element with Name attribute:username
2025-12-22 19:14:07 INFO  BaseClass - element with Name attribute:username is visible
2025-12-22 19:14:07 INFO  BaseClass - applied green color on border of element element with Name attribute:username
2025-12-22 19:14:07 INFO  BaseClass - Entered text :admin in element with Name attribute:username
2025-12-22 19:14:07 INFO  BaseClass - applied green color on border of element element with Name attribute:password
2025-12-22 19:14:07 INFO  BaseClass - element with Name attribute:password is visible
2025-12-22 19:14:08 INFO  BaseClass - applied green color on border of element element with Name attribute:password
2025-12-22 19:14:08 INFO  BaseClass - Entered text :Manish@880 in element with Name attribute:password
2025-12-22 19:14:08 INFO  BaseClass - applied green color on border of element element with class attribute:oxd-button oxd-button--medium oxd-button--main orangehrm-login-button
2025-12-22 19:14:08 INFO  BaseClass - applied green color on border of element element with class attribute:oxd-button oxd-button--medium oxd-button--main orangehrm-login-button
2025-12-22 19:14:08 INFO  BaseClass - located element by element with class attribute:oxd-button oxd-button--medium oxd-button--main orangehrm-login-button is clickable
2025-12-22 19:14:08 INFO  BaseClass - clicked on :element with class attribute:oxd-button oxd-button--medium oxd-button--main orangehrm-login-button
2025-12-22 19:14:10 ERROR BaseClass - unable to click element
2025-12-22 19:14:10 INFO  BaseClass - clicked on PIM Tab
2025-12-22 19:14:23 INFO  BaseClass - applied green color on border of element element with class attribute:oxd-text oxd-text--span oxd-main-menu-item--name
2025-12-22 19:14:23 INFO  BaseClass - element is displayed :element with class attribute:oxd-text oxd-text--span oxd-main-menu-item--name
2025-12-22 19:14:25 INFO  BaseClass - webdriver & ActionDriver classes instance terminated!!!
2025-12-22 19:14:25 INFO  BaseClass - applied green color on border of element unable to describe element attribute type!!!
2025-12-22 19:14:25 INFO  BaseClass - element is displayed :unable to describe element attribute type!!!
2025-12-22 19:14:27 INFO  BaseClass - chromeDriver initialized!!!
2025-12-22 19:14:28 INFO  BaseClass - webdriver & ActionDriver classes instance terminated!!!
2025-12-22 19:14:28 INFO  BaseClass - browser is launched and window is mazimized
2025-12-22 19:14:28 INFO  BaseClass - ActionDriver initialized!!!
2025-12-22 19:14:28 INFO  BaseClass - ActionDriver class instance is created!!!----->35
2025-12-22 19:14:29 INFO  BaseClass - chromeDriver initialized!!!
2025-12-22 19:14:29 INFO  BaseClass - applied green color on border of element element with Name attribute:username
2025-12-22 19:14:29 INFO  BaseClass - element with Name attribute:username is visible
2025-12-22 19:14:30 INFO  BaseClass - applied green color on border of element element with Name attribute:username
2025-12-22 19:14:30 INFO  BaseClass - Entered text :admin in element with Name attribute:username
2025-12-22 19:14:30 INFO  BaseClass - applied green color on border of element element with Name attribute:password
2025-12-22 19:14:30 INFO  BaseClass - element with Name attribute:password is visible
2025-12-22 19:14:30 INFO  BaseClass - browser is launched and window is mazimized
2025-12-22 19:14:30 INFO  BaseClass - ActionDriver initialized!!!
2025-12-22 19:14:30 INFO  BaseClass - ActionDriver class instance is created!!!----->33
2025-12-22 19:14:30 INFO  BaseClass - applied green color on border of element element with Name attribute:password
2025-12-22 19:14:30 INFO  BaseClass - Entered text :Manish@880 in element with Name attribute:password
2025-12-22 19:14:31 INFO  BaseClass - applied green color on border of element element with class attribute:oxd-button oxd-button--medium oxd-button--main orangehrm-login-button
2025-12-22 19:14:31 INFO  BaseClass - applied green color on border of element element with Name attribute:username
2025-12-22 19:14:31 INFO  BaseClass - element with Name attribute:username is visible
2025-12-22 19:14:31 INFO  BaseClass - applied green color on border of element element with class attribute:oxd-button oxd-button--medium oxd-button--main orangehrm-login-button
2025-12-22 19:14:31 INFO  BaseClass - located element by element with class attribute:oxd-button oxd-button--medium oxd-button--main orangehrm-login-button is clickable
2025-12-22 19:14:31 INFO  BaseClass - applied green color on border of element element with Name attribute:username
2025-12-22 19:14:31 INFO  BaseClass - Entered text :admin in element with Name attribute:username
2025-12-22 19:14:32 INFO  BaseClass - applied green color on border of element element with Name attribute:password
2025-12-22 19:14:32 INFO  BaseClass - element with Name attribute:password is visible
2025-12-22 19:14:32 INFO  BaseClass - applied green color on border of element element with Name attribute:password
2025-12-22 19:14:32 INFO  BaseClass - Entered text :Manish@880 in element with Name attribute:password
2025-12-22 19:14:32 INFO  BaseClass - applied green color on border of element element with class attribute:oxd-button oxd-button--medium oxd-button--main orangehrm-login-button
2025-12-22 19:14:32 INFO  BaseClass - applied green color on border of element element with class attribute:oxd-button oxd-button--medium oxd-button--main orangehrm-login-button
2025-12-22 19:14:32 INFO  BaseClass - located element by element with class attribute:oxd-button oxd-button--medium oxd-button--main orangehrm-login-button is clickable
2025-12-22 19:14:33 INFO  BaseClass - clicked on :element with class attribute:oxd-button oxd-button--medium oxd-button--main orangehrm-login-button
2025-12-22 19:14:33 INFO  BaseClass - clicked on :element with class attribute:oxd-button oxd-button--medium oxd-button--main orangehrm-login-button
2025-12-22 19:14:38 INFO  BaseClass - applied green color on border of element element with class attribute:oxd-text oxd-text--span oxd-main-menu-item--name
2025-12-22 19:14:38 INFO  BaseClass - element is displayed :element with class attribute:oxd-text oxd-text--span oxd-main-menu-item--name
2025-12-22 19:14:41 INFO  BaseClass - webdriver & ActionDriver classes instance terminated!!!
2025-12-22 19:14:42 INFO  BaseClass - chromeDriver initialized!!!
2025-12-22 19:14:43 INFO  BaseClass - browser is launched and window is mazimized
2025-12-22 19:14:43 INFO  BaseClass - ActionDriver initialized!!!
2025-12-22 19:14:43 INFO  BaseClass - ActionDriver class instance is created!!!----->34
2025-12-22 19:14:44 INFO  BaseClass - applied green color on border of element element with Name attribute:username
2025-12-22 19:14:44 INFO  BaseClass - element with Name attribute:username is visible
2025-12-22 19:14:44 INFO  BaseClass - applied green color on border of element element with Name attribute:username
2025-12-22 19:14:44 INFO  BaseClass - Entered text :admin in element with Name attribute:username
2025-12-22 19:14:45 INFO  BaseClass - applied green color on border of element element with Name attribute:password
2025-12-22 19:14:45 INFO  BaseClass - element with Name attribute:password is visible
2025-12-22 19:14:45 INFO  BaseClass - applied green color on border of element element with Name attribute:password
2025-12-22 19:14:45 INFO  BaseClass - Entered text :Manish@880 in element with Name attribute:password
2025-12-22 19:14:45 INFO  BaseClass - applied green color on border of element element with class attribute:oxd-button oxd-button--medium oxd-button--main orangehrm-login-button
2025-12-22 19:14:46 INFO  BaseClass - applied green color on border of element element with class attribute:oxd-button oxd-button--medium oxd-button--main orangehrm-login-button
2025-12-22 19:14:46 INFO  BaseClass - located element by element with class attribute:oxd-button oxd-button--medium oxd-button--main orangehrm-login-button is clickable
2025-12-22 19:14:46 INFO  BaseClass - clicked on :element with class attribute:oxd-button oxd-button--medium oxd-button--main orangehrm-login-button
2025-12-22 19:15:02 ERROR BaseClass - unable to describe element attribute type!!!no such element: Unable to locate element: {"method":"xpath","selector":"//label[.='Employee Name']/parent::div/following-sibling::div//input"}
  (Session info: chrome=143.0.7499.147)
For documentation on this error, please visit: https://www.selenium.dev/documentation/webdriver/troubleshooting/errors#nosuchelementexception
Build info: version: '4.39.0', revision: '126f156aee'
System info: os.name: 'Windows 10', os.arch: 'amd64', os.version: '10.0', java.version: '21.0.4'
Driver info: org.openqa.selenium.chrome.ChromeDriver
Command: [4fa90012e1eab7aca2c61a30dc1edd62, findElement {using=xpath, value=//label[.='Employee Name']/parent::div/following-sibling::div//input}]
Capabilities {acceptInsecureCerts: false, browserName: chrome, browserVersion: 143.0.7499.147, chrome: {chromedriverVersion: 143.0.7499.169 (164b20aab62..., userDataDir: C:\Users\hp\AppData\Local\T...}, fedcm:accounts: true, goog:chromeOptions: {debuggerAddress: localhost:55411}, goog:processID: 18164, networkConnectionEnabled: false, pageLoadStrategy: normal, platformName: windows, proxy: Proxy(), se:cdp: ws://localhost:55411/devtoo..., se:cdpVersion: 143.0.7499.147, setWindowRect: true, strictFileInteractability: false, timeouts: {implicit: 0, pageLoad: 300000, script: 30000}, unhandledPromptBehavior: dismiss and notify, webauthn:extension:credBlob: true, webauthn:extension:largeBlob: true, webauthn:extension:minPinLength: true, webauthn:extension:prf: true, webauthn:virtualAuthenticators: true}
Session ID: 4fa90012e1eab7aca2c61a30dc1edd62
2025-12-22 19:15:02 WARN  BaseClass - failed to apply color on border of element :unable to describe element attribute type!!!
2025-12-22 19:15:03 INFO  BaseClass - applied green color on border of element unable to describe element attribute type!!!
2025-12-22 19:15:03 INFO  BaseClass - element is displayed :unable to describe element attribute type!!!
2025-12-22 19:15:04 INFO  BaseClass - applied green color on border of element element with class attribute:oxd-text oxd-text--span oxd-main-menu-item--name
2025-12-22 19:15:04 INFO  BaseClass - element is displayed :element with class attribute:oxd-text oxd-text--span oxd-main-menu-item--name
2025-12-22 19:15:06 INFO  BaseClass - webdriver & ActionDriver classes instance terminated!!!
2025-12-22 19:15:06 INFO  BaseClass - webdriver & ActionDriver classes instance terminated!!!
2025-12-22 19:15:12 ERROR BaseClass - unable to enter text
2025-12-22 19:15:16 INFO  BaseClass - applied green color on border of element element with class attribute:oxd-text oxd-text--span oxd-main-menu-item--name
2025-12-22 19:15:16 INFO  BaseClass - element is displayed :element with class attribute:oxd-text oxd-text--span oxd-main-menu-item--name
2025-12-22 19:15:19 INFO  BaseClass - webdriver & ActionDriver classes instance terminated!!!
2025-12-22 19:15:22 ERROR BaseClass - unable to describe element attribute type!!!no such element: Unable to locate element: {"method":"xpath","selector":"//button[@type='submit']"}
  (Session info: chrome=143.0.7499.147)
For documentation on this error, please visit: https://www.selenium.dev/documentation/webdriver/troubleshooting/errors#nosuchelementexception
Build info: version: '4.39.0', revision: '126f156aee'
System info: os.name: 'Windows 10', os.arch: 'amd64', os.version: '10.0', java.version: '21.0.4'
Driver info: org.openqa.selenium.chrome.ChromeDriver
Command: [4fa90012e1eab7aca2c61a30dc1edd62, findElement {using=xpath, value=//button[@type='submit']}]
Capabilities {acceptInsecureCerts: false, browserName: chrome, browserVersion: 143.0.7499.147, chrome: {chromedriverVersion: 143.0.7499.169 (164b20aab62..., userDataDir: C:\Users\hp\AppData\Local\T...}, fedcm:accounts: true, goog:chromeOptions: {debuggerAddress: localhost:55411}, goog:processID: 18164, networkConnectionEnabled: false, pageLoadStrategy: normal, platformName: windows, proxy: Proxy(), se:cdp: ws://localhost:55411/devtoo..., se:cdpVersion: 143.0.7499.147, setWindowRect: true, strictFileInteractability: false, timeouts: {implicit: 0, pageLoad: 300000, script: 30000}, unhandledPromptBehavior: dismiss and notify, webauthn:extension:credBlob: true, webauthn:extension:largeBlob: true, webauthn:extension:minPinLength: true, webauthn:extension:prf: true, webauthn:virtualAuthenticators: true}
Session ID: 4fa90012e1eab7aca2c61a30dc1edd62
2025-12-22 19:15:42 ERROR BaseClass - unable to describe element attribute type!!!no such element: Unable to locate element: {"method":"xpath","selector":"//button[@type='submit']"}
  (Session info: chrome=143.0.7499.147)
For documentation on this error, please visit: https://www.selenium.dev/documentation/webdriver/troubleshooting/errors#nosuchelementexception
Build info: version: '4.39.0', revision: '126f156aee'
System info: os.name: 'Windows 10', os.arch: 'amd64', os.version: '10.0', java.version: '21.0.4'
Driver info: org.openqa.selenium.chrome.ChromeDriver
Command: [4fa90012e1eab7aca2c61a30dc1edd62, findElement {using=xpath, value=//button[@type='submit']}]
Capabilities {acceptInsecureCerts: false, browserName: chrome, browserVersion: 143.0.7499.147, chrome: {chromedriverVersion: 143.0.7499.169 (164b20aab62..., userDataDir: C:\Users\hp\AppData\Local\T...}, fedcm:accounts: true, goog:chromeOptions: {debuggerAddress: localhost:55411}, goog:processID: 18164, networkConnectionEnabled: false, pageLoadStrategy: normal, platformName: windows, proxy: Proxy(), se:cdp: ws://localhost:55411/devtoo..., se:cdpVersion: 143.0.7499.147, setWindowRect: true, strictFileInteractability: false, timeouts: {implicit: 0, pageLoad: 300000, script: 30000}, unhandledPromptBehavior: dismiss and notify, webauthn:extension:credBlob: true, webauthn:extension:largeBlob: true, webauthn:extension:minPinLength: true, webauthn:extension:prf: true, webauthn:virtualAuthenticators: true}
Session ID: 4fa90012e1eab7aca2c61a30dc1edd62
2025-12-22 19:15:42 WARN  BaseClass - failed to apply color on border of element :unable to describe element attribute type!!!
2025-12-22 19:16:13 ERROR BaseClass - element is not clickable!!!
2025-12-22 19:16:23 ERROR BaseClass - unable to click element
2025-12-22 19:16:33 INFO  BaseClass - unable to scroll to the element!!!
2025-12-22 19:16:33 INFO  BaseClass - DB connection successfull
2025-12-22 19:16:34 INFO  BaseClass - Executing query :SELECT employee_id,emp_firstname,emp_middle_name,emp_lastname FROM hs_hr_employee WHERE employee_id=0002
2025-12-22 19:16:34 INFO  BaseClass - query executed successfully
2025-12-22 19:16:34 INFO  BaseClass - able to store data from DB
2025-12-22 19:17:15 ERROR BaseClass - unable to compare texts
2025-12-22 19:17:56 ERROR BaseClass - unable to compare texts
2025-12-22 19:17:58 INFO  BaseClass - webdriver & ActionDriver classes instance terminated!!!
2025-12-22 19:17:59 INFO  BaseClass - chromeDriver initialized!!!
2025-12-22 19:18:00 INFO  BaseClass - browser is launched and window is mazimized
2025-12-22 19:18:00 INFO  BaseClass - ActionDriver initialized!!!
2025-12-22 19:18:00 INFO  BaseClass - ActionDriver class instance is created!!!----->31
2025-12-22 19:18:00 INFO  BaseClass - starting verifyEmployeeFromDB()
2025-12-22 19:18:01 INFO  BaseClass - applied green color on border of element element with Name attribute:username
2025-12-22 19:18:01 INFO  BaseClass - element with Name attribute:username is visible
2025-12-22 19:18:01 INFO  BaseClass - applied green color on border of element element with Name attribute:username
2025-12-22 19:18:01 INFO  BaseClass - Entered text :admin in element with Name attribute:username
2025-12-22 19:18:01 INFO  BaseClass - applied green color on border of element element with Name attribute:password
2025-12-22 19:18:01 INFO  BaseClass - element with Name attribute:password is visible
2025-12-22 19:18:01 INFO  BaseClass - applied green color on border of element element with Name attribute:password
2025-12-22 19:18:02 INFO  BaseClass - Entered text :Manish@880 in element with Name attribute:password
2025-12-22 19:18:02 INFO  BaseClass - applied green color on border of element element with class attribute:oxd-button oxd-button--medium oxd-button--main orangehrm-login-button
2025-12-22 19:18:02 INFO  BaseClass - applied green color on border of element element with class attribute:oxd-button oxd-button--medium oxd-button--main orangehrm-login-button
2025-12-22 19:18:02 INFO  BaseClass - located element by element with class attribute:oxd-button oxd-button--medium oxd-button--main orangehrm-login-button is clickable
2025-12-22 19:18:03 INFO  BaseClass - clicked on :element with class attribute:oxd-button oxd-button--medium oxd-button--main orangehrm-login-button
2025-12-22 19:18:04 INFO  BaseClass - applied green color on border of element element with class attribute:oxd-text oxd-text--span oxd-main-menu-item--name
2025-12-22 19:18:35 ERROR BaseClass - element is not clickable!!!
2025-12-22 19:18:45 ERROR BaseClass - unable to click element
2025-12-22 19:18:45 INFO  BaseClass - clicked on PIM Tab
2025-12-22 19:19:36 ERROR BaseClass - unable to describe element attribute type!!!no such element: Unable to locate element: {"method":"xpath","selector":"//label[.='Employee Name']/parent::div/following-sibling::div//input"}
  (Session info: chrome=143.0.7499.147)
For documentation on this error, please visit: https://www.selenium.dev/documentation/webdriver/troubleshooting/errors#nosuchelementexception
Build info: version: '4.39.0', revision: '126f156aee'
System info: os.name: 'Windows 10', os.arch: 'amd64', os.version: '10.0', java.version: '21.0.4'
Driver info: org.openqa.selenium.chrome.ChromeDriver
Command: [a747d30e12b71145b416311e181c8500, findElement {using=xpath, value=//label[.='Employee Name']/parent::div/following-sibling::div//input}]
Capabilities {acceptInsecureCerts: false, browserName: chrome, browserVersion: 143.0.7499.147, chrome: {chromedriverVersion: 143.0.7499.169 (164b20aab62..., userDataDir: C:\Users\hp\AppData\Local\T...}, fedcm:accounts: true, goog:chromeOptions: {debuggerAddress: localhost:55970}, goog:processID: 18684, networkConnectionEnabled: false, pageLoadStrategy: normal, platformName: windows, proxy: Proxy(), se:cdp: ws://localhost:55970/devtoo..., se:cdpVersion: 143.0.7499.147, setWindowRect: true, strictFileInteractability: false, timeouts: {implicit: 0, pageLoad: 300000, script: 30000}, unhandledPromptBehavior: dismiss and notify, webauthn:extension:credBlob: true, webauthn:extension:largeBlob: true, webauthn:extension:minPinLength: true, webauthn:extension:prf: true, webauthn:virtualAuthenticators: true}
Session ID: a747d30e12b71145b416311e181c8500
2025-12-22 19:19:36 WARN  BaseClass - failed to apply color on border of element :unable to describe element attribute type!!!
2025-12-22 19:19:46 ERROR BaseClass - unable to enter text
2025-12-22 19:19:56 ERROR BaseClass - unable to describe element attribute type!!!no such element: Unable to locate element: {"method":"xpath","selector":"//button[@type='submit']"}
  (Session info: chrome=143.0.7499.147)
For documentation on this error, please visit: https://www.selenium.dev/documentation/webdriver/troubleshooting/errors#nosuchelementexception
Build info: version: '4.39.0', revision: '126f156aee'
System info: os.name: 'Windows 10', os.arch: 'amd64', os.version: '10.0', java.version: '21.0.4'
Driver info: org.openqa.selenium.chrome.ChromeDriver
Command: [a747d30e12b71145b416311e181c8500, findElement {using=xpath, value=//button[@type='submit']}]
Capabilities {acceptInsecureCerts: false, browserName: chrome, browserVersion: 143.0.7499.147, chrome: {chromedriverVersion: 143.0.7499.169 (164b20aab62..., userDataDir: C:\Users\hp\AppData\Local\T...}, fedcm:accounts: true, goog:chromeOptions: {debuggerAddress: localhost:55970}, goog:processID: 18684, networkConnectionEnabled: false, pageLoadStrategy: normal, platformName: windows, proxy: Proxy(), se:cdp: ws://localhost:55970/devtoo..., se:cdpVersion: 143.0.7499.147, setWindowRect: true, strictFileInteractability: false, timeouts: {implicit: 0, pageLoad: 300000, script: 30000}, unhandledPromptBehavior: dismiss and notify, webauthn:extension:credBlob: true, webauthn:extension:largeBlob: true, webauthn:extension:minPinLength: true, webauthn:extension:prf: true, webauthn:virtualAuthenticators: true}
Session ID: a747d30e12b71145b416311e181c8500
2025-12-22 19:20:16 ERROR BaseClass - unable to describe element attribute type!!!no such element: Unable to locate element: {"method":"xpath","selector":"//button[@type='submit']"}
  (Session info: chrome=143.0.7499.147)
For documentation on this error, please visit: https://www.selenium.dev/documentation/webdriver/troubleshooting/errors#nosuchelementexception
Build info: version: '4.39.0', revision: '126f156aee'
System info: os.name: 'Windows 10', os.arch: 'amd64', os.version: '10.0', java.version: '21.0.4'
Driver info: org.openqa.selenium.chrome.ChromeDriver
Command: [a747d30e12b71145b416311e181c8500, findElement {using=xpath, value=//button[@type='submit']}]
Capabilities {acceptInsecureCerts: false, browserName: chrome, browserVersion: 143.0.7499.147, chrome: {chromedriverVersion: 143.0.7499.169 (164b20aab62..., userDataDir: C:\Users\hp\AppData\Local\T...}, fedcm:accounts: true, goog:chromeOptions: {debuggerAddress: localhost:55970}, goog:processID: 18684, networkConnectionEnabled: false, pageLoadStrategy: normal, platformName: windows, proxy: Proxy(), se:cdp: ws://localhost:55970/devtoo..., se:cdpVersion: 143.0.7499.147, setWindowRect: true, strictFileInteractability: false, timeouts: {implicit: 0, pageLoad: 300000, script: 30000}, unhandledPromptBehavior: dismiss and notify, webauthn:extension:credBlob: true, webauthn:extension:largeBlob: true, webauthn:extension:minPinLength: true, webauthn:extension:prf: true, webauthn:virtualAuthenticators: true}
Session ID: a747d30e12b71145b416311e181c8500
2025-12-22 19:20:16 WARN  BaseClass - failed to apply color on border of element :unable to describe element attribute type!!!
2025-12-22 19:20:47 ERROR BaseClass - element is not clickable!!!
2025-12-22 19:20:57 ERROR BaseClass - unable to click element
2025-12-22 19:21:07 INFO  BaseClass - unable to scroll to the element!!!
2025-12-22 19:21:07 INFO  BaseClass - DB connection successfull
2025-12-22 19:21:07 INFO  BaseClass - Executing query :SELECT employee_id,emp_firstname,emp_middle_name,emp_lastname FROM hs_hr_employee WHERE employee_id=0002
2025-12-22 19:21:07 INFO  BaseClass - query executed successfully
2025-12-22 19:21:07 INFO  BaseClass - able to store data from DB
2025-12-22 19:21:48 ERROR BaseClass - unable to compare texts
2025-12-22 19:23:00 INFO  BaseClass - config.properties file is loaded!!!
2025-12-22 19:23:04 INFO  BaseClass - chromeDriver initialized!!!
2025-12-22 19:23:04 INFO  BaseClass - chromeDriver initialized!!!
2025-12-22 19:23:04 INFO  BaseClass - chromeDriver initialized!!!
2025-12-22 19:23:04 INFO  BaseClass - chromeDriver initialized!!!
2025-12-22 19:23:04 INFO  BaseClass - chromeDriver initialized!!!
2025-12-22 19:23:06 INFO  BaseClass - browser is launched and window is mazimized
2025-12-22 19:23:06 INFO  BaseClass - ActionDriver initialized!!!
2025-12-22 19:23:06 INFO  BaseClass - ActionDriver class instance is created!!!----->29
2025-12-22 19:23:07 INFO  BaseClass - browser is launched and window is mazimized
2025-12-22 19:23:07 INFO  BaseClass - ActionDriver initialized!!!
2025-12-22 19:23:07 INFO  BaseClass - ActionDriver class instance is created!!!----->31
2025-12-22 19:23:07 INFO  BaseClass - browser is launched and window is mazimized
2025-12-22 19:23:07 INFO  BaseClass - ActionDriver initialized!!!
2025-12-22 19:23:07 INFO  BaseClass - ActionDriver class instance is created!!!----->30
2025-12-22 19:23:08 INFO  BaseClass - browser is launched and window is mazimized
2025-12-22 19:23:08 INFO  BaseClass - ActionDriver initialized!!!
2025-12-22 19:23:08 INFO  BaseClass - ActionDriver class instance is created!!!----->32
2025-12-22 19:23:08 INFO  BaseClass - browser is launched and window is mazimized
2025-12-22 19:23:08 INFO  BaseClass - ActionDriver initialized!!!
2025-12-22 19:23:08 INFO  BaseClass - ActionDriver class instance is created!!!----->33
2025-12-22 19:23:09 INFO  BaseClass - applied green color on border of element element with Name attribute:username
2025-12-22 19:23:09 INFO  BaseClass - applied green color on border of element element with Name attribute:username
2025-12-22 19:23:09 INFO  BaseClass - applied green color on border of element element with Name attribute:username
2025-12-22 19:23:09 INFO  BaseClass - element with Name attribute:username is visible
2025-12-22 19:23:09 INFO  BaseClass - element with Name attribute:username is visible
2025-12-22 19:23:09 INFO  BaseClass - element with Name attribute:username is visible
2025-12-22 19:23:09 INFO  BaseClass - applied green color on border of element element with Name attribute:username
2025-12-22 19:23:09 INFO  BaseClass - applied green color on border of element element with Name attribute:username
2025-12-22 19:23:09 INFO  BaseClass - applied green color on border of element element with Name attribute:username
2025-12-22 19:23:10 INFO  BaseClass - Entered text :admin in element with Name attribute:username
2025-12-22 19:23:10 INFO  BaseClass - Entered text :admin in element with Name attribute:username
2025-12-22 19:23:10 INFO  BaseClass - Entered text :Admin in element with Name attribute:username
2025-12-22 19:23:10 INFO  BaseClass - applied green color on border of element element with Name attribute:password
2025-12-22 19:23:10 INFO  BaseClass - applied green color on border of element element with Name attribute:password
2025-12-22 19:23:10 INFO  BaseClass - element with Name attribute:password is visible
2025-12-22 19:23:10 INFO  BaseClass - applied green color on border of element element with Name attribute:password
2025-12-22 19:23:10 INFO  BaseClass - element with Name attribute:password is visible
2025-12-22 19:23:10 INFO  BaseClass - element with Name attribute:password is visible
2025-12-22 19:23:10 INFO  BaseClass - applied green color on border of element element with Name attribute:password
2025-12-22 19:23:10 INFO  BaseClass - applied green color on border of element element with Name attribute:password
2025-12-22 19:23:10 INFO  BaseClass - applied green color on border of element element with Name attribute:password
2025-12-22 19:23:10 INFO  BaseClass - Entered text :Manish@880 in element with Name attribute:password
2025-12-22 19:23:11 INFO  BaseClass - Entered text :Manish@880 in element with Name attribute:password
2025-12-22 19:23:11 INFO  BaseClass - Entered text :xxxxx in element with Name attribute:password
2025-12-22 19:23:11 INFO  BaseClass - applied green color on border of element element with class attribute:oxd-button oxd-button--medium oxd-button--main orangehrm-login-button
2025-12-22 19:23:11 INFO  BaseClass - applied green color on border of element element with class attribute:oxd-button oxd-button--medium oxd-button--main orangehrm-login-button
2025-12-22 19:23:11 INFO  BaseClass - applied green color on border of element element with class attribute:oxd-button oxd-button--medium oxd-button--main orangehrm-login-button
2025-12-22 19:23:11 INFO  BaseClass - applied green color on border of element element with class attribute:oxd-button oxd-button--medium oxd-button--main orangehrm-login-button
2025-12-22 19:23:11 INFO  BaseClass - located element by element with class attribute:oxd-button oxd-button--medium oxd-button--main orangehrm-login-button is clickable
2025-12-22 19:23:11 INFO  BaseClass - applied green color on border of element element with class attribute:oxd-button oxd-button--medium oxd-button--main orangehrm-login-button
2025-12-22 19:23:11 INFO  BaseClass - located element by element with class attribute:oxd-button oxd-button--medium oxd-button--main orangehrm-login-button is clickable
2025-12-22 19:23:11 INFO  BaseClass - applied green color on border of element element with class attribute:oxd-button oxd-button--medium oxd-button--main orangehrm-login-button
2025-12-22 19:23:11 INFO  BaseClass - located element by element with class attribute:oxd-button oxd-button--medium oxd-button--main orangehrm-login-button is clickable
2025-12-22 19:23:13 INFO  BaseClass - clicked on :element with class attribute:oxd-button oxd-button--medium oxd-button--main orangehrm-login-button
2025-12-22 19:23:13 INFO  BaseClass - clicked on :element with class attribute:oxd-button oxd-button--medium oxd-button--main orangehrm-login-button
2025-12-22 19:23:13 INFO  BaseClass - clicked on :element with class attribute:oxd-button oxd-button--medium oxd-button--main orangehrm-login-button
2025-12-22 19:23:13 INFO  BaseClass - applied green color on border of element element with class attribute:oxd-text oxd-text--p oxd-alert-content-text
2025-12-22 19:23:14 INFO  BaseClass - element with class attribute:oxd-text oxd-text--p oxd-alert-content-text is visible
2025-12-22 19:23:15 INFO  BaseClass - applied green color on border of element element with class attribute:oxd-text oxd-text--p oxd-alert-content-text
2025-12-22 19:23:15 INFO  BaseClass - Text are equals :Invalid credentialsequals to Invalid credentials
2025-12-22 19:23:16 INFO  BaseClass - webdriver & ActionDriver classes instance terminated!!!
2025-12-22 19:23:16 INFO  BaseClass - webdriver & ActionDriver classes instance terminated!!!
2025-12-22 19:23:18 INFO  BaseClass - chromeDriver initialized!!!
2025-12-22 19:23:20 INFO  BaseClass - webdriver & ActionDriver classes instance terminated!!!
2025-12-22 19:23:20 INFO  BaseClass - browser is launched and window is mazimized
2025-12-22 19:23:20 INFO  BaseClass - ActionDriver initialized!!!
2025-12-22 19:23:20 INFO  BaseClass - ActionDriver class instance is created!!!----->29
2025-12-22 19:23:20 INFO  BaseClass - starting verifyEmployeeFromDB()
2025-12-22 19:23:21 INFO  BaseClass - chromeDriver initialized!!!
2025-12-22 19:23:21 INFO  BaseClass - applied green color on border of element element with Name attribute:username
2025-12-22 19:23:21 INFO  BaseClass - element with Name attribute:username is visible
2025-12-22 19:23:21 INFO  BaseClass - applied green color on border of element element with Name attribute:username
2025-12-22 19:23:22 INFO  BaseClass - browser is launched and window is mazimized
2025-12-22 19:23:22 INFO  BaseClass - ActionDriver initialized!!!
2025-12-22 19:23:22 INFO  BaseClass - ActionDriver class instance is created!!!----->32
2025-12-22 19:23:23 INFO  BaseClass - Entered text :admin in element with Name attribute:username
2025-12-22 19:23:23 INFO  BaseClass - applied green color on border of element element with Name attribute:username
2025-12-22 19:23:23 INFO  BaseClass - element with Name attribute:username is visible
2025-12-22 19:23:23 INFO  BaseClass - applied green color on border of element element with Name attribute:password
2025-12-22 19:23:23 INFO  BaseClass - element with Name attribute:password is visible
2025-12-22 19:23:23 INFO  BaseClass - applied green color on border of element element with Name attribute:username
2025-12-22 19:23:23 INFO  BaseClass - applied green color on border of element element with Name attribute:password
2025-12-22 19:23:23 INFO  BaseClass - Entered text :admin in element with Name attribute:username
2025-12-22 19:23:24 INFO  BaseClass - Entered text :Manish@880 in element with Name attribute:password
2025-12-22 19:23:24 INFO  BaseClass - applied green color on border of element element with Name attribute:password
2025-12-22 19:23:24 INFO  BaseClass - element with Name attribute:password is visible
2025-12-22 19:23:24 INFO  BaseClass - applied green color on border of element element with class attribute:oxd-button oxd-button--medium oxd-button--main orangehrm-login-button
2025-12-22 19:23:25 INFO  BaseClass - applied green color on border of element element with Name attribute:password
2025-12-22 19:23:25 INFO  BaseClass - applied green color on border of element element with class attribute:oxd-button oxd-button--medium oxd-button--main orangehrm-login-button
2025-12-22 19:23:25 INFO  BaseClass - located element by element with class attribute:oxd-button oxd-button--medium oxd-button--main orangehrm-login-button is clickable
2025-12-22 19:23:25 INFO  BaseClass - Entered text :Manish@880 in element with Name attribute:password
2025-12-22 19:23:25 INFO  BaseClass - applied green color on border of element element with class attribute:oxd-button oxd-button--medium oxd-button--main orangehrm-login-button
2025-12-22 19:23:25 INFO  BaseClass - applied green color on border of element element with class attribute:oxd-button oxd-button--medium oxd-button--main orangehrm-login-button
2025-12-22 19:23:25 INFO  BaseClass - located element by element with class attribute:oxd-button oxd-button--medium oxd-button--main orangehrm-login-button is clickable
2025-12-22 19:23:26 INFO  BaseClass - clicked on :element with class attribute:oxd-button oxd-button--medium oxd-button--main orangehrm-login-button
2025-12-22 19:23:27 INFO  BaseClass - clicked on :element with class attribute:oxd-button oxd-button--medium oxd-button--main orangehrm-login-button
2025-12-22 19:23:28 INFO  BaseClass - applied green color on border of element element with class attribute:oxd-text oxd-text--span oxd-main-menu-item--name
2025-12-22 19:23:43 INFO  BaseClass - applied green color on border of element element with class attribute:oxd-text oxd-text--span oxd-main-menu-item--name
2025-12-22 19:23:44 INFO  BaseClass - applied green color on border of element unable to describe element attribute type!!!
2025-12-22 19:23:44 INFO  BaseClass - element is displayed :element with class attribute:oxd-text oxd-text--span oxd-main-menu-item--name
2025-12-22 19:23:44 INFO  BaseClass - element is displayed :unable to describe element attribute type!!!
2025-12-22 19:23:46 INFO  BaseClass - webdriver & ActionDriver classes instance terminated!!!
2025-12-22 19:23:46 INFO  BaseClass - webdriver & ActionDriver classes instance terminated!!!
2025-12-22 19:23:47 INFO  BaseClass - chromeDriver initialized!!!
2025-12-22 19:23:47 INFO  BaseClass - chromeDriver initialized!!!
2025-12-22 19:23:48 INFO  BaseClass - browser is launched and window is mazimized
2025-12-22 19:23:48 INFO  BaseClass - ActionDriver initialized!!!
2025-12-22 19:23:48 INFO  BaseClass - ActionDriver class instance is created!!!----->31
2025-12-22 19:23:48 INFO  BaseClass - browser is launched and window is mazimized
2025-12-22 19:23:48 INFO  BaseClass - ActionDriver initialized!!!
2025-12-22 19:23:48 INFO  BaseClass - ActionDriver class instance is created!!!----->33
2025-12-22 19:23:49 INFO  BaseClass - applied green color on border of element element with Name attribute:username
2025-12-22 19:23:49 INFO  BaseClass - applied green color on border of element element with Name attribute:username
2025-12-22 19:23:49 INFO  BaseClass - element with Name attribute:username is visible
2025-12-22 19:23:49 INFO  BaseClass - element with Name attribute:username is visible
2025-12-22 19:23:49 INFO  BaseClass - applied green color on border of element element with Name attribute:username
2025-12-22 19:23:49 INFO  BaseClass - applied green color on border of element element with Name attribute:username
2025-12-22 19:23:50 INFO  BaseClass - Entered text :admin in element with Name attribute:username
2025-12-22 19:23:50 INFO  BaseClass - Entered text :admin in element with Name attribute:username
2025-12-22 19:23:50 INFO  BaseClass - applied green color on border of element element with Name attribute:password
2025-12-22 19:23:50 INFO  BaseClass - applied green color on border of element element with Name attribute:password
2025-12-22 19:23:50 INFO  BaseClass - element with Name attribute:password is visible
2025-12-22 19:23:50 INFO  BaseClass - element with Name attribute:password is visible
2025-12-22 19:23:50 INFO  BaseClass - applied green color on border of element element with Name attribute:password
2025-12-22 19:23:50 INFO  BaseClass - applied green color on border of element element with Name attribute:password
2025-12-22 19:23:50 INFO  BaseClass - Entered text :Manish@880 in element with Name attribute:password
2025-12-22 19:23:50 INFO  BaseClass - Entered text :Manish@880 in element with Name attribute:password
2025-12-22 19:23:51 INFO  BaseClass - applied green color on border of element element with class attribute:oxd-button oxd-button--medium oxd-button--main orangehrm-login-button
2025-12-22 19:23:51 INFO  BaseClass - applied green color on border of element element with class attribute:oxd-button oxd-button--medium oxd-button--main orangehrm-login-button
2025-12-22 19:23:51 INFO  BaseClass - applied green color on border of element element with class attribute:oxd-button oxd-button--medium oxd-button--main orangehrm-login-button
2025-12-22 19:23:51 INFO  BaseClass - applied green color on border of element element with class attribute:oxd-button oxd-button--medium oxd-button--main orangehrm-login-button
2025-12-22 19:23:51 INFO  BaseClass - located element by element with class attribute:oxd-button oxd-button--medium oxd-button--main orangehrm-login-button is clickable
2025-12-22 19:23:51 INFO  BaseClass - located element by element with class attribute:oxd-button oxd-button--medium oxd-button--main orangehrm-login-button is clickable
2025-12-22 19:23:52 INFO  BaseClass - clicked on :element with class attribute:oxd-button oxd-button--medium oxd-button--main orangehrm-login-button
2025-12-22 19:23:53 INFO  BaseClass - clicked on :element with class attribute:oxd-button oxd-button--medium oxd-button--main orangehrm-login-button
2025-12-22 19:23:56 INFO  BaseClass - applied green color on border of element element with class attribute:oxd-text oxd-text--span oxd-main-menu-item--name
2025-12-22 19:23:56 INFO  BaseClass - element is displayed :element with class attribute:oxd-text oxd-text--span oxd-main-menu-item--name
2025-12-22 19:23:58 INFO  BaseClass - webdriver & ActionDriver classes instance terminated!!!
2025-12-22 19:23:59 ERROR BaseClass - element is not clickable!!!
2025-12-22 19:24:00 INFO  BaseClass - chromeDriver initialized!!!
2025-12-22 19:24:01 INFO  BaseClass - browser is launched and window is mazimized
2025-12-22 19:24:01 INFO  BaseClass - ActionDriver initialized!!!
2025-12-22 19:24:01 INFO  BaseClass - ActionDriver class instance is created!!!----->32
2025-12-22 19:24:02 INFO  BaseClass - applied green color on border of element element with Name attribute:username
2025-12-22 19:24:02 INFO  BaseClass - element with Name attribute:username is visible
2025-12-22 19:24:02 INFO  BaseClass - applied green color on border of element element with Name attribute:username
2025-12-22 19:24:03 INFO  BaseClass - Entered text :admin in element with Name attribute:username
2025-12-22 19:24:03 INFO  BaseClass - applied green color on border of element element with Name attribute:password
2025-12-22 19:24:03 INFO  BaseClass - element with Name attribute:password is visible
2025-12-22 19:24:03 INFO  BaseClass - applied green color on border of element element with Name attribute:password
2025-12-22 19:24:03 INFO  BaseClass - Entered text :Manish@880 in element with Name attribute:password
2025-12-22 19:24:04 INFO  BaseClass - applied green color on border of element element with class attribute:oxd-button oxd-button--medium oxd-button--main orangehrm-login-button
2025-12-22 19:24:04 INFO  BaseClass - applied green color on border of element element with class attribute:oxd-button oxd-button--medium oxd-button--main orangehrm-login-button
2025-12-22 19:24:04 INFO  BaseClass - located element by element with class attribute:oxd-button oxd-button--medium oxd-button--main orangehrm-login-button is clickable
2025-12-22 19:24:05 INFO  BaseClass - clicked on :element with class attribute:oxd-button oxd-button--medium oxd-button--main orangehrm-login-button
2025-12-22 19:24:09 ERROR BaseClass - unable to click element
2025-12-22 19:24:09 INFO  BaseClass - clicked on PIM Tab
2025-12-22 19:24:23 INFO  BaseClass - applied green color on border of element unable to describe element attribute type!!!
2025-12-22 19:24:23 INFO  BaseClass - applied green color on border of element element with class attribute:oxd-text oxd-text--span oxd-main-menu-item--name
2025-12-22 19:24:23 INFO  BaseClass - element is displayed :element with class attribute:oxd-text oxd-text--span oxd-main-menu-item--name
2025-12-22 19:24:23 INFO  BaseClass - element is displayed :unable to describe element attribute type!!!
2025-12-22 19:24:25 INFO  BaseClass - webdriver & ActionDriver classes instance terminated!!!
2025-12-22 19:24:25 INFO  BaseClass - webdriver & ActionDriver classes instance terminated!!!
2025-12-22 19:24:27 INFO  BaseClass - chromeDriver initialized!!!
2025-12-22 19:24:27 INFO  BaseClass - chromeDriver initialized!!!
2025-12-22 19:24:28 INFO  BaseClass - browser is launched and window is mazimized
2025-12-22 19:24:28 INFO  BaseClass - ActionDriver initialized!!!
2025-12-22 19:24:28 INFO  BaseClass - ActionDriver class instance is created!!!----->31
2025-12-22 19:24:28 INFO  BaseClass - browser is launched and window is mazimized
2025-12-22 19:24:28 INFO  BaseClass - ActionDriver initialized!!!
2025-12-22 19:24:28 INFO  BaseClass - ActionDriver class instance is created!!!----->33
2025-12-22 19:24:29 INFO  BaseClass - applied green color on border of element element with Name attribute:username
2025-12-22 19:24:29 INFO  BaseClass - applied green color on border of element element with Name attribute:username
2025-12-22 19:24:29 INFO  BaseClass - element with Name attribute:username is visible
2025-12-22 19:24:29 INFO  BaseClass - element with Name attribute:username is visible
2025-12-22 19:24:29 INFO  BaseClass - applied green color on border of element element with Name attribute:username
2025-12-22 19:24:29 INFO  BaseClass - applied green color on border of element element with Name attribute:username
2025-12-22 19:24:29 INFO  BaseClass - Entered text :admin in element with Name attribute:username
2025-12-22 19:24:29 INFO  BaseClass - Entered text :admin in element with Name attribute:username
2025-12-22 19:24:30 INFO  BaseClass - applied green color on border of element element with Name attribute:password
2025-12-22 19:24:30 INFO  BaseClass - applied green color on border of element element with Name attribute:password
2025-12-22 19:24:30 INFO  BaseClass - element with Name attribute:password is visible
2025-12-22 19:24:30 INFO  BaseClass - element with Name attribute:password is visible
2025-12-22 19:24:30 INFO  BaseClass - applied green color on border of element element with Name attribute:password
2025-12-22 19:24:30 INFO  BaseClass - applied green color on border of element element with Name attribute:password
2025-12-22 19:24:30 INFO  BaseClass - Entered text :Manish@880 in element with Name attribute:password
2025-12-22 19:24:30 INFO  BaseClass - Entered text :Manish@880 in element with Name attribute:password
2025-12-22 19:24:30 INFO  BaseClass - applied green color on border of element element with class attribute:oxd-button oxd-button--medium oxd-button--main orangehrm-login-button
2025-12-22 19:24:30 INFO  BaseClass - applied green color on border of element element with class attribute:oxd-button oxd-button--medium oxd-button--main orangehrm-login-button
2025-12-22 19:24:30 INFO  BaseClass - applied green color on border of element element with class attribute:oxd-button oxd-button--medium oxd-button--main orangehrm-login-button
2025-12-22 19:24:30 INFO  BaseClass - applied green color on border of element element with class attribute:oxd-button oxd-button--medium oxd-button--main orangehrm-login-button
2025-12-22 19:24:30 INFO  BaseClass - located element by element with class attribute:oxd-button oxd-button--medium oxd-button--main orangehrm-login-button is clickable
2025-12-22 19:24:30 INFO  BaseClass - located element by element with class attribute:oxd-button oxd-button--medium oxd-button--main orangehrm-login-button is clickable
2025-12-22 19:24:32 INFO  BaseClass - clicked on :element with class attribute:oxd-button oxd-button--medium oxd-button--main orangehrm-login-button
2025-12-22 19:24:32 INFO  BaseClass - clicked on :element with class attribute:oxd-button oxd-button--medium oxd-button--main orangehrm-login-button
2025-12-22 19:24:35 INFO  BaseClass - applied green color on border of element element with class attribute:oxd-text oxd-text--span oxd-main-menu-item--name
2025-12-22 19:24:35 INFO  BaseClass - element is displayed :element with class attribute:oxd-text oxd-text--span oxd-main-menu-item--name
2025-12-22 19:24:38 INFO  BaseClass - webdriver & ActionDriver classes instance terminated!!!
2025-12-22 19:24:39 INFO  BaseClass - chromeDriver initialized!!!
2025-12-22 19:24:40 INFO  BaseClass - browser is launched and window is mazimized
2025-12-22 19:24:40 INFO  BaseClass - ActionDriver initialized!!!
2025-12-22 19:24:40 INFO  BaseClass - ActionDriver class instance is created!!!----->32
2025-12-22 19:24:42 INFO  BaseClass - applied green color on border of element element with Name attribute:username
2025-12-22 19:24:42 INFO  BaseClass - element with Name attribute:username is visible
2025-12-22 19:24:42 INFO  BaseClass - applied green color on border of element element with Name attribute:username
2025-12-22 19:24:43 INFO  BaseClass - Entered text :admin in element with Name attribute:username
2025-12-22 19:24:43 INFO  BaseClass - applied green color on border of element element with Name attribute:password
2025-12-22 19:24:43 INFO  BaseClass - element with Name attribute:password is visible
2025-12-22 19:24:43 INFO  BaseClass - applied green color on border of element element with Name attribute:password
2025-12-22 19:24:44 INFO  BaseClass - Entered text :Manish@880 in element with Name attribute:password
2025-12-22 19:24:44 INFO  BaseClass - applied green color on border of element element with class attribute:oxd-button oxd-button--medium oxd-button--main orangehrm-login-button
2025-12-22 19:24:44 INFO  BaseClass - applied green color on border of element element with class attribute:oxd-button oxd-button--medium oxd-button--main orangehrm-login-button
2025-12-22 19:24:44 INFO  BaseClass - located element by element with class attribute:oxd-button oxd-button--medium oxd-button--main orangehrm-login-button is clickable
2025-12-22 19:24:44 INFO  BaseClass - clicked on :element with class attribute:oxd-button oxd-button--medium oxd-button--main orangehrm-login-button
2025-12-22 19:25:00 ERROR BaseClass - unable to describe element attribute type!!!no such element: Unable to locate element: {"method":"xpath","selector":"//label[.='Employee Name']/parent::div/following-sibling::div//input"}
  (Session info: chrome=143.0.7499.147)
For documentation on this error, please visit: https://www.selenium.dev/documentation/webdriver/troubleshooting/errors#nosuchelementexception
Build info: version: '4.39.0', revision: '126f156aee'
System info: os.name: 'Windows 10', os.arch: 'amd64', os.version: '10.0', java.version: '21.0.4'
Driver info: org.openqa.selenium.chrome.ChromeDriver
Command: [b78d8187a9bffb57c961a341e76f568b, findElement {value=//label[.='Employee Name']/parent::div/following-sibling::div//input, using=xpath}]
Capabilities {acceptInsecureCerts: false, browserName: chrome, browserVersion: 143.0.7499.147, chrome: {chromedriverVersion: 143.0.7499.169 (164b20aab62..., userDataDir: C:\Users\hp\AppData\Local\T...}, fedcm:accounts: true, goog:chromeOptions: {debuggerAddress: localhost:56314}, goog:processID: 18820, networkConnectionEnabled: false, pageLoadStrategy: normal, platformName: windows, proxy: Proxy(), se:cdp: ws://localhost:56314/devtoo..., se:cdpVersion: 143.0.7499.147, setWindowRect: true, strictFileInteractability: false, timeouts: {implicit: 0, pageLoad: 300000, script: 30000}, unhandledPromptBehavior: dismiss and notify, webauthn:extension:credBlob: true, webauthn:extension:largeBlob: true, webauthn:extension:minPinLength: true, webauthn:extension:prf: true, webauthn:virtualAuthenticators: true}
Session ID: b78d8187a9bffb57c961a341e76f568b
2025-12-22 19:25:00 WARN  BaseClass - failed to apply color on border of element :unable to describe element attribute type!!!
2025-12-22 19:25:02 INFO  BaseClass - applied green color on border of element unable to describe element attribute type!!!
2025-12-22 19:25:02 INFO  BaseClass - element is displayed :unable to describe element attribute type!!!
2025-12-22 19:25:03 INFO  BaseClass - applied green color on border of element element with class attribute:oxd-text oxd-text--span oxd-main-menu-item--name
2025-12-22 19:25:03 INFO  BaseClass - element is displayed :element with class attribute:oxd-text oxd-text--span oxd-main-menu-item--name
2025-12-22 19:25:05 INFO  BaseClass - webdriver & ActionDriver classes instance terminated!!!
2025-12-22 19:25:05 INFO  BaseClass - webdriver & ActionDriver classes instance terminated!!!
2025-12-22 19:25:10 ERROR BaseClass - unable to enter text
2025-12-22 19:25:14 INFO  BaseClass - applied green color on border of element element with class attribute:oxd-text oxd-text--span oxd-main-menu-item--name
2025-12-22 19:25:15 INFO  BaseClass - element is displayed :element with class attribute:oxd-text oxd-text--span oxd-main-menu-item--name
2025-12-22 19:25:17 INFO  BaseClass - webdriver & ActionDriver classes instance terminated!!!
2025-12-22 19:25:20 ERROR BaseClass - unable to describe element attribute type!!!no such element: Unable to locate element: {"method":"xpath","selector":"//button[@type='submit']"}
  (Session info: chrome=143.0.7499.147)
For documentation on this error, please visit: https://www.selenium.dev/documentation/webdriver/troubleshooting/errors#nosuchelementexception
Build info: version: '4.39.0', revision: '126f156aee'
System info: os.name: 'Windows 10', os.arch: 'amd64', os.version: '10.0', java.version: '21.0.4'
Driver info: org.openqa.selenium.chrome.ChromeDriver
Command: [b78d8187a9bffb57c961a341e76f568b, findElement {value=//button[@type='submit'], using=xpath}]
Capabilities {acceptInsecureCerts: false, browserName: chrome, browserVersion: 143.0.7499.147, chrome: {chromedriverVersion: 143.0.7499.169 (164b20aab62..., userDataDir: C:\Users\hp\AppData\Local\T...}, fedcm:accounts: true, goog:chromeOptions: {debuggerAddress: localhost:56314}, goog:processID: 18820, networkConnectionEnabled: false, pageLoadStrategy: normal, platformName: windows, proxy: Proxy(), se:cdp: ws://localhost:56314/devtoo..., se:cdpVersion: 143.0.7499.147, setWindowRect: true, strictFileInteractability: false, timeouts: {implicit: 0, pageLoad: 300000, script: 30000}, unhandledPromptBehavior: dismiss and notify, webauthn:extension:credBlob: true, webauthn:extension:largeBlob: true, webauthn:extension:minPinLength: true, webauthn:extension:prf: true, webauthn:virtualAuthenticators: true}
Session ID: b78d8187a9bffb57c961a341e76f568b
2025-12-22 19:25:40 ERROR BaseClass - unable to describe element attribute type!!!no such element: Unable to locate element: {"method":"xpath","selector":"//button[@type='submit']"}
  (Session info: chrome=143.0.7499.147)
For documentation on this error, please visit: https://www.selenium.dev/documentation/webdriver/troubleshooting/errors#nosuchelementexception
Build info: version: '4.39.0', revision: '126f156aee'
System info: os.name: 'Windows 10', os.arch: 'amd64', os.version: '10.0', java.version: '21.0.4'
Driver info: org.openqa.selenium.chrome.ChromeDriver
Command: [b78d8187a9bffb57c961a341e76f568b, findElement {value=//button[@type='submit'], using=xpath}]
Capabilities {acceptInsecureCerts: false, browserName: chrome, browserVersion: 143.0.7499.147, chrome: {chromedriverVersion: 143.0.7499.169 (164b20aab62..., userDataDir: C:\Users\hp\AppData\Local\T...}, fedcm:accounts: true, goog:chromeOptions: {debuggerAddress: localhost:56314}, goog:processID: 18820, networkConnectionEnabled: false, pageLoadStrategy: normal, platformName: windows, proxy: Proxy(), se:cdp: ws://localhost:56314/devtoo..., se:cdpVersion: 143.0.7499.147, setWindowRect: true, strictFileInteractability: false, timeouts: {implicit: 0, pageLoad: 300000, script: 30000}, unhandledPromptBehavior: dismiss and notify, webauthn:extension:credBlob: true, webauthn:extension:largeBlob: true, webauthn:extension:minPinLength: true, webauthn:extension:prf: true, webauthn:virtualAuthenticators: true}
Session ID: b78d8187a9bffb57c961a341e76f568b
2025-12-22 19:25:40 WARN  BaseClass - failed to apply color on border of element :unable to describe element attribute type!!!
2025-12-22 19:26:11 ERROR BaseClass - element is not clickable!!!
2025-12-22 19:26:39 INFO  BaseClass - config.properties file is loaded!!!
2025-12-22 19:26:41 INFO  BaseClass - chromeDriver initialized!!!
2025-12-22 19:26:42 INFO  BaseClass - browser is launched and window is mazimized
2025-12-22 19:26:42 INFO  BaseClass - ActionDriver initialized!!!
2025-12-22 19:26:42 INFO  BaseClass - ActionDriver class instance is created!!!----->28
2025-12-22 19:26:44 INFO  BaseClass - webdriver & ActionDriver classes instance terminated!!!
2025-12-22 19:26:45 INFO  BaseClass - chromeDriver initialized!!!
2025-12-22 19:26:46 INFO  BaseClass - browser is launched and window is mazimized
2025-12-22 19:26:46 INFO  BaseClass - ActionDriver initialized!!!
2025-12-22 19:26:46 INFO  BaseClass - ActionDriver class instance is created!!!----->28
2025-12-22 19:26:48 INFO  BaseClass - webdriver & ActionDriver classes instance terminated!!!
2025-12-22 19:26:50 INFO  BaseClass - chromeDriver initialized!!!
2025-12-22 19:26:50 INFO  BaseClass - browser is launched and window is mazimized
2025-12-22 19:26:50 INFO  BaseClass - ActionDriver initialized!!!
2025-12-22 19:26:50 INFO  BaseClass - ActionDriver class instance is created!!!----->28
2025-12-22 19:26:51 INFO  BaseClass - applied green color on border of element element with Name attribute:username
2025-12-22 19:26:51 INFO  BaseClass - element with Name attribute:username is visible
2025-12-22 19:26:51 INFO  BaseClass - applied green color on border of element element with Name attribute:username
2025-12-22 19:26:52 INFO  BaseClass - Entered text :admin in element with Name attribute:username
2025-12-22 19:26:52 INFO  BaseClass - applied green color on border of element element with Name attribute:password
2025-12-22 19:26:52 INFO  BaseClass - element with Name attribute:password is visible
2025-12-22 19:26:52 INFO  BaseClass - applied green color on border of element element with Name attribute:password
2025-12-22 19:26:52 INFO  BaseClass - Entered text :Manish@880 in element with Name attribute:password
2025-12-22 19:26:52 INFO  BaseClass - applied green color on border of element element with class attribute:oxd-button oxd-button--medium oxd-button--main orangehrm-login-button
2025-12-22 19:26:52 INFO  BaseClass - applied green color on border of element element with class attribute:oxd-button oxd-button--medium oxd-button--main orangehrm-login-button
2025-12-22 19:26:52 INFO  BaseClass - located element by element with class attribute:oxd-button oxd-button--medium oxd-button--main orangehrm-login-button is clickable
2025-12-22 19:26:54 INFO  BaseClass - clicked on :element with class attribute:oxd-button oxd-button--medium oxd-button--main orangehrm-login-button
2025-12-22 19:27:24 INFO  BaseClass - applied green color on border of element unable to describe element attribute type!!!
2025-12-22 19:27:24 INFO  BaseClass - element is displayed :unable to describe element attribute type!!!
2025-12-22 19:27:26 INFO  BaseClass - webdriver & ActionDriver classes instance terminated!!!
2025-12-22 19:27:27 INFO  BaseClass - chromeDriver initialized!!!
2025-12-22 19:27:28 INFO  BaseClass - browser is launched and window is mazimized
2025-12-22 19:27:28 INFO  BaseClass - ActionDriver initialized!!!
2025-12-22 19:27:28 INFO  BaseClass - ActionDriver class instance is created!!!----->28
2025-12-22 19:27:29 INFO  BaseClass - applied green color on border of element element with Name attribute:username
2025-12-22 19:27:29 INFO  BaseClass - element with Name attribute:username is visible
2025-12-22 19:27:29 INFO  BaseClass - applied green color on border of element element with Name attribute:username
2025-12-22 19:27:29 INFO  BaseClass - Entered text :admin in element with Name attribute:username
2025-12-22 19:27:29 INFO  BaseClass - applied green color on border of element element with Name attribute:password
2025-12-22 19:27:29 INFO  BaseClass - element with Name attribute:password is visible
2025-12-22 19:27:29 INFO  BaseClass - applied green color on border of element element with Name attribute:password
2025-12-22 19:27:29 INFO  BaseClass - Entered text :Manish@880 in element with Name attribute:password
2025-12-22 19:27:30 INFO  BaseClass - applied green color on border of element element with class attribute:oxd-button oxd-button--medium oxd-button--main orangehrm-login-button
2025-12-22 19:27:30 INFO  BaseClass - applied green color on border of element element with class attribute:oxd-button oxd-button--medium oxd-button--main orangehrm-login-button
2025-12-22 19:27:30 INFO  BaseClass - located element by element with class attribute:oxd-button oxd-button--medium oxd-button--main orangehrm-login-button is clickable
2025-12-22 19:27:30 INFO  BaseClass - clicked on :element with class attribute:oxd-button oxd-button--medium oxd-button--main orangehrm-login-button
2025-12-22 19:28:00 INFO  BaseClass - applied green color on border of element unable to describe element attribute type!!!
2025-12-22 19:28:00 INFO  BaseClass - element is displayed :unable to describe element attribute type!!!
2025-12-22 19:28:03 INFO  BaseClass - webdriver & ActionDriver classes instance terminated!!!
2025-12-22 19:28:04 INFO  BaseClass - chromeDriver initialized!!!
2025-12-22 19:28:04 INFO  BaseClass - browser is launched and window is mazimized
2025-12-22 19:28:04 INFO  BaseClass - ActionDriver initialized!!!
2025-12-22 19:28:04 INFO  BaseClass - ActionDriver class instance is created!!!----->28
2025-12-22 19:28:05 INFO  BaseClass - applied green color on border of element element with Name attribute:username
2025-12-22 19:28:05 INFO  BaseClass - element with Name attribute:username is visible
2025-12-22 19:28:05 INFO  BaseClass - applied green color on border of element element with Name attribute:username
2025-12-22 19:28:05 INFO  BaseClass - Entered text :admin in element with Name attribute:username
2025-12-22 19:28:06 INFO  BaseClass - applied green color on border of element element with Name attribute:password
2025-12-22 19:28:06 INFO  BaseClass - element with Name attribute:password is visible
2025-12-22 19:28:06 INFO  BaseClass - applied green color on border of element element with Name attribute:password
2025-12-22 19:28:06 INFO  BaseClass - Entered text :Manish@880 in element with Name attribute:password
2025-12-22 19:28:06 INFO  BaseClass - applied green color on border of element element with class attribute:oxd-button oxd-button--medium oxd-button--main orangehrm-login-button
2025-12-22 19:28:06 INFO  BaseClass - applied green color on border of element element with class attribute:oxd-button oxd-button--medium oxd-button--main orangehrm-login-button
2025-12-22 19:28:06 INFO  BaseClass - located element by element with class attribute:oxd-button oxd-button--medium oxd-button--main orangehrm-login-button is clickable
2025-12-22 19:28:07 INFO  BaseClass - clicked on :element with class attribute:oxd-button oxd-button--medium oxd-button--main orangehrm-login-button
2025-12-22 19:28:38 INFO  BaseClass - applied green color on border of element unable to describe element attribute type!!!
2025-12-22 19:28:38 INFO  BaseClass - element is displayed :unable to describe element attribute type!!!
2025-12-22 19:28:40 INFO  BaseClass - webdriver & ActionDriver classes instance terminated!!!
2025-12-22 19:28:41 INFO  BaseClass - chromeDriver initialized!!!
2025-12-22 19:28:42 INFO  BaseClass - browser is launched and window is mazimized
2025-12-22 19:28:42 INFO  BaseClass - ActionDriver initialized!!!
2025-12-22 19:28:42 INFO  BaseClass - ActionDriver class instance is created!!!----->28
2025-12-22 19:28:42 INFO  BaseClass - applied green color on border of element element with Name attribute:username
2025-12-22 19:28:42 INFO  BaseClass - element with Name attribute:username is visible
2025-12-22 19:28:42 INFO  BaseClass - applied green color on border of element element with Name attribute:username
2025-12-22 19:28:43 INFO  BaseClass - Entered text :Admin in element with Name attribute:username
2025-12-22 19:28:43 INFO  BaseClass - applied green color on border of element element with Name attribute:password
2025-12-22 19:28:43 INFO  BaseClass - element with Name attribute:password is visible
2025-12-22 19:28:43 INFO  BaseClass - applied green color on border of element element with Name attribute:password
2025-12-22 19:28:43 INFO  BaseClass - Entered text :xxxxx in element with Name attribute:password
2025-12-22 19:28:43 INFO  BaseClass - applied green color on border of element element with class attribute:oxd-button oxd-button--medium oxd-button--main orangehrm-login-button
2025-12-22 19:28:43 INFO  BaseClass - applied green color on border of element element with class attribute:oxd-button oxd-button--medium oxd-button--main orangehrm-login-button
2025-12-22 19:28:43 INFO  BaseClass - located element by element with class attribute:oxd-button oxd-button--medium oxd-button--main orangehrm-login-button is clickable
2025-12-22 19:28:44 INFO  BaseClass - clicked on :element with class attribute:oxd-button oxd-button--medium oxd-button--main orangehrm-login-button
2025-12-22 19:28:45 INFO  BaseClass - applied green color on border of element element with class attribute:oxd-text oxd-text--p oxd-alert-content-text
2025-12-22 19:28:45 INFO  BaseClass - element with class attribute:oxd-text oxd-text--p oxd-alert-content-text is visible
2025-12-22 19:28:45 INFO  BaseClass - applied green color on border of element element with class attribute:oxd-text oxd-text--p oxd-alert-content-text
2025-12-22 19:28:45 INFO  BaseClass - Text are equals :Invalid credentialsequals to Invalid credentials
2025-12-22 19:28:50 INFO  BaseClass - webdriver & ActionDriver classes instance terminated!!!
2025-12-22 19:28:51 INFO  BaseClass - chromeDriver initialized!!!
2025-12-22 19:28:51 INFO  BaseClass - browser is launched and window is mazimized
2025-12-22 19:28:51 INFO  BaseClass - ActionDriver initialized!!!
2025-12-22 19:28:51 INFO  BaseClass - ActionDriver class instance is created!!!----->28
2025-12-22 19:28:52 INFO  BaseClass - applied green color on border of element element with Name attribute:username
2025-12-22 19:28:52 INFO  BaseClass - element with Name attribute:username is visible
2025-12-22 19:28:52 INFO  BaseClass - applied green color on border of element element with Name attribute:username
2025-12-22 19:28:52 INFO  BaseClass - Entered text :admin in element with Name attribute:username
2025-12-22 19:28:52 INFO  BaseClass - applied green color on border of element element with Name attribute:password
2025-12-22 19:28:52 INFO  BaseClass - element with Name attribute:password is visible
2025-12-22 19:28:53 INFO  BaseClass - applied green color on border of element element with Name attribute:password
2025-12-22 19:28:53 INFO  BaseClass - Entered text :Manish@880 in element with Name attribute:password
2025-12-22 19:28:53 INFO  BaseClass - applied green color on border of element element with class attribute:oxd-button oxd-button--medium oxd-button--main orangehrm-login-button
2025-12-22 19:28:53 INFO  BaseClass - applied green color on border of element element with class attribute:oxd-button oxd-button--medium oxd-button--main orangehrm-login-button
2025-12-22 19:28:53 INFO  BaseClass - located element by element with class attribute:oxd-button oxd-button--medium oxd-button--main orangehrm-login-button is clickable
2025-12-22 19:28:54 INFO  BaseClass - clicked on :element with class attribute:oxd-button oxd-button--medium oxd-button--main orangehrm-login-button
2025-12-22 19:29:25 INFO  BaseClass - applied green color on border of element element with class attribute:oxd-text oxd-text--span oxd-main-menu-item--name
2025-12-22 19:29:25 INFO  BaseClass - element is displayed :element with class attribute:oxd-text oxd-text--span oxd-main-menu-item--name
2025-12-22 19:29:27 INFO  BaseClass - webdriver & ActionDriver classes instance terminated!!!
2025-12-22 19:29:28 INFO  BaseClass - chromeDriver initialized!!!
2025-12-22 19:29:29 INFO  BaseClass - browser is launched and window is mazimized
2025-12-22 19:29:29 INFO  BaseClass - ActionDriver initialized!!!
2025-12-22 19:29:29 INFO  BaseClass - ActionDriver class instance is created!!!----->28
2025-12-22 19:29:30 INFO  BaseClass - applied green color on border of element element with Name attribute:username
2025-12-22 19:29:30 INFO  BaseClass - element with Name attribute:username is visible
2025-12-22 19:29:30 INFO  BaseClass - applied green color on border of element element with Name attribute:username
2025-12-22 19:29:30 INFO  BaseClass - Entered text :admin in element with Name attribute:username
2025-12-22 19:29:30 INFO  BaseClass - applied green color on border of element element with Name attribute:password
2025-12-22 19:29:30 INFO  BaseClass - element with Name attribute:password is visible
2025-12-22 19:29:30 INFO  BaseClass - applied green color on border of element element with Name attribute:password
2025-12-22 19:29:30 INFO  BaseClass - Entered text :Manish@880 in element with Name attribute:password
2025-12-22 19:29:31 INFO  BaseClass - applied green color on border of element element with class attribute:oxd-button oxd-button--medium oxd-button--main orangehrm-login-button
2025-12-22 19:29:31 INFO  BaseClass - applied green color on border of element element with class attribute:oxd-button oxd-button--medium oxd-button--main orangehrm-login-button
2025-12-22 19:29:31 INFO  BaseClass - located element by element with class attribute:oxd-button oxd-button--medium oxd-button--main orangehrm-login-button is clickable
2025-12-22 19:29:31 INFO  BaseClass - clicked on :element with class attribute:oxd-button oxd-button--medium oxd-button--main orangehrm-login-button
2025-12-22 19:30:01 INFO  BaseClass - applied green color on border of element element with class attribute:oxd-text oxd-text--span oxd-main-menu-item--name
2025-12-22 19:30:01 INFO  BaseClass - element is displayed :element with class attribute:oxd-text oxd-text--span oxd-main-menu-item--name
2025-12-22 19:30:04 INFO  BaseClass - webdriver & ActionDriver classes instance terminated!!!
2025-12-22 19:30:05 INFO  BaseClass - chromeDriver initialized!!!
2025-12-22 19:30:06 INFO  BaseClass - browser is launched and window is mazimized
2025-12-22 19:30:06 INFO  BaseClass - ActionDriver initialized!!!
2025-12-22 19:30:06 INFO  BaseClass - ActionDriver class instance is created!!!----->28
2025-12-22 19:30:07 INFO  BaseClass - applied green color on border of element element with Name attribute:username
2025-12-22 19:30:07 INFO  BaseClass - element with Name attribute:username is visible
2025-12-22 19:30:07 INFO  BaseClass - applied green color on border of element element with Name attribute:username
2025-12-22 19:30:08 INFO  BaseClass - Entered text :admin in element with Name attribute:username
2025-12-22 19:30:08 INFO  BaseClass - applied green color on border of element element with Name attribute:password
2025-12-22 19:30:08 INFO  BaseClass - element with Name attribute:password is visible
2025-12-22 19:30:08 INFO  BaseClass - applied green color on border of element element with Name attribute:password
2025-12-22 19:30:08 INFO  BaseClass - Entered text :Manish@880 in element with Name attribute:password
2025-12-22 19:30:08 INFO  BaseClass - applied green color on border of element element with class attribute:oxd-button oxd-button--medium oxd-button--main orangehrm-login-button
2025-12-22 19:30:08 INFO  BaseClass - applied green color on border of element element with class attribute:oxd-button oxd-button--medium oxd-button--main orangehrm-login-button
2025-12-22 19:30:08 INFO  BaseClass - located element by element with class attribute:oxd-button oxd-button--medium oxd-button--main orangehrm-login-button is clickable
2025-12-22 19:30:10 INFO  BaseClass - clicked on :element with class attribute:oxd-button oxd-button--medium oxd-button--main orangehrm-login-button
2025-12-22 19:30:40 INFO  BaseClass - applied green color on border of element element with class attribute:oxd-text oxd-text--span oxd-main-menu-item--name
2025-12-22 19:30:40 INFO  BaseClass - element is displayed :element with class attribute:oxd-text oxd-text--span oxd-main-menu-item--name
2025-12-22 19:30:42 INFO  BaseClass - webdriver & ActionDriver classes instance terminated!!!
2025-12-22 19:30:43 INFO  BaseClass - chromeDriver initialized!!!
2025-12-22 19:30:44 INFO  BaseClass - browser is launched and window is mazimized
2025-12-22 19:30:44 INFO  BaseClass - ActionDriver initialized!!!
2025-12-22 19:30:44 INFO  BaseClass - ActionDriver class instance is created!!!----->28
2025-12-22 19:30:45 INFO  BaseClass - applied green color on border of element element with Name attribute:username
2025-12-22 19:30:45 INFO  BaseClass - element with Name attribute:username is visible
2025-12-22 19:30:45 INFO  BaseClass - applied green color on border of element element with Name attribute:username
2025-12-22 19:30:45 INFO  BaseClass - Entered text :admin in element with Name attribute:username
2025-12-22 19:30:45 INFO  BaseClass - applied green color on border of element element with Name attribute:password
2025-12-22 19:30:45 INFO  BaseClass - element with Name attribute:password is visible
2025-12-22 19:30:46 INFO  BaseClass - applied green color on border of element element with Name attribute:password
2025-12-22 19:30:46 INFO  BaseClass - Entered text :Manish@880 in element with Name attribute:password
2025-12-22 19:30:46 INFO  BaseClass - applied green color on border of element element with class attribute:oxd-button oxd-button--medium oxd-button--main orangehrm-login-button
2025-12-22 19:30:46 INFO  BaseClass - applied green color on border of element element with class attribute:oxd-button oxd-button--medium oxd-button--main orangehrm-login-button
2025-12-22 19:30:46 INFO  BaseClass - located element by element with class attribute:oxd-button oxd-button--medium oxd-button--main orangehrm-login-button is clickable
2025-12-22 19:30:46 INFO  BaseClass - clicked on :element with class attribute:oxd-button oxd-button--medium oxd-button--main orangehrm-login-button
2025-12-22 19:31:16 INFO  BaseClass - applied green color on border of element element with class attribute:oxd-text oxd-text--span oxd-main-menu-item--name
2025-12-22 19:31:16 INFO  BaseClass - element is displayed :element with class attribute:oxd-text oxd-text--span oxd-main-menu-item--name
2025-12-22 19:31:19 INFO  BaseClass - webdriver & ActionDriver classes instance terminated!!!
2025-12-22 19:31:20 INFO  BaseClass - chromeDriver initialized!!!
2025-12-22 19:31:20 INFO  BaseClass - browser is launched and window is mazimized
2025-12-22 19:31:20 INFO  BaseClass - ActionDriver initialized!!!
2025-12-22 19:31:20 INFO  BaseClass - ActionDriver class instance is created!!!----->28
2025-12-22 19:31:21 INFO  BaseClass - applied green color on border of element element with Name attribute:username
2025-12-22 19:31:21 INFO  BaseClass - element with Name attribute:username is visible
2025-12-22 19:31:21 INFO  BaseClass - applied green color on border of element element with Name attribute:username
2025-12-22 19:31:21 INFO  BaseClass - Entered text :admin in element with Name attribute:username
2025-12-22 19:31:21 INFO  BaseClass - applied green color on border of element element with Name attribute:password
2025-12-22 19:31:21 INFO  BaseClass - element with Name attribute:password is visible
2025-12-22 19:31:22 INFO  BaseClass - applied green color on border of element element with Name attribute:password
2025-12-22 19:31:22 INFO  BaseClass - Entered text :Manish@880 in element with Name attribute:password
2025-12-22 19:31:22 INFO  BaseClass - applied green color on border of element element with class attribute:oxd-button oxd-button--medium oxd-button--main orangehrm-login-button
2025-12-22 19:31:22 INFO  BaseClass - applied green color on border of element element with class attribute:oxd-button oxd-button--medium oxd-button--main orangehrm-login-button
2025-12-22 19:31:22 INFO  BaseClass - located element by element with class attribute:oxd-button oxd-button--medium oxd-button--main orangehrm-login-button is clickable
2025-12-22 19:31:23 INFO  BaseClass - clicked on :element with class attribute:oxd-button oxd-button--medium oxd-button--main orangehrm-login-button
2025-12-22 19:31:54 INFO  BaseClass - applied green color on border of element element with class attribute:oxd-text oxd-text--span oxd-main-menu-item--name
2025-12-22 19:31:54 INFO  BaseClass - element is displayed :element with class attribute:oxd-text oxd-text--span oxd-main-menu-item--name
2025-12-22 19:31:56 INFO  BaseClass - webdriver & ActionDriver classes instance terminated!!!
2025-12-22 19:31:57 INFO  BaseClass - chromeDriver initialized!!!
2025-12-22 19:31:58 INFO  BaseClass - browser is launched and window is mazimized
2025-12-22 19:31:58 INFO  BaseClass - ActionDriver initialized!!!
2025-12-22 19:31:58 INFO  BaseClass - ActionDriver class instance is created!!!----->28
2025-12-22 19:31:59 INFO  BaseClass - applied green color on border of element element with Name attribute:username
2025-12-22 19:31:59 INFO  BaseClass - element with Name attribute:username is visible
2025-12-22 19:31:59 INFO  BaseClass - applied green color on border of element element with Name attribute:username
2025-12-22 19:31:59 INFO  BaseClass - Entered text :admin in element with Name attribute:username
2025-12-22 19:31:59 INFO  BaseClass - applied green color on border of element element with Name attribute:password
2025-12-22 19:31:59 INFO  BaseClass - element with Name attribute:password is visible
2025-12-22 19:31:59 INFO  BaseClass - applied green color on border of element element with Name attribute:password
2025-12-22 19:31:59 INFO  BaseClass - Entered text :Manish@880 in element with Name attribute:password
2025-12-22 19:32:00 INFO  BaseClass - applied green color on border of element element with class attribute:oxd-button oxd-button--medium oxd-button--main orangehrm-login-button
2025-12-22 19:32:00 INFO  BaseClass - applied green color on border of element element with class attribute:oxd-button oxd-button--medium oxd-button--main orangehrm-login-button
2025-12-22 19:32:00 INFO  BaseClass - located element by element with class attribute:oxd-button oxd-button--medium oxd-button--main orangehrm-login-button is clickable
2025-12-22 19:32:00 INFO  BaseClass - clicked on :element with class attribute:oxd-button oxd-button--medium oxd-button--main orangehrm-login-button
2025-12-22 19:32:30 INFO  BaseClass - applied green color on border of element element with class attribute:oxd-text oxd-text--span oxd-main-menu-item--name
2025-12-22 19:32:30 INFO  BaseClass - element is displayed :element with class attribute:oxd-text oxd-text--span oxd-main-menu-item--name
2025-12-22 19:32:33 INFO  BaseClass - webdriver & ActionDriver classes instance terminated!!!
2025-12-22 19:32:34 INFO  BaseClass - chromeDriver initialized!!!
2025-12-22 19:32:35 INFO  BaseClass - browser is launched and window is mazimized
2025-12-22 19:32:35 INFO  BaseClass - ActionDriver initialized!!!
2025-12-22 19:32:35 INFO  BaseClass - ActionDriver class instance is created!!!----->28
2025-12-22 19:32:35 INFO  BaseClass - starting verifyEmployeeFromDB()
2025-12-22 19:32:36 INFO  BaseClass - applied green color on border of element element with Name attribute:username
2025-12-22 19:32:36 INFO  BaseClass - element with Name attribute:username is visible
2025-12-22 19:32:36 INFO  BaseClass - applied green color on border of element element with Name attribute:username
2025-12-22 19:32:36 INFO  BaseClass - Entered text :admin in element with Name attribute:username
2025-12-22 19:32:36 INFO  BaseClass - applied green color on border of element element with Name attribute:password
2025-12-22 19:32:36 INFO  BaseClass - element with Name attribute:password is visible
2025-12-22 19:32:37 INFO  BaseClass - applied green color on border of element element with Name attribute:password
2025-12-22 19:32:37 INFO  BaseClass - Entered text :Manish@880 in element with Name attribute:password
2025-12-22 19:32:37 INFO  BaseClass - applied green color on border of element element with class attribute:oxd-button oxd-button--medium oxd-button--main orangehrm-login-button
2025-12-22 19:32:37 INFO  BaseClass - applied green color on border of element element with class attribute:oxd-button oxd-button--medium oxd-button--main orangehrm-login-button
2025-12-22 19:32:37 INFO  BaseClass - located element by element with class attribute:oxd-button oxd-button--medium oxd-button--main orangehrm-login-button is clickable
2025-12-22 19:32:39 INFO  BaseClass - clicked on :element with class attribute:oxd-button oxd-button--medium oxd-button--main orangehrm-login-button
2025-12-22 19:32:40 INFO  BaseClass - applied green color on border of element element with class attribute:oxd-text oxd-text--span oxd-main-menu-item--name
2025-12-22 19:33:10 ERROR BaseClass - element is not clickable!!!
2025-12-22 19:33:20 ERROR BaseClass - unable to click element
2025-12-22 19:33:20 INFO  BaseClass - clicked on PIM Tab
2025-12-22 19:34:11 ERROR BaseClass - unable to describe element attribute type!!!no such element: Unable to locate element: {"method":"xpath","selector":"//label[.='Employee Name']/parent::div/following-sibling::div//input"}
  (Session info: chrome=143.0.7499.147)
For documentation on this error, please visit: https://www.selenium.dev/documentation/webdriver/troubleshooting/errors#nosuchelementexception
Build info: version: '4.39.0', revision: '126f156aee'
System info: os.name: 'Windows 10', os.arch: 'amd64', os.version: '10.0', java.version: '21.0.4'
Driver info: org.openqa.selenium.chrome.ChromeDriver
Command: [d9e3035d73245f2f919019185af1db1d, findElement {using=xpath, value=//label[.='Employee Name']/parent::div/following-sibling::div//input}]
Capabilities {acceptInsecureCerts: false, browserName: chrome, browserVersion: 143.0.7499.147, chrome: {chromedriverVersion: 143.0.7499.169 (164b20aab62..., userDataDir: C:\Users\hp\AppData\Local\T...}, fedcm:accounts: true, goog:chromeOptions: {debuggerAddress: localhost:57504}, goog:processID: 8800, networkConnectionEnabled: false, pageLoadStrategy: normal, platformName: windows, proxy: Proxy(), se:cdp: ws://localhost:57504/devtoo..., se:cdpVersion: 143.0.7499.147, setWindowRect: true, strictFileInteractability: false, timeouts: {implicit: 0, pageLoad: 300000, script: 30000}, unhandledPromptBehavior: dismiss and notify, webauthn:extension:credBlob: true, webauthn:extension:largeBlob: true, webauthn:extension:minPinLength: true, webauthn:extension:prf: true, webauthn:virtualAuthenticators: true}
Session ID: d9e3035d73245f2f919019185af1db1d
2025-12-22 19:34:11 WARN  BaseClass - failed to apply color on border of element :unable to describe element attribute type!!!
2025-12-22 19:34:21 ERROR BaseClass - unable to enter text
2025-12-22 19:34:31 ERROR BaseClass - unable to describe element attribute type!!!no such element: Unable to locate element: {"method":"xpath","selector":"//button[@type='submit']"}
  (Session info: chrome=143.0.7499.147)
For documentation on this error, please visit: https://www.selenium.dev/documentation/webdriver/troubleshooting/errors#nosuchelementexception
Build info: version: '4.39.0', revision: '126f156aee'
System info: os.name: 'Windows 10', os.arch: 'amd64', os.version: '10.0', java.version: '21.0.4'
Driver info: org.openqa.selenium.chrome.ChromeDriver
Command: [d9e3035d73245f2f919019185af1db1d, findElement {using=xpath, value=//button[@type='submit']}]
Capabilities {acceptInsecureCerts: false, browserName: chrome, browserVersion: 143.0.7499.147, chrome: {chromedriverVersion: 143.0.7499.169 (164b20aab62..., userDataDir: C:\Users\hp\AppData\Local\T...}, fedcm:accounts: true, goog:chromeOptions: {debuggerAddress: localhost:57504}, goog:processID: 8800, networkConnectionEnabled: false, pageLoadStrategy: normal, platformName: windows, proxy: Proxy(), se:cdp: ws://localhost:57504/devtoo..., se:cdpVersion: 143.0.7499.147, setWindowRect: true, strictFileInteractability: false, timeouts: {implicit: 0, pageLoad: 300000, script: 30000}, unhandledPromptBehavior: dismiss and notify, webauthn:extension:credBlob: true, webauthn:extension:largeBlob: true, webauthn:extension:minPinLength: true, webauthn:extension:prf: true, webauthn:virtualAuthenticators: true}
Session ID: d9e3035d73245f2f919019185af1db1d
2025-12-22 19:34:51 ERROR BaseClass - unable to describe element attribute type!!!no such element: Unable to locate element: {"method":"xpath","selector":"//button[@type='submit']"}
  (Session info: chrome=143.0.7499.147)
For documentation on this error, please visit: https://www.selenium.dev/documentation/webdriver/troubleshooting/errors#nosuchelementexception
Build info: version: '4.39.0', revision: '126f156aee'
System info: os.name: 'Windows 10', os.arch: 'amd64', os.version: '10.0', java.version: '21.0.4'
Driver info: org.openqa.selenium.chrome.ChromeDriver
Command: [d9e3035d73245f2f919019185af1db1d, findElement {using=xpath, value=//button[@type='submit']}]
Capabilities {acceptInsecureCerts: false, browserName: chrome, browserVersion: 143.0.7499.147, chrome: {chromedriverVersion: 143.0.7499.169 (164b20aab62..., userDataDir: C:\Users\hp\AppData\Local\T...}, fedcm:accounts: true, goog:chromeOptions: {debuggerAddress: localhost:57504}, goog:processID: 8800, networkConnectionEnabled: false, pageLoadStrategy: normal, platformName: windows, proxy: Proxy(), se:cdp: ws://localhost:57504/devtoo..., se:cdpVersion: 143.0.7499.147, setWindowRect: true, strictFileInteractability: false, timeouts: {implicit: 0, pageLoad: 300000, script: 30000}, unhandledPromptBehavior: dismiss and notify, webauthn:extension:credBlob: true, webauthn:extension:largeBlob: true, webauthn:extension:minPinLength: true, webauthn:extension:prf: true, webauthn:virtualAuthenticators: true}
Session ID: d9e3035d73245f2f919019185af1db1d
2025-12-22 19:34:51 WARN  BaseClass - failed to apply color on border of element :unable to describe element attribute type!!!
2025-12-22 19:35:23 ERROR BaseClass - element is not clickable!!!
2025-12-22 19:35:33 ERROR BaseClass - unable to click element
2025-12-22 19:35:43 INFO  BaseClass - unable to scroll to the element!!!
2025-12-22 19:35:43 INFO  BaseClass - DB connection successfull
2025-12-22 19:35:43 INFO  BaseClass - Executing query :SELECT employee_id,emp_firstname,emp_middle_name,emp_lastname FROM hs_hr_employee WHERE employee_id=0002
2025-12-22 19:35:43 INFO  BaseClass - query executed successfully
2025-12-22 19:35:43 INFO  BaseClass - able to store data from DB
2025-12-22 19:36:24 ERROR BaseClass - unable to compare texts
2025-12-22 19:37:05 ERROR BaseClass - unable to compare texts
2025-12-22 19:37:08 INFO  BaseClass - webdriver & ActionDriver classes instance terminated!!!
2025-12-22 19:37:09 INFO  BaseClass - chromeDriver initialized!!!
2025-12-22 19:37:11 INFO  BaseClass - browser is launched and window is mazimized
2025-12-22 19:37:11 INFO  BaseClass - ActionDriver initialized!!!
2025-12-22 19:37:11 INFO  BaseClass - ActionDriver class instance is created!!!----->28
2025-12-22 19:37:11 INFO  BaseClass - starting verifyEmployeeFromDB()
2025-12-22 19:37:12 INFO  BaseClass - applied green color on border of element element with Name attribute:username
2025-12-22 19:37:12 INFO  BaseClass - element with Name attribute:username is visible
2025-12-22 19:37:12 INFO  BaseClass - applied green color on border of element element with Name attribute:username
2025-12-22 19:37:12 INFO  BaseClass - Entered text :admin in element with Name attribute:username
2025-12-22 19:37:12 INFO  BaseClass - applied green color on border of element element with Name attribute:password
2025-12-22 19:37:12 INFO  BaseClass - element with Name attribute:password is visible
2025-12-22 19:37:12 INFO  BaseClass - applied green color on border of element element with Name attribute:password
2025-12-22 19:37:12 INFO  BaseClass - Entered text :Manish@880 in element with Name attribute:password
2025-12-22 19:37:13 INFO  BaseClass - applied green color on border of element element with class attribute:oxd-button oxd-button--medium oxd-button--main orangehrm-login-button
2025-12-22 19:37:13 INFO  BaseClass - applied green color on border of element element with class attribute:oxd-button oxd-button--medium oxd-button--main orangehrm-login-button
2025-12-22 19:37:13 INFO  BaseClass - located element by element with class attribute:oxd-button oxd-button--medium oxd-button--main orangehrm-login-button is clickable
2025-12-22 19:37:14 INFO  BaseClass - clicked on :element with class attribute:oxd-button oxd-button--medium oxd-button--main orangehrm-login-button
2025-12-22 19:37:15 INFO  BaseClass - applied green color on border of element element with class attribute:oxd-text oxd-text--span oxd-main-menu-item--name
2025-12-22 19:40:25 INFO  BaseClass - config.properties file is loaded!!!
2025-12-22 19:40:33 INFO  BaseClass - edgeDriver initialized!!!
2025-12-22 19:40:33 INFO  BaseClass - browser is launched and window is mazimized
2025-12-22 19:40:33 INFO  BaseClass - ActionDriver initialized!!!
2025-12-22 19:40:33 INFO  BaseClass - ActionDriver class instance is created!!!----->28
2025-12-22 19:40:46 INFO  BaseClass - config.properties file is loaded!!!
2025-12-22 19:40:48 INFO  BaseClass - edgeDriver initialized!!!
2025-12-22 19:40:49 INFO  BaseClass - browser is launched and window is mazimized
2025-12-22 19:40:49 INFO  BaseClass - ActionDriver initialized!!!
2025-12-22 19:40:49 INFO  BaseClass - ActionDriver class instance is created!!!----->28
2025-12-22 19:40:51 INFO  BaseClass - webdriver & ActionDriver classes instance terminated!!!
2025-12-22 19:40:52 INFO  BaseClass - edgeDriver initialized!!!
2025-12-22 19:40:53 INFO  BaseClass - browser is launched and window is mazimized
2025-12-22 19:40:53 INFO  BaseClass - ActionDriver initialized!!!
2025-12-22 19:40:53 INFO  BaseClass - ActionDriver class instance is created!!!----->28
2025-12-22 19:40:55 INFO  BaseClass - webdriver & ActionDriver classes instance terminated!!!
2025-12-22 19:40:57 INFO  BaseClass - edgeDriver initialized!!!
2025-12-22 19:40:58 INFO  BaseClass - browser is launched and window is mazimized
2025-12-22 19:40:58 INFO  BaseClass - ActionDriver initialized!!!
2025-12-22 19:40:58 INFO  BaseClass - ActionDriver class instance is created!!!----->28
2025-12-22 19:40:58 INFO  BaseClass - applied green color on border of element element with Name attribute:username
2025-12-22 19:40:58 INFO  BaseClass - element with Name attribute:username is visible
2025-12-22 19:40:59 INFO  BaseClass - applied green color on border of element element with Name attribute:username
2025-12-22 19:40:59 INFO  BaseClass - Entered text :admin in element with Name attribute:username
2025-12-22 19:40:59 INFO  BaseClass - applied green color on border of element element with Name attribute:password
2025-12-22 19:40:59 INFO  BaseClass - element with Name attribute:password is visible
2025-12-22 19:40:59 INFO  BaseClass - applied green color on border of element element with Name attribute:password
2025-12-22 19:40:59 INFO  BaseClass - Entered text :Manish@880 in element with Name attribute:password
2025-12-22 19:40:59 INFO  BaseClass - applied green color on border of element element with class attribute:oxd-button oxd-button--medium oxd-button--main orangehrm-login-button
2025-12-22 19:41:00 INFO  BaseClass - applied green color on border of element element with class attribute:oxd-button oxd-button--medium oxd-button--main orangehrm-login-button
2025-12-22 19:41:00 INFO  BaseClass - located element by element with class attribute:oxd-button oxd-button--medium oxd-button--main orangehrm-login-button is clickable
2025-12-22 19:41:00 INFO  BaseClass - clicked on :element with class attribute:oxd-button oxd-button--medium oxd-button--main orangehrm-login-button
2025-12-22 19:41:30 INFO  BaseClass - applied green color on border of element unable to describe element attribute type!!!
2025-12-22 19:41:30 INFO  BaseClass - element is displayed :unable to describe element attribute type!!!
2025-12-22 19:41:33 INFO  BaseClass - webdriver & ActionDriver classes instance terminated!!!
2025-12-22 19:41:34 INFO  BaseClass - edgeDriver initialized!!!
2025-12-22 19:41:35 INFO  BaseClass - browser is launched and window is mazimized
2025-12-22 19:41:35 INFO  BaseClass - ActionDriver initialized!!!
2025-12-22 19:41:35 INFO  BaseClass - ActionDriver class instance is created!!!----->28
2025-12-22 19:41:35 INFO  BaseClass - applied green color on border of element element with Name attribute:username
2025-12-22 19:41:35 INFO  BaseClass - element with Name attribute:username is visible
2025-12-22 19:41:35 INFO  BaseClass - applied green color on border of element element with Name attribute:username
2025-12-22 19:41:36 INFO  BaseClass - Entered text :admin in element with Name attribute:username
2025-12-22 19:41:36 INFO  BaseClass - applied green color on border of element element with Name attribute:password
2025-12-22 19:41:36 INFO  BaseClass - element with Name attribute:password is visible
2025-12-22 19:41:36 INFO  BaseClass - applied green color on border of element element with Name attribute:password
2025-12-22 19:41:36 INFO  BaseClass - Entered text :Manish@880 in element with Name attribute:password
2025-12-22 19:41:36 INFO  BaseClass - applied green color on border of element element with class attribute:oxd-button oxd-button--medium oxd-button--main orangehrm-login-button
2025-12-22 19:41:37 INFO  BaseClass - applied green color on border of element element with class attribute:oxd-button oxd-button--medium oxd-button--main orangehrm-login-button
2025-12-22 19:41:37 INFO  BaseClass - located element by element with class attribute:oxd-button oxd-button--medium oxd-button--main orangehrm-login-button is clickable
2025-12-22 19:41:38 INFO  BaseClass - clicked on :element with class attribute:oxd-button oxd-button--medium oxd-button--main orangehrm-login-button
2025-12-22 19:42:08 INFO  BaseClass - applied green color on border of element unable to describe element attribute type!!!
2025-12-22 19:42:08 INFO  BaseClass - element is displayed :unable to describe element attribute type!!!
2025-12-22 19:42:11 INFO  BaseClass - webdriver & ActionDriver classes instance terminated!!!
2025-12-22 19:42:12 INFO  BaseClass - edgeDriver initialized!!!
2025-12-22 19:42:12 INFO  BaseClass - browser is launched and window is mazimized
2025-12-22 19:42:12 INFO  BaseClass - ActionDriver initialized!!!
2025-12-22 19:42:12 INFO  BaseClass - ActionDriver class instance is created!!!----->28
2025-12-22 19:42:13 INFO  BaseClass - applied green color on border of element element with Name attribute:username
2025-12-22 19:42:13 INFO  BaseClass - element with Name attribute:username is visible
2025-12-22 19:42:13 INFO  BaseClass - applied green color on border of element element with Name attribute:username
2025-12-22 19:42:13 INFO  BaseClass - Entered text :admin in element with Name attribute:username
2025-12-22 19:42:13 INFO  BaseClass - applied green color on border of element element with Name attribute:password
2025-12-22 19:42:14 INFO  BaseClass - element with Name attribute:password is visible
2025-12-22 19:42:14 INFO  BaseClass - applied green color on border of element element with Name attribute:password
2025-12-22 19:42:14 INFO  BaseClass - Entered text :Manish@880 in element with Name attribute:password
2025-12-22 19:42:14 INFO  BaseClass - applied green color on border of element element with class attribute:oxd-button oxd-button--medium oxd-button--main orangehrm-login-button
2025-12-22 19:42:14 INFO  BaseClass - applied green color on border of element element with class attribute:oxd-button oxd-button--medium oxd-button--main orangehrm-login-button
2025-12-22 19:42:14 INFO  BaseClass - located element by element with class attribute:oxd-button oxd-button--medium oxd-button--main orangehrm-login-button is clickable
2025-12-22 19:42:15 INFO  BaseClass - clicked on :element with class attribute:oxd-button oxd-button--medium oxd-button--main orangehrm-login-button
2025-12-22 19:42:43 INFO  BaseClass - config.properties file is loaded!!!
2025-12-22 19:42:45 INFO  BaseClass - edgeDriver initialized!!!
2025-12-22 19:42:46 INFO  BaseClass - browser is launched and window is mazimized
2025-12-22 19:42:46 INFO  BaseClass - ActionDriver initialized!!!
2025-12-22 19:42:46 INFO  BaseClass - ActionDriver class instance is created!!!----->28
2025-12-22 19:42:48 INFO  BaseClass - webdriver & ActionDriver classes instance terminated!!!
2025-12-22 19:42:50 INFO  BaseClass - edgeDriver initialized!!!
2025-12-22 19:42:50 INFO  BaseClass - browser is launched and window is mazimized
2025-12-22 19:42:50 INFO  BaseClass - ActionDriver initialized!!!
2025-12-22 19:42:50 INFO  BaseClass - ActionDriver class instance is created!!!----->28
2025-12-22 19:42:53 INFO  BaseClass - webdriver & ActionDriver classes instance terminated!!!
2025-12-22 19:42:55 INFO  BaseClass - edgeDriver initialized!!!
2025-12-22 19:42:55 INFO  BaseClass - browser is launched and window is mazimized
2025-12-22 19:42:55 INFO  BaseClass - ActionDriver initialized!!!
2025-12-22 19:42:55 INFO  BaseClass - ActionDriver class instance is created!!!----->28
2025-12-22 19:42:57 INFO  BaseClass - applied green color on border of element element with Name attribute:username
2025-12-22 19:42:57 INFO  BaseClass - element with Name attribute:username is visible
2025-12-22 19:42:57 INFO  BaseClass - applied green color on border of element element with Name attribute:username
2025-12-22 19:42:57 INFO  BaseClass - Entered text :admin in element with Name attribute:username
2025-12-22 19:42:57 INFO  BaseClass - applied green color on border of element element with Name attribute:password
2025-12-22 19:42:57 INFO  BaseClass - element with Name attribute:password is visible
2025-12-22 19:42:57 INFO  BaseClass - applied green color on border of element element with Name attribute:password
2025-12-22 19:42:58 INFO  BaseClass - Entered text :Manish@880 in element with Name attribute:password
2025-12-22 19:42:58 INFO  BaseClass - applied green color on border of element element with class attribute:oxd-button oxd-button--medium oxd-button--main orangehrm-login-button
2025-12-22 19:42:58 INFO  BaseClass - applied green color on border of element element with class attribute:oxd-button oxd-button--medium oxd-button--main orangehrm-login-button
2025-12-22 19:42:58 INFO  BaseClass - located element by element with class attribute:oxd-button oxd-button--medium oxd-button--main orangehrm-login-button is clickable
2025-12-22 19:43:00 INFO  BaseClass - clicked on :element with class attribute:oxd-button oxd-button--medium oxd-button--main orangehrm-login-button
2025-12-22 19:43:01 INFO  BaseClass - applied green color on border of element unable to describe element attribute type!!!
2025-12-22 19:43:01 INFO  BaseClass - unable to describe element attribute type!!! is visible
2025-12-22 19:43:01 INFO  BaseClass - applied green color on border of element unable to describe element attribute type!!!
2025-12-22 19:43:01 INFO  BaseClass - element is displayed :unable to describe element attribute type!!!
2025-12-22 19:43:10 INFO  BaseClass - config.properties file is loaded!!!
2025-12-22 19:43:12 INFO  BaseClass - edgeDriver initialized!!!
2025-12-22 19:43:13 INFO  BaseClass - browser is launched and window is mazimized
2025-12-22 19:43:13 INFO  BaseClass - ActionDriver initialized!!!
2025-12-22 19:43:13 INFO  BaseClass - ActionDriver class instance is created!!!----->28
2025-12-22 19:43:15 INFO  BaseClass - webdriver & ActionDriver classes instance terminated!!!
2025-12-22 19:43:17 INFO  BaseClass - edgeDriver initialized!!!
2025-12-22 19:43:18 INFO  BaseClass - browser is launched and window is mazimized
2025-12-22 19:43:18 INFO  BaseClass - ActionDriver initialized!!!
2025-12-22 19:43:18 INFO  BaseClass - ActionDriver class instance is created!!!----->28
2025-12-22 19:43:20 INFO  BaseClass - webdriver & ActionDriver classes instance terminated!!!
2025-12-22 19:43:47 INFO  BaseClass - config.properties file is loaded!!!
2025-12-22 19:43:52 INFO  BaseClass - edgeDriver initialized!!!
2025-12-22 19:43:53 INFO  BaseClass - edgeDriver initialized!!!
2025-12-22 19:43:54 INFO  BaseClass - edgeDriver initialized!!!
2025-12-22 19:43:54 INFO  BaseClass - edgeDriver initialized!!!
2025-12-22 19:43:55 INFO  BaseClass - edgeDriver initialized!!!
2025-12-22 19:43:59 INFO  BaseClass - browser is launched and window is mazimized
2025-12-22 19:43:59 INFO  BaseClass - ActionDriver initialized!!!
2025-12-22 19:43:59 INFO  BaseClass - ActionDriver class instance is created!!!----->30
2025-12-22 19:43:59 INFO  BaseClass - browser is launched and window is mazimized
2025-12-22 19:43:59 INFO  BaseClass - ActionDriver initialized!!!
2025-12-22 19:43:59 INFO  BaseClass - ActionDriver class instance is created!!!----->33
2025-12-22 19:44:00 INFO  BaseClass - browser is launched and window is mazimized
2025-12-22 19:44:00 INFO  BaseClass - ActionDriver initialized!!!
2025-12-22 19:44:00 INFO  BaseClass - ActionDriver class instance is created!!!----->29
2025-12-22 19:44:00 INFO  BaseClass - browser is launched and window is mazimized
2025-12-22 19:44:00 INFO  BaseClass - ActionDriver initialized!!!
2025-12-22 19:44:00 INFO  BaseClass - ActionDriver class instance is created!!!----->31
2025-12-22 19:44:01 INFO  BaseClass - browser is launched and window is mazimized
2025-12-22 19:44:01 INFO  BaseClass - ActionDriver initialized!!!
2025-12-22 19:44:01 INFO  BaseClass - ActionDriver class instance is created!!!----->32
2025-12-22 19:44:02 INFO  BaseClass - applied green color on border of element element with Name attribute:username
2025-12-22 19:44:02 INFO  BaseClass - applied green color on border of element element with Name attribute:username
2025-12-22 19:44:03 INFO  BaseClass - element with Name attribute:username is visible
2025-12-22 19:44:03 INFO  BaseClass - element with Name attribute:username is visible
2025-12-22 19:44:03 INFO  BaseClass - applied green color on border of element element with Name attribute:username
2025-12-22 19:44:03 INFO  BaseClass - element with Name attribute:username is visible
2025-12-22 19:44:03 INFO  BaseClass - applied green color on border of element element with Name attribute:username
2025-12-22 19:44:03 INFO  BaseClass - applied green color on border of element element with Name attribute:username
2025-12-22 19:44:03 INFO  BaseClass - applied green color on border of element element with Name attribute:username
2025-12-22 19:44:03 INFO  BaseClass - Entered text :admin in element with Name attribute:username
2025-12-22 19:44:03 INFO  BaseClass - Entered text :admin in element with Name attribute:username
2025-12-22 19:44:04 INFO  BaseClass - Entered text :Admin in element with Name attribute:username
2025-12-22 19:44:04 INFO  BaseClass - applied green color on border of element element with Name attribute:password
2025-12-22 19:44:04 INFO  BaseClass - element with Name attribute:password is visible
2025-12-22 19:44:04 INFO  BaseClass - applied green color on border of element element with Name attribute:password
2025-12-22 19:44:04 INFO  BaseClass - element with Name attribute:password is visible
2025-12-22 19:44:04 INFO  BaseClass - applied green color on border of element element with Name attribute:password
2025-12-22 19:44:04 INFO  BaseClass - applied green color on border of element element with Name attribute:password
2025-12-22 19:44:04 INFO  BaseClass - element with Name attribute:password is visible
2025-12-22 19:44:04 INFO  BaseClass - applied green color on border of element element with Name attribute:password
2025-12-22 19:44:04 INFO  BaseClass - Entered text :Manish@880 in element with Name attribute:password
2025-12-22 19:44:04 INFO  BaseClass - applied green color on border of element element with Name attribute:password
2025-12-22 19:44:04 INFO  BaseClass - Entered text :Manish@880 in element with Name attribute:password
2025-12-22 19:44:04 INFO  BaseClass - applied green color on border of element element with class attribute:oxd-button oxd-button--medium oxd-button--main orangehrm-login-button
2025-12-22 19:44:04 INFO  BaseClass - Entered text :xxxxx in element with Name attribute:password
2025-12-22 19:44:05 INFO  BaseClass - applied green color on border of element element with class attribute:oxd-button oxd-button--medium oxd-button--main orangehrm-login-button
2025-12-22 19:44:05 INFO  BaseClass - located element by element with class attribute:oxd-button oxd-button--medium oxd-button--main orangehrm-login-button is clickable
2025-12-22 19:44:05 INFO  BaseClass - applied green color on border of element element with class attribute:oxd-button oxd-button--medium oxd-button--main orangehrm-login-button
2025-12-22 19:44:05 INFO  BaseClass - applied green color on border of element element with class attribute:oxd-button oxd-button--medium oxd-button--main orangehrm-login-button
2025-12-22 19:44:05 INFO  BaseClass - clicked on :element with class attribute:oxd-button oxd-button--medium oxd-button--main orangehrm-login-button
2025-12-22 19:44:05 INFO  BaseClass - applied green color on border of element element with class attribute:oxd-button oxd-button--medium oxd-button--main orangehrm-login-button
2025-12-22 19:44:05 INFO  BaseClass - located element by element with class attribute:oxd-button oxd-button--medium oxd-button--main orangehrm-login-button is clickable
2025-12-22 19:44:05 INFO  BaseClass - applied green color on border of element element with class attribute:oxd-button oxd-button--medium oxd-button--main orangehrm-login-button
2025-12-22 19:44:05 INFO  BaseClass - located element by element with class attribute:oxd-button oxd-button--medium oxd-button--main orangehrm-login-button is clickable
2025-12-22 19:44:07 INFO  BaseClass - clicked on :element with class attribute:oxd-button oxd-button--medium oxd-button--main orangehrm-login-button
2025-12-22 19:44:07 INFO  BaseClass - clicked on :element with class attribute:oxd-button oxd-button--medium oxd-button--main orangehrm-login-button
2025-12-22 19:44:09 INFO  BaseClass - applied green color on border of element element with class attribute:oxd-text oxd-text--span oxd-main-menu-item--name
2025-12-22 19:44:09 INFO  BaseClass - element with class attribute:oxd-text oxd-text--span oxd-main-menu-item--name is visible
2025-12-22 19:44:10 INFO  BaseClass - applied green color on border of element element with class attribute:oxd-text oxd-text--p oxd-alert-content-text
2025-12-22 19:44:10 INFO  BaseClass - applied green color on border of element unable to describe element attribute type!!!
2025-12-22 19:44:10 INFO  BaseClass - applied green color on border of element element with class attribute:oxd-text oxd-text--span oxd-main-menu-item--name
2025-12-22 19:44:10 INFO  BaseClass - element with class attribute:oxd-text oxd-text--p oxd-alert-content-text is visible
2025-12-22 19:44:10 INFO  BaseClass - element is displayed :element with class attribute:oxd-text oxd-text--span oxd-main-menu-item--name
2025-12-22 19:44:10 INFO  BaseClass - unable to describe element attribute type!!! is visible
2025-12-22 19:44:10 INFO  BaseClass - applied green color on border of element element with class attribute:oxd-userdropdown-tab
2025-12-22 19:44:10 INFO  BaseClass - applied green color on border of element element with class attribute:oxd-userdropdown-tab
2025-12-22 19:44:10 INFO  BaseClass - applied green color on border of element element with class attribute:oxd-text oxd-text--p oxd-alert-content-text
2025-12-22 19:44:10 INFO  BaseClass - Text are equals :Invalid credentialsequals to Invalid credentials
2025-12-22 19:44:11 INFO  BaseClass - located element by element with class attribute:oxd-userdropdown-tab is clickable
2025-12-22 19:44:11 INFO  BaseClass - applied green color on border of element unable to describe element attribute type!!!
2025-12-22 19:44:11 INFO  BaseClass - element is displayed :unable to describe element attribute type!!!
2025-12-22 19:44:11 INFO  BaseClass - clicked on :element with class attribute:oxd-userdropdown-tab
2025-12-22 19:44:11 INFO  BaseClass - applied green color on border of element element with class attribute:oxd-userdropdown-link
2025-12-22 19:44:11 INFO  BaseClass - applied green color on border of element element with class attribute:oxd-userdropdown-link
2025-12-22 19:44:11 INFO  BaseClass - located element by element with class attribute:oxd-userdropdown-link is clickable
2025-12-22 19:44:11 INFO  BaseClass - webdriver & ActionDriver classes instance terminated!!!
2025-12-22 19:44:13 INFO  BaseClass - clicked on :element with class attribute:oxd-userdropdown-link
2025-12-22 19:44:13 INFO  BaseClass - webdriver & ActionDriver classes instance terminated!!!
2025-12-22 19:44:15 INFO  BaseClass - edgeDriver initialized!!!
2025-12-22 19:44:16 INFO  BaseClass - browser is launched and window is mazimized
2025-12-22 19:44:16 INFO  BaseClass - ActionDriver initialized!!!
2025-12-22 19:44:16 INFO  BaseClass - ActionDriver class instance is created!!!----->30
2025-12-22 19:44:16 INFO  BaseClass - starting verifyEmployeeFromDB()
2025-12-22 19:44:17 INFO  BaseClass - applied green color on border of element element with Name attribute:username
2025-12-22 19:44:17 INFO  BaseClass - element with Name attribute:username is visible
2025-12-22 19:44:18 INFO  BaseClass - applied green color on border of element element with Name attribute:username
2025-12-22 19:44:18 INFO  BaseClass - Entered text :admin in element with Name attribute:username
2025-12-22 19:44:18 INFO  BaseClass - applied green color on border of element element with Name attribute:password
2025-12-22 19:44:18 INFO  BaseClass - element with Name attribute:password is visible
2025-12-22 19:44:18 INFO  BaseClass - applied green color on border of element element with Name attribute:password
2025-12-22 19:44:19 INFO  BaseClass - Entered text :Manish@880 in element with Name attribute:password
2025-12-22 19:44:19 INFO  BaseClass - applied green color on border of element element with class attribute:oxd-button oxd-button--medium oxd-button--main orangehrm-login-button
2025-12-22 19:44:19 INFO  BaseClass - applied green color on border of element element with class attribute:oxd-button oxd-button--medium oxd-button--main orangehrm-login-button
2025-12-22 19:44:19 INFO  BaseClass - webdriver & ActionDriver classes instance terminated!!!
2025-12-22 19:44:19 INFO  BaseClass - located element by element with class attribute:oxd-button oxd-button--medium oxd-button--main orangehrm-login-button is clickable
2025-12-22 19:44:19 INFO  BaseClass - webdriver & ActionDriver classes instance terminated!!!
2025-12-22 19:44:19 INFO  BaseClass - webdriver & ActionDriver classes instance terminated!!!
2025-12-22 19:44:21 INFO  BaseClass - edgeDriver initialized!!!
2025-12-22 19:44:22 INFO  BaseClass - clicked on :element with class attribute:oxd-button oxd-button--medium oxd-button--main orangehrm-login-button
2025-12-22 19:44:22 INFO  BaseClass - browser is launched and window is mazimized
2025-12-22 19:44:22 INFO  BaseClass - ActionDriver initialized!!!
2025-12-22 19:44:22 INFO  BaseClass - ActionDriver class instance is created!!!----->32
2025-12-22 19:44:23 INFO  BaseClass - applied green color on border of element element with Name attribute:username
2025-12-22 19:44:23 INFO  BaseClass - element with Name attribute:username is visible
2025-12-22 19:44:23 INFO  BaseClass - applied green color on border of element element with Name attribute:username
2025-12-22 19:44:24 INFO  BaseClass - applied green color on border of element element with class attribute:oxd-text oxd-text--span oxd-main-menu-item--name
2025-12-22 19:44:24 INFO  BaseClass - Entered text :admin in element with Name attribute:username
2025-12-22 19:44:24 INFO  BaseClass - applied green color on border of element element with Name attribute:password
2025-12-22 19:44:24 INFO  BaseClass - element with Name attribute:password is visible
2025-12-22 19:44:24 INFO  BaseClass - applied green color on border of element element with class attribute:oxd-text oxd-text--span oxd-main-menu-item--name
2025-12-22 19:44:24 INFO  BaseClass - applied green color on border of element element with Name attribute:password
2025-12-22 19:44:24 INFO  BaseClass - located element by element with class attribute:oxd-text oxd-text--span oxd-main-menu-item--name is clickable
2025-12-22 19:44:24 INFO  BaseClass - Entered text :Manish@880 in element with Name attribute:password
2025-12-22 19:44:25 INFO  BaseClass - applied green color on border of element element with class attribute:oxd-button oxd-button--medium oxd-button--main orangehrm-login-button
2025-12-22 19:44:25 INFO  BaseClass - applied green color on border of element element with class attribute:oxd-button oxd-button--medium oxd-button--main orangehrm-login-button
2025-12-22 19:44:25 INFO  BaseClass - located element by element with class attribute:oxd-button oxd-button--medium oxd-button--main orangehrm-login-button is clickable
2025-12-22 19:44:25 INFO  BaseClass - clicked on :element with class attribute:oxd-button oxd-button--medium oxd-button--main orangehrm-login-button
2025-12-22 19:44:26 INFO  BaseClass - clicked on :element with class attribute:oxd-text oxd-text--span oxd-main-menu-item--name
2025-12-22 19:44:26 INFO  BaseClass - clicked on PIM Tab
2025-12-22 19:44:27 INFO  BaseClass - applied green color on border of element element with placeholder attribute:Type for hints...
2025-12-22 19:44:27 INFO  BaseClass - element with placeholder attribute:Type for hints... is visible
2025-12-22 19:44:28 INFO  BaseClass - applied green color on border of element element with class attribute:oxd-text oxd-text--span oxd-main-menu-item--name
2025-12-22 19:44:28 INFO  BaseClass - applied green color on border of element element with placeholder attribute:Type for hints...
2025-12-22 19:44:28 INFO  BaseClass - element with class attribute:oxd-text oxd-text--span oxd-main-menu-item--name is visible
2025-12-22 19:44:28 INFO  BaseClass - applied green color on border of element element with class attribute:oxd-text oxd-text--span oxd-main-menu-item--name
2025-12-22 19:44:28 INFO  BaseClass - element is displayed :element with class attribute:oxd-text oxd-text--span oxd-main-menu-item--name
2025-12-22 19:44:28 INFO  BaseClass - applied green color on border of element element with class attribute:oxd-userdropdown-tab
2025-12-22 19:44:28 INFO  BaseClass - Entered text :harish in element with placeholder attribute:Type for hints...
2025-12-22 19:44:28 INFO  BaseClass - applied green color on border of element element with class attribute:oxd-userdropdown-tab
2025-12-22 19:44:28 INFO  BaseClass - located element by element with class attribute:oxd-userdropdown-tab is clickable
2025-12-22 19:44:29 INFO  BaseClass - clicked on :element with class attribute:oxd-userdropdown-tab
2025-12-22 19:44:29 INFO  BaseClass - applied green color on border of element element with class attribute:oxd-button oxd-button--medium oxd-button--secondary orangehrm-left-space
2025-12-22 19:44:29 INFO  BaseClass - applied green color on border of element element with class attribute:oxd-userdropdown-link
2025-12-22 19:44:29 INFO  BaseClass - applied green color on border of element element with class attribute:oxd-userdropdown-link
2025-12-22 19:44:29 INFO  BaseClass - located element by element with class attribute:oxd-userdropdown-link is clickable
2025-12-22 19:44:29 INFO  BaseClass - applied green color on border of element element with class attribute:oxd-button oxd-button--medium oxd-button--secondary orangehrm-left-space
2025-12-22 19:44:30 INFO  BaseClass - located element by element with class attribute:oxd-button oxd-button--medium oxd-button--secondary orangehrm-left-space is clickable
2025-12-22 19:44:30 INFO  BaseClass - clicked on :element with class attribute:oxd-button oxd-button--medium oxd-button--secondary orangehrm-left-space
2025-12-22 19:44:30 INFO  BaseClass - clicked on :element with class attribute:oxd-userdropdown-link
2025-12-22 19:44:30 INFO  BaseClass - applied green color on border of element element with class attribute:oxd-table-cell oxd-padding-cell
2025-12-22 19:44:31 INFO  BaseClass - page is scrolled to element :element with class attribute:oxd-table-cell oxd-padding-cell
2025-12-22 19:44:31 INFO  BaseClass - DB connection successfull
2025-12-22 19:44:31 INFO  BaseClass - Executing query :SELECT employee_id,emp_firstname,emp_middle_name,emp_lastname FROM hs_hr_employee WHERE employee_id=0002
2025-12-22 19:44:31 INFO  BaseClass - query executed successfully
2025-12-22 19:44:31 INFO  BaseClass - able to store data from DB
2025-12-22 19:44:31 INFO  BaseClass - applied green color on border of element element with class attribute:oxd-table-cell oxd-padding-cell
2025-12-22 19:44:31 INFO  BaseClass - element with class attribute:oxd-table-cell oxd-padding-cell is visible
2025-12-22 19:44:31 INFO  BaseClass - applied green color on border of element element with class attribute:oxd-table-cell oxd-padding-cell
2025-12-22 19:44:31 INFO  BaseClass - Text are equals :harish kumarequals to harish kumar
2025-12-22 19:44:32 INFO  BaseClass - applied green color on border of element element with class attribute:oxd-table-cell oxd-padding-cell
2025-12-22 19:44:32 INFO  BaseClass - element with class attribute:oxd-table-cell oxd-padding-cell is visible
2025-12-22 19:44:32 INFO  BaseClass - applied green color on border of element element with class attribute:oxd-table-cell oxd-padding-cell
2025-12-22 19:44:32 INFO  BaseClass - Text are equals :anuragiequals to anuragi
2025-12-22 19:44:32 INFO  BaseClass - verifyEmployeeFromDB COMPLETED
2025-12-22 19:44:34 INFO  BaseClass - webdriver & ActionDriver classes instance terminated!!!
2025-12-22 19:44:35 INFO  BaseClass - webdriver & ActionDriver classes instance terminated!!!
2025-12-22 19:51:38 INFO  BaseClass - config.properties file is loaded!!!
2025-12-22 19:51:44 INFO  BaseClass - edgeDriver initialized!!!
2025-12-22 19:51:44 INFO  BaseClass - edgeDriver initialized!!!
2025-12-22 19:51:44 INFO  BaseClass - edgeDriver initialized!!!
2025-12-22 19:51:44 INFO  BaseClass - edgeDriver initialized!!!
2025-12-22 19:51:55 INFO  BaseClass - config.properties file is loaded!!!
2025-12-22 19:52:00 INFO  BaseClass - edgeDriver initialized!!!
2025-12-22 19:52:01 INFO  BaseClass - edgeDriver initialized!!!
2025-12-22 19:52:01 INFO  BaseClass - edgeDriver initialized!!!
2025-12-22 19:52:01 INFO  BaseClass - edgeDriver initialized!!!
2025-12-22 19:52:02 INFO  BaseClass - edgeDriver initialized!!!
2025-12-22 19:52:03 INFO  BaseClass - browser is launched and window is mazimized
2025-12-22 19:52:03 INFO  BaseClass - ActionDriver initialized!!!
2025-12-22 19:52:03 INFO  BaseClass - ActionDriver class instance is created!!!----->29
2025-12-22 19:52:04 INFO  BaseClass - browser is launched and window is mazimized
2025-12-22 19:52:04 INFO  BaseClass - ActionDriver initialized!!!
2025-12-22 19:52:04 INFO  BaseClass - ActionDriver class instance is created!!!----->30
2025-12-22 19:52:04 INFO  BaseClass - browser is launched and window is mazimized
2025-12-22 19:52:04 INFO  BaseClass - ActionDriver initialized!!!
2025-12-22 19:52:04 INFO  BaseClass - ActionDriver class instance is created!!!----->31
2025-12-22 19:52:05 INFO  BaseClass - browser is launched and window is mazimized
2025-12-22 19:52:05 INFO  BaseClass - ActionDriver initialized!!!
2025-12-22 19:52:05 INFO  BaseClass - ActionDriver class instance is created!!!----->33
2025-12-22 19:52:05 INFO  BaseClass - browser is launched and window is mazimized
2025-12-22 19:52:05 INFO  BaseClass - ActionDriver initialized!!!
2025-12-22 19:52:05 INFO  BaseClass - ActionDriver class instance is created!!!----->32
2025-12-22 19:52:06 INFO  BaseClass - applied green color on border of element element with Name attribute:username
2025-12-22 19:52:06 INFO  BaseClass - element with Name attribute:username is visible
2025-12-22 19:52:06 INFO  BaseClass - applied green color on border of element element with Name attribute:username
2025-12-22 19:52:06 INFO  BaseClass - applied green color on border of element element with Name attribute:username
2025-12-22 19:52:06 INFO  BaseClass - applied green color on border of element element with Name attribute:username
2025-12-22 19:52:06 INFO  BaseClass - element with Name attribute:username is visible
2025-12-22 19:52:06 INFO  BaseClass - element with Name attribute:username is visible
2025-12-22 19:52:07 INFO  BaseClass - applied green color on border of element element with Name attribute:username
2025-12-22 19:52:07 INFO  BaseClass - applied green color on border of element element with Name attribute:username
2025-12-22 19:52:07 INFO  BaseClass - Entered text :admin in element with Name attribute:username
2025-12-22 19:52:07 INFO  BaseClass - Entered text :Admin in element with Name attribute:username
2025-12-22 19:52:07 INFO  BaseClass - Entered text :admin in element with Name attribute:username
2025-12-22 19:52:07 INFO  BaseClass - applied green color on border of element element with Name attribute:password
2025-12-22 19:52:07 INFO  BaseClass - applied green color on border of element element with Name attribute:password
2025-12-22 19:52:07 INFO  BaseClass - element with Name attribute:password is visible
2025-12-22 19:52:07 INFO  BaseClass - element with Name attribute:password is visible
2025-12-22 19:52:07 INFO  BaseClass - applied green color on border of element element with Name attribute:password
2025-12-22 19:52:08 INFO  BaseClass - element with Name attribute:password is visible
2025-12-22 19:52:08 INFO  BaseClass - applied green color on border of element element with Name attribute:password
2025-12-22 19:52:08 INFO  BaseClass - applied green color on border of element element with Name attribute:password
2025-12-22 19:52:08 INFO  BaseClass - applied green color on border of element element with Name attribute:password
2025-12-22 19:52:08 INFO  BaseClass - Entered text :Manish@880 in element with Name attribute:password
2025-12-22 19:52:08 INFO  BaseClass - Entered text :Manish@880 in element with Name attribute:password
2025-12-22 19:52:08 INFO  BaseClass - Entered text :xxxxx in element with Name attribute:password
2025-12-22 19:52:09 INFO  BaseClass - applied green color on border of element element with class attribute:oxd-button oxd-button--medium oxd-button--main orangehrm-login-button
2025-12-22 19:52:09 INFO  BaseClass - applied green color on border of element element with class attribute:oxd-button oxd-button--medium oxd-button--main orangehrm-login-button
2025-12-22 19:52:09 INFO  BaseClass - applied green color on border of element element with class attribute:oxd-button oxd-button--medium oxd-button--main orangehrm-login-button
2025-12-22 19:52:09 INFO  BaseClass - located element by element with class attribute:oxd-button oxd-button--medium oxd-button--main orangehrm-login-button is clickable
2025-12-22 19:52:09 INFO  BaseClass - located element by element with class attribute:oxd-button oxd-button--medium oxd-button--main orangehrm-login-button is clickable
2025-12-22 19:52:09 INFO  BaseClass - located element by element with class attribute:oxd-button oxd-button--medium oxd-button--main orangehrm-login-button is clickable
2025-12-22 19:52:09 INFO  BaseClass - applied green color on border of element element with class attribute:oxd-button oxd-button--medium oxd-button--main orangehrm-login-button
2025-12-22 19:52:09 INFO  BaseClass - applied green color on border of element element with class attribute:oxd-button oxd-button--medium oxd-button--main orangehrm-login-button
2025-12-22 19:52:09 INFO  BaseClass - applied green color on border of element element with class attribute:oxd-button oxd-button--medium oxd-button--main orangehrm-login-button
2025-12-22 19:52:10 INFO  BaseClass - clicked on :element with class attribute:oxd-button oxd-button--medium oxd-button--main orangehrm-login-button
2025-12-22 19:52:11 INFO  BaseClass - clicked on :element with class attribute:oxd-button oxd-button--medium oxd-button--main orangehrm-login-button
2025-12-22 19:52:11 INFO  BaseClass - clicked on :element with class attribute:oxd-button oxd-button--medium oxd-button--main orangehrm-login-button
2025-12-22 19:52:11 INFO  BaseClass - applied green color on border of element element with class attribute:oxd-text oxd-text--p oxd-alert-content-text
2025-12-22 19:52:11 INFO  BaseClass - element with class attribute:oxd-text oxd-text--p oxd-alert-content-text is visible
2025-12-22 19:52:12 INFO  BaseClass - applied green color on border of element element with class attribute:oxd-text oxd-text--p oxd-alert-content-text
2025-12-22 19:52:12 INFO  BaseClass - Text are equals :Invalid credentialsequals to Invalid credentials
2025-12-22 19:52:15 INFO  BaseClass - webdriver & ActionDriver classes instance terminated!!!
2025-12-22 19:52:15 INFO  BaseClass - webdriver & ActionDriver classes instance terminated!!!
2025-12-22 19:52:17 INFO  BaseClass - edgeDriver initialized!!!
2025-12-22 19:52:18 INFO  BaseClass - webdriver & ActionDriver classes instance terminated!!!
2025-12-22 19:52:18 INFO  BaseClass - browser is launched and window is mazimized
2025-12-22 19:52:18 INFO  BaseClass - ActionDriver initialized!!!
2025-12-22 19:52:18 INFO  BaseClass - ActionDriver class instance is created!!!----->29
2025-12-22 19:52:18 INFO  BaseClass - starting verifyEmployeeFromDB()
2025-12-22 19:52:19 INFO  BaseClass - edgeDriver initialized!!!
2025-12-22 19:52:19 INFO  BaseClass - applied green color on border of element element with Name attribute:username
2025-12-22 19:52:19 INFO  BaseClass - element with Name attribute:username is visible
2025-12-22 19:52:19 INFO  BaseClass - applied green color on border of element element with Name attribute:username
2025-12-22 19:52:20 INFO  BaseClass - Entered text :admin in element with Name attribute:username
2025-12-22 19:52:20 INFO  BaseClass - applied green color on border of element element with Name attribute:password
2025-12-22 19:52:20 INFO  BaseClass - browser is launched and window is mazimized
2025-12-22 19:52:20 INFO  BaseClass - ActionDriver initialized!!!
2025-12-22 19:52:20 INFO  BaseClass - ActionDriver class instance is created!!!----->32
2025-12-22 19:52:20 INFO  BaseClass - element with Name attribute:password is visible
2025-12-22 19:52:20 INFO  BaseClass - applied green color on border of element element with Name attribute:password
2025-12-22 19:52:21 INFO  BaseClass - Entered text :Manish@880 in element with Name attribute:password
2025-12-22 19:52:21 INFO  BaseClass - applied green color on border of element element with Name attribute:username
2025-12-22 19:52:21 INFO  BaseClass - element with Name attribute:username is visible
2025-12-22 19:52:21 INFO  BaseClass - applied green color on border of element element with class attribute:oxd-button oxd-button--medium oxd-button--main orangehrm-login-button
2025-12-22 19:52:21 INFO  BaseClass - applied green color on border of element element with Name attribute:username
2025-12-22 19:52:21 INFO  BaseClass - located element by element with class attribute:oxd-button oxd-button--medium oxd-button--main orangehrm-login-button is clickable
2025-12-22 19:52:21 INFO  BaseClass - Entered text :admin in element with Name attribute:username
2025-12-22 19:52:21 INFO  BaseClass - applied green color on border of element element with class attribute:oxd-button oxd-button--medium oxd-button--main orangehrm-login-button
2025-12-22 19:52:21 INFO  BaseClass - applied green color on border of element element with Name attribute:password
2025-12-22 19:52:22 INFO  BaseClass - element with Name attribute:password is visible
2025-12-22 19:52:22 INFO  BaseClass - applied green color on border of element element with Name attribute:password
2025-12-22 19:52:22 INFO  BaseClass - Entered text :Manish@880 in element with Name attribute:password
2025-12-22 19:52:22 INFO  BaseClass - applied green color on border of element element with class attribute:oxd-button oxd-button--medium oxd-button--main orangehrm-login-button
2025-12-22 19:52:22 INFO  BaseClass - located element by element with class attribute:oxd-button oxd-button--medium oxd-button--main orangehrm-login-button is clickable
2025-12-22 19:52:23 INFO  BaseClass - applied green color on border of element element with class attribute:oxd-button oxd-button--medium oxd-button--main orangehrm-login-button
2025-12-22 19:52:23 INFO  BaseClass - clicked on :element with class attribute:oxd-button oxd-button--medium oxd-button--main orangehrm-login-button
2025-12-22 19:52:24 INFO  BaseClass - clicked on :element with class attribute:oxd-button oxd-button--medium oxd-button--main orangehrm-login-button
2025-12-22 19:52:42 INFO  BaseClass - applied green color on border of element unable to describe element attribute type!!!
2025-12-22 19:52:42 INFO  BaseClass - applied green color on border of element element with class attribute:oxd-text oxd-text--span oxd-main-menu-item--name
2025-12-22 19:52:42 INFO  BaseClass - element is displayed :unable to describe element attribute type!!!
2025-12-22 19:52:42 INFO  BaseClass - element is displayed :element with class attribute:oxd-text oxd-text--span oxd-main-menu-item--name
2025-12-22 19:52:44 INFO  BaseClass - webdriver & ActionDriver classes instance terminated!!!
2025-12-22 19:52:44 INFO  BaseClass - webdriver & ActionDriver classes instance terminated!!!
2025-12-22 19:52:46 INFO  BaseClass - edgeDriver initialized!!!
2025-12-22 19:52:46 INFO  BaseClass - edgeDriver initialized!!!
2025-12-22 19:52:47 INFO  BaseClass - browser is launched and window is mazimized
2025-12-22 19:52:47 INFO  BaseClass - ActionDriver initialized!!!
2025-12-22 19:52:47 INFO  BaseClass - ActionDriver class instance is created!!!----->33
2025-12-22 19:52:47 INFO  BaseClass - browser is launched and window is mazimized
2025-12-22 19:52:47 INFO  BaseClass - ActionDriver initialized!!!
2025-12-22 19:52:47 INFO  BaseClass - ActionDriver class instance is created!!!----->31
2025-12-22 19:52:48 INFO  BaseClass - applied green color on border of element element with Name attribute:username
2025-12-22 19:52:48 INFO  BaseClass - applied green color on border of element element with Name attribute:username
2025-12-22 19:52:48 INFO  BaseClass - element with Name attribute:username is visible
2025-12-22 19:52:48 INFO  BaseClass - element with Name attribute:username is visible
2025-12-22 19:52:48 INFO  BaseClass - applied green color on border of element element with Name attribute:username
2025-12-22 19:52:48 INFO  BaseClass - applied green color on border of element element with Name attribute:username
2025-12-22 19:52:48 INFO  BaseClass - Entered text :admin in element with Name attribute:username
2025-12-22 19:52:48 INFO  BaseClass - Entered text :admin in element with Name attribute:username
2025-12-22 19:52:48 INFO  BaseClass - applied green color on border of element element with Name attribute:password
2025-12-22 19:52:48 INFO  BaseClass - element with Name attribute:password is visible
2025-12-22 19:52:48 INFO  BaseClass - applied green color on border of element element with Name attribute:password
2025-12-22 19:52:48 INFO  BaseClass - element with Name attribute:password is visible
2025-12-22 19:52:48 INFO  BaseClass - applied green color on border of element element with Name attribute:password
2025-12-22 19:52:49 INFO  BaseClass - applied green color on border of element element with Name attribute:password
2025-12-22 19:52:49 INFO  BaseClass - Entered text :Manish@880 in element with Name attribute:password
2025-12-22 19:52:49 INFO  BaseClass - Entered text :Manish@880 in element with Name attribute:password
2025-12-22 19:52:49 INFO  BaseClass - applied green color on border of element element with class attribute:oxd-button oxd-button--medium oxd-button--main orangehrm-login-button
2025-12-22 19:52:49 INFO  BaseClass - located element by element with class attribute:oxd-button oxd-button--medium oxd-button--main orangehrm-login-button is clickable
2025-12-22 19:52:49 INFO  BaseClass - applied green color on border of element element with class attribute:oxd-button oxd-button--medium oxd-button--main orangehrm-login-button
2025-12-22 19:52:49 INFO  BaseClass - located element by element with class attribute:oxd-button oxd-button--medium oxd-button--main orangehrm-login-button is clickable
2025-12-22 19:52:49 INFO  BaseClass - applied green color on border of element element with class attribute:oxd-button oxd-button--medium oxd-button--main orangehrm-login-button
2025-12-22 19:52:49 INFO  BaseClass - clicked on :element with class attribute:oxd-button oxd-button--medium oxd-button--main orangehrm-login-button
2025-12-22 19:52:49 INFO  BaseClass - applied green color on border of element element with class attribute:oxd-button oxd-button--medium oxd-button--main orangehrm-login-button
2025-12-22 19:52:51 INFO  BaseClass - clicked on :element with class attribute:oxd-button oxd-button--medium oxd-button--main orangehrm-login-button
2025-12-22 19:52:54 ERROR BaseClass - element is not clickable!!!
2025-12-22 19:52:54 INFO  BaseClass - applied green color on border of element element with class attribute:oxd-text oxd-text--span oxd-main-menu-item--name
2025-12-22 19:52:55 INFO  BaseClass - applied green color on border of element element with class attribute:oxd-text oxd-text--span oxd-main-menu-item--name
2025-12-22 19:52:55 INFO  BaseClass - element is displayed :element with class attribute:oxd-text oxd-text--span oxd-main-menu-item--name
2025-12-22 19:52:57 INFO  BaseClass - webdriver & ActionDriver classes instance terminated!!!
2025-12-22 19:52:58 INFO  BaseClass - edgeDriver initialized!!!
2025-12-22 19:52:59 INFO  BaseClass - browser is launched and window is mazimized
2025-12-22 19:52:59 INFO  BaseClass - ActionDriver initialized!!!
2025-12-22 19:52:59 INFO  BaseClass - ActionDriver class instance is created!!!----->32
2025-12-22 19:53:00 INFO  BaseClass - applied green color on border of element element with Name attribute:username
2025-12-22 19:53:00 INFO  BaseClass - element with Name attribute:username is visible
2025-12-22 19:53:00 INFO  BaseClass - applied green color on border of element element with Name attribute:username
2025-12-22 19:53:00 INFO  BaseClass - Entered text :admin in element with Name attribute:username
2025-12-22 19:53:00 INFO  BaseClass - applied green color on border of element element with Name attribute:password
2025-12-22 19:53:00 INFO  BaseClass - element with Name attribute:password is visible
2025-12-22 19:53:00 INFO  BaseClass - applied green color on border of element element with Name attribute:password
2025-12-22 19:53:01 INFO  BaseClass - Entered text :Manish@880 in element with Name attribute:password
2025-12-22 19:53:01 INFO  BaseClass - applied green color on border of element element with class attribute:oxd-button oxd-button--medium oxd-button--main orangehrm-login-button
2025-12-22 19:53:01 INFO  BaseClass - located element by element with class attribute:oxd-button oxd-button--medium oxd-button--main orangehrm-login-button is clickable
2025-12-22 19:53:01 INFO  BaseClass - applied green color on border of element element with class attribute:oxd-button oxd-button--medium oxd-button--main orangehrm-login-button
2025-12-22 19:53:02 INFO  BaseClass - clicked on :element with class attribute:oxd-button oxd-button--medium oxd-button--main orangehrm-login-button
2025-12-22 19:53:04 ERROR BaseClass - unable to click element
2025-12-22 19:53:04 INFO  BaseClass - clicked on PIM Tab
2025-12-22 19:53:20 INFO  BaseClass - applied green color on border of element unable to describe element attribute type!!!
2025-12-22 19:53:20 INFO  BaseClass - element is displayed :unable to describe element attribute type!!!
2025-12-22 19:53:21 INFO  BaseClass - applied green color on border of element element with class attribute:oxd-text oxd-text--span oxd-main-menu-item--name
2025-12-22 19:53:21 INFO  BaseClass - element is displayed :element with class attribute:oxd-text oxd-text--span oxd-main-menu-item--name
2025-12-22 19:53:22 INFO  BaseClass - webdriver & ActionDriver classes instance terminated!!!
2025-12-22 19:53:23 INFO  BaseClass - edgeDriver initialized!!!
2025-12-22 19:53:24 INFO  BaseClass - webdriver & ActionDriver classes instance terminated!!!
2025-12-22 19:53:24 INFO  BaseClass - browser is launched and window is mazimized
2025-12-22 19:53:24 INFO  BaseClass - ActionDriver initialized!!!
2025-12-22 19:53:24 INFO  BaseClass - ActionDriver class instance is created!!!----->31
2025-12-22 19:53:25 INFO  BaseClass - edgeDriver initialized!!!
2025-12-22 19:53:25 INFO  BaseClass - applied green color on border of element element with Name attribute:username
2025-12-22 19:53:25 INFO  BaseClass - element with Name attribute:username is visible
2025-12-22 19:53:25 INFO  BaseClass - applied green color on border of element element with Name attribute:username
2025-12-22 19:53:26 INFO  BaseClass - Entered text :admin in element with Name attribute:username
2025-12-22 19:53:26 INFO  BaseClass - applied green color on border of element element with Name attribute:password
2025-12-22 19:53:26 INFO  BaseClass - browser is launched and window is mazimized
2025-12-22 19:53:26 INFO  BaseClass - ActionDriver initialized!!!
2025-12-22 19:53:26 INFO  BaseClass - ActionDriver class instance is created!!!----->33
2025-12-22 19:53:26 INFO  BaseClass - element with Name attribute:password is visible
2025-12-22 19:53:26 INFO  BaseClass - applied green color on border of element element with Name attribute:password
2025-12-22 19:53:26 INFO  BaseClass - Entered text :Manish@880 in element with Name attribute:password
2025-12-22 19:53:27 INFO  BaseClass - applied green color on border of element element with Name attribute:username
2025-12-22 19:53:27 INFO  BaseClass - element with Name attribute:username is visible
2025-12-22 19:53:27 INFO  BaseClass - applied green color on border of element element with class attribute:oxd-button oxd-button--medium oxd-button--main orangehrm-login-button
2025-12-22 19:53:27 INFO  BaseClass - located element by element with class attribute:oxd-button oxd-button--medium oxd-button--main orangehrm-login-button is clickable
2025-12-22 19:53:27 INFO  BaseClass - applied green color on border of element element with Name attribute:username
2025-12-22 19:53:27 INFO  BaseClass - applied green color on border of element element with class attribute:oxd-button oxd-button--medium oxd-button--main orangehrm-login-button
2025-12-22 19:53:27 INFO  BaseClass - Entered text :admin in element with Name attribute:username
2025-12-22 19:53:27 INFO  BaseClass - applied green color on border of element element with Name attribute:password
2025-12-22 19:53:27 INFO  BaseClass - element with Name attribute:password is visible
2025-12-22 19:53:28 INFO  BaseClass - applied green color on border of element element with Name attribute:password
2025-12-22 19:53:28 INFO  BaseClass - Entered text :Manish@880 in element with Name attribute:password
2025-12-22 19:53:28 INFO  BaseClass - applied green color on border of element element with class attribute:oxd-button oxd-button--medium oxd-button--main orangehrm-login-button
2025-12-22 19:53:28 INFO  BaseClass - located element by element with class attribute:oxd-button oxd-button--medium oxd-button--main orangehrm-login-button is clickable
2025-12-22 19:53:29 INFO  BaseClass - applied green color on border of element element with class attribute:oxd-button oxd-button--medium oxd-button--main orangehrm-login-button
2025-12-22 19:53:29 INFO  BaseClass - clicked on :element with class attribute:oxd-button oxd-button--medium oxd-button--main orangehrm-login-button
2025-12-22 19:53:30 INFO  BaseClass - clicked on :element with class attribute:oxd-button oxd-button--medium oxd-button--main orangehrm-login-button
2025-12-22 19:53:33 INFO  BaseClass - applied green color on border of element element with class attribute:oxd-text oxd-text--span oxd-main-menu-item--name
2025-12-22 19:53:33 INFO  BaseClass - element is displayed :element with class attribute:oxd-text oxd-text--span oxd-main-menu-item--name
2025-12-22 19:53:35 INFO  BaseClass - webdriver & ActionDriver classes instance terminated!!!
2025-12-22 19:53:36 INFO  BaseClass - edgeDriver initialized!!!
2025-12-22 19:53:37 INFO  BaseClass - browser is launched and window is mazimized
2025-12-22 19:53:37 INFO  BaseClass - ActionDriver initialized!!!
2025-12-22 19:53:37 INFO  BaseClass - ActionDriver class instance is created!!!----->32
2025-12-22 19:53:38 INFO  BaseClass - applied green color on border of element element with Name attribute:username
2025-12-22 19:53:38 INFO  BaseClass - element with Name attribute:username is visible
2025-12-22 19:53:38 INFO  BaseClass - applied green color on border of element element with Name attribute:username
2025-12-22 19:53:38 INFO  BaseClass - Entered text :admin in element with Name attribute:username
2025-12-22 19:53:38 INFO  BaseClass - applied green color on border of element element with Name attribute:password
2025-12-22 19:53:38 INFO  BaseClass - element with Name attribute:password is visible
2025-12-22 19:53:38 INFO  BaseClass - applied green color on border of element element with Name attribute:password
2025-12-22 19:53:39 INFO  BaseClass - Entered text :Manish@880 in element with Name attribute:password
2025-12-22 19:53:39 INFO  BaseClass - applied green color on border of element element with class attribute:oxd-button oxd-button--medium oxd-button--main orangehrm-login-button
2025-12-22 19:53:39 INFO  BaseClass - located element by element with class attribute:oxd-button oxd-button--medium oxd-button--main orangehrm-login-button is clickable
2025-12-22 19:53:39 INFO  BaseClass - applied green color on border of element element with class attribute:oxd-button oxd-button--medium oxd-button--main orangehrm-login-button
2025-12-22 19:53:40 INFO  BaseClass - clicked on :element with class attribute:oxd-button oxd-button--medium oxd-button--main orangehrm-login-button
2025-12-22 19:53:56 ERROR BaseClass - unable to describe element attribute type!!!no such element: Unable to locate element: {"method":"xpath","selector":"//label[.='Employee Name']/parent::div/following-sibling::div//input"}
  (Session info: MicrosoftEdge=143.0.3650.96)
For documentation on this error, please visit: https://www.selenium.dev/documentation/webdriver/troubleshooting/errors#nosuchelementexception
Build info: version: '4.39.0', revision: '126f156aee'
System info: os.name: 'Windows 10', os.arch: 'amd64', os.version: '10.0', java.version: '21.0.4'
Driver info: org.openqa.selenium.edge.EdgeDriver
Command: [8a716a1c23a59b33f1f4294d72deab22, findElement {using=xpath, value=//label[.='Employee Name']/parent::div/following-sibling::div//input}]
Capabilities {acceptInsecureCerts: false, browserName: MicrosoftEdge, browserVersion: 143.0.3650.96, fedcm:accounts: true, goog:processID: 23972, ms:edgeOptions: {debuggerAddress: localhost:59031}, msedge: {msedgedriverVersion: 143.0.3650.96 (d55fe85d0141..., userDataDir: C:\Users\hp\AppData\Local\T...}, networkConnectionEnabled: false, pageLoadStrategy: normal, platformName: windows, proxy: Proxy(), se:cdp: ws://localhost:59031/devtoo..., se:cdpVersion: 143.0.3650.96, setWindowRect: true, strictFileInteractability: false, timeouts: {implicit: 0, pageLoad: 300000, script: 30000}, unhandledPromptBehavior: dismiss and notify, webauthn:extension:credBlob: true, webauthn:extension:largeBlob: true, webauthn:extension:minPinLength: true, webauthn:extension:prf: true, webauthn:virtualAuthenticators: true}
Session ID: 8a716a1c23a59b33f1f4294d72deab22
2025-12-22 19:53:56 WARN  BaseClass - failed to apply color on border of element :unable to describe element attribute type!!!
2025-12-22 19:53:59 INFO  BaseClass - applied green color on border of element unable to describe element attribute type!!!
2025-12-22 19:53:59 INFO  BaseClass - element is displayed :unable to describe element attribute type!!!
2025-12-22 19:54:00 INFO  BaseClass - applied green color on border of element element with class attribute:oxd-text oxd-text--span oxd-main-menu-item--name
2025-12-22 19:54:00 INFO  BaseClass - element is displayed :element with class attribute:oxd-text oxd-text--span oxd-main-menu-item--name
2025-12-22 19:54:01 INFO  BaseClass - webdriver & ActionDriver classes instance terminated!!!
2025-12-22 19:54:03 INFO  BaseClass - webdriver & ActionDriver classes instance terminated!!!
2025-12-22 19:54:06 ERROR BaseClass - unable to enter text
2025-12-22 19:54:11 INFO  BaseClass - applied green color on border of element element with class attribute:oxd-text oxd-text--span oxd-main-menu-item--name
2025-12-22 19:54:11 INFO  BaseClass - element is displayed :element with class attribute:oxd-text oxd-text--span oxd-main-menu-item--name
2025-12-22 19:54:13 INFO  BaseClass - webdriver & ActionDriver classes instance terminated!!!
2025-12-22 19:54:16 ERROR BaseClass - unable to describe element attribute type!!!no such element: Unable to locate element: {"method":"xpath","selector":"//button[@type='submit']"}
  (Session info: MicrosoftEdge=143.0.3650.96)
For documentation on this error, please visit: https://www.selenium.dev/documentation/webdriver/troubleshooting/errors#nosuchelementexception
Build info: version: '4.39.0', revision: '126f156aee'
System info: os.name: 'Windows 10', os.arch: 'amd64', os.version: '10.0', java.version: '21.0.4'
Driver info: org.openqa.selenium.edge.EdgeDriver
Command: [8a716a1c23a59b33f1f4294d72deab22, findElement {using=xpath, value=//button[@type='submit']}]
Capabilities {acceptInsecureCerts: false, browserName: MicrosoftEdge, browserVersion: 143.0.3650.96, fedcm:accounts: true, goog:processID: 23972, ms:edgeOptions: {debuggerAddress: localhost:59031}, msedge: {msedgedriverVersion: 143.0.3650.96 (d55fe85d0141..., userDataDir: C:\Users\hp\AppData\Local\T...}, networkConnectionEnabled: false, pageLoadStrategy: normal, platformName: windows, proxy: Proxy(), se:cdp: ws://localhost:59031/devtoo..., se:cdpVersion: 143.0.3650.96, setWindowRect: true, strictFileInteractability: false, timeouts: {implicit: 0, pageLoad: 300000, script: 30000}, unhandledPromptBehavior: dismiss and notify, webauthn:extension:credBlob: true, webauthn:extension:largeBlob: true, webauthn:extension:minPinLength: true, webauthn:extension:prf: true, webauthn:virtualAuthenticators: true}
Session ID: 8a716a1c23a59b33f1f4294d72deab22
2025-12-22 19:54:47 ERROR BaseClass - element is not clickable!!!
2025-12-22 19:55:07 ERROR BaseClass - unable to describe element attribute type!!!no such element: Unable to locate element: {"method":"xpath","selector":"//button[@type='submit']"}
  (Session info: MicrosoftEdge=143.0.3650.96)
For documentation on this error, please visit: https://www.selenium.dev/documentation/webdriver/troubleshooting/errors#nosuchelementexception
Build info: version: '4.39.0', revision: '126f156aee'
System info: os.name: 'Windows 10', os.arch: 'amd64', os.version: '10.0', java.version: '21.0.4'
Driver info: org.openqa.selenium.edge.EdgeDriver
Command: [8a716a1c23a59b33f1f4294d72deab22, findElement {using=xpath, value=//button[@type='submit']}]
Capabilities {acceptInsecureCerts: false, browserName: MicrosoftEdge, browserVersion: 143.0.3650.96, fedcm:accounts: true, goog:processID: 23972, ms:edgeOptions: {debuggerAddress: localhost:59031}, msedge: {msedgedriverVersion: 143.0.3650.96 (d55fe85d0141..., userDataDir: C:\Users\hp\AppData\Local\T...}, networkConnectionEnabled: false, pageLoadStrategy: normal, platformName: windows, proxy: Proxy(), se:cdp: ws://localhost:59031/devtoo..., se:cdpVersion: 143.0.3650.96, setWindowRect: true, strictFileInteractability: false, timeouts: {implicit: 0, pageLoad: 300000, script: 30000}, unhandledPromptBehavior: dismiss and notify, webauthn:extension:credBlob: true, webauthn:extension:largeBlob: true, webauthn:extension:minPinLength: true, webauthn:extension:prf: true, webauthn:virtualAuthenticators: true}
Session ID: 8a716a1c23a59b33f1f4294d72deab22
2025-12-22 19:55:07 WARN  BaseClass - failed to apply color on border of element :unable to describe element attribute type!!!
2025-12-22 19:55:17 ERROR BaseClass - unable to click element
2025-12-22 19:55:27 INFO  BaseClass - unable to scroll to the element!!!
2025-12-22 19:55:27 INFO  BaseClass - DB connection successfull
2025-12-22 19:55:27 INFO  BaseClass - Executing query :SELECT employee_id,emp_firstname,emp_middle_name,emp_lastname FROM hs_hr_employee WHERE employee_id=0002
2025-12-22 19:55:27 INFO  BaseClass - query executed successfully
2025-12-22 19:55:27 INFO  BaseClass - able to store data from DB
2025-12-22 19:56:03 INFO  BaseClass - config.properties file is loaded!!!
2025-12-22 19:56:07 INFO  BaseClass - edgeDriver initialized!!!
2025-12-22 19:56:07 INFO  BaseClass - edgeDriver initialized!!!
2025-12-22 19:56:08 INFO  BaseClass - edgeDriver initialized!!!
2025-12-22 19:56:09 INFO  BaseClass - edgeDriver initialized!!!
2025-12-22 19:56:09 INFO  BaseClass - edgeDriver initialized!!!
2025-12-22 19:56:10 INFO  BaseClass - browser is launched and window is mazimized
2025-12-22 19:56:10 INFO  BaseClass - ActionDriver initialized!!!
2025-12-22 19:56:10 INFO  BaseClass - ActionDriver class instance is created!!!----->29
2025-12-22 19:56:10 INFO  BaseClass - browser is launched and window is mazimized
2025-12-22 19:56:10 INFO  BaseClass - ActionDriver initialized!!!
2025-12-22 19:56:10 INFO  BaseClass - ActionDriver class instance is created!!!----->30
2025-12-22 19:56:11 INFO  BaseClass - browser is launched and window is mazimized
2025-12-22 19:56:11 INFO  BaseClass - ActionDriver initialized!!!
2025-12-22 19:56:11 INFO  BaseClass - ActionDriver class instance is created!!!----->33
2025-12-22 19:56:11 INFO  BaseClass - browser is launched and window is mazimized
2025-12-22 19:56:11 INFO  BaseClass - ActionDriver initialized!!!
2025-12-22 19:56:11 INFO  BaseClass - ActionDriver class instance is created!!!----->31
2025-12-22 19:56:12 INFO  BaseClass - browser is launched and window is mazimized
2025-12-22 19:56:12 INFO  BaseClass - ActionDriver initialized!!!
2025-12-22 19:56:12 INFO  BaseClass - ActionDriver class instance is created!!!----->32
2025-12-22 19:56:13 INFO  BaseClass - applied green color on border of element element with Name attribute:username
2025-12-22 19:56:13 INFO  BaseClass - applied green color on border of element element with Name attribute:username
2025-12-22 19:56:13 INFO  BaseClass - element with Name attribute:username is visible
2025-12-22 19:56:13 INFO  BaseClass - element with Name attribute:username is visible
2025-12-22 19:56:13 INFO  BaseClass - applied green color on border of element element with Name attribute:username
2025-12-22 19:56:13 INFO  BaseClass - applied green color on border of element element with Name attribute:username
2025-12-22 19:56:13 INFO  BaseClass - applied green color on border of element element with Name attribute:username
2025-12-22 19:56:13 INFO  BaseClass - element with Name attribute:username is visible
2025-12-22 19:56:13 INFO  BaseClass - Entered text :admin in element with Name attribute:username
2025-12-22 19:56:13 INFO  BaseClass - Entered text :admin in element with Name attribute:username
2025-12-22 19:56:14 INFO  BaseClass - applied green color on border of element element with Name attribute:username
2025-12-22 19:56:14 INFO  BaseClass - applied green color on border of element element with Name attribute:password
2025-12-22 19:56:14 INFO  BaseClass - applied green color on border of element element with Name attribute:password
2025-12-22 19:56:14 INFO  BaseClass - element with Name attribute:password is visible
2025-12-22 19:56:14 INFO  BaseClass - element with Name attribute:password is visible
2025-12-22 19:56:14 INFO  BaseClass - Entered text :Admin in element with Name attribute:username
2025-12-22 19:56:14 INFO  BaseClass - applied green color on border of element element with Name attribute:password
2025-12-22 19:56:14 INFO  BaseClass - applied green color on border of element element with Name attribute:password
2025-12-22 19:56:14 INFO  BaseClass - applied green color on border of element element with Name attribute:password
2025-12-22 19:56:14 INFO  BaseClass - element with Name attribute:password is visible
2025-12-22 19:56:14 INFO  BaseClass - Entered text :Manish@880 in element with Name attribute:password
2025-12-22 19:56:14 INFO  BaseClass - Entered text :Manish@880 in element with Name attribute:password
2025-12-22 19:56:14 INFO  BaseClass - applied green color on border of element element with Name attribute:password
2025-12-22 19:56:15 INFO  BaseClass - page loaded successfully
2025-12-22 19:56:15 INFO  BaseClass - page loaded successfully
2025-12-22 19:56:15 INFO  BaseClass - Entered text :xxxxx in element with Name attribute:password
2025-12-22 19:56:15 INFO  BaseClass - applied green color on border of element element with class attribute:oxd-button oxd-button--medium oxd-button--main orangehrm-login-button
2025-12-22 19:56:15 INFO  BaseClass - applied green color on border of element element with class attribute:oxd-button oxd-button--medium oxd-button--main orangehrm-login-button
2025-12-22 19:56:15 INFO  BaseClass - located element by element with class attribute:oxd-button oxd-button--medium oxd-button--main orangehrm-login-button is clickable
2025-12-22 19:56:15 INFO  BaseClass - located element by element with class attribute:oxd-button oxd-button--medium oxd-button--main orangehrm-login-button is clickable
2025-12-22 19:56:15 INFO  BaseClass - page loaded successfully
2025-12-22 19:56:15 INFO  BaseClass - applied green color on border of element element with class attribute:oxd-button oxd-button--medium oxd-button--main orangehrm-login-button
2025-12-22 19:56:15 INFO  BaseClass - applied green color on border of element element with class attribute:oxd-button oxd-button--medium oxd-button--main orangehrm-login-button
2025-12-22 19:56:15 INFO  BaseClass - applied green color on border of element element with class attribute:oxd-button oxd-button--medium oxd-button--main orangehrm-login-button
2025-12-22 19:56:15 INFO  BaseClass - located element by element with class attribute:oxd-button oxd-button--medium oxd-button--main orangehrm-login-button is clickable
2025-12-22 19:56:15 INFO  BaseClass - clicked on :element with class attribute:oxd-button oxd-button--medium oxd-button--main orangehrm-login-button
2025-12-22 19:56:15 INFO  BaseClass - applied green color on border of element element with class attribute:oxd-button oxd-button--medium oxd-button--main orangehrm-login-button
2025-12-22 19:56:17 INFO  BaseClass - clicked on :element with class attribute:oxd-button oxd-button--medium oxd-button--main orangehrm-login-button
2025-12-22 19:56:17 INFO  BaseClass - clicked on :element with class attribute:oxd-button oxd-button--medium oxd-button--main orangehrm-login-button
2025-12-22 19:56:19 INFO  BaseClass - applied green color on border of element element with class attribute:oxd-text oxd-text--p oxd-alert-content-text
2025-12-22 19:56:19 INFO  BaseClass - element with class attribute:oxd-text oxd-text--p oxd-alert-content-text is visible
2025-12-22 19:56:19 INFO  BaseClass - applied green color on border of element element with class attribute:oxd-text oxd-text--p oxd-alert-content-text
2025-12-22 19:56:19 INFO  BaseClass - Text are equals :Invalid credentialsequals to Invalid credentials
2025-12-22 19:56:20 INFO  BaseClass - webdriver & ActionDriver classes instance terminated!!!
2025-12-22 19:56:20 INFO  BaseClass - webdriver & ActionDriver classes instance terminated!!!
2025-12-22 19:56:22 INFO  BaseClass - edgeDriver initialized!!!
2025-12-22 19:56:23 INFO  BaseClass - browser is launched and window is mazimized
2025-12-22 19:56:23 INFO  BaseClass - ActionDriver initialized!!!
2025-12-22 19:56:23 INFO  BaseClass - ActionDriver class instance is created!!!----->30
2025-12-22 19:56:23 INFO  BaseClass - starting verifyEmployeeFromDB()
2025-12-22 19:56:24 INFO  BaseClass - webdriver & ActionDriver classes instance terminated!!!
2025-12-22 19:56:25 INFO  BaseClass - applied green color on border of element element with Name attribute:username
2025-12-22 19:56:25 INFO  BaseClass - element with Name attribute:username is visible
2025-12-22 19:56:25 INFO  BaseClass - applied green color on border of element element with Name attribute:username
2025-12-22 19:56:26 INFO  BaseClass - edgeDriver initialized!!!
2025-12-22 19:56:26 INFO  BaseClass - Entered text :admin in element with Name attribute:username
2025-12-22 19:56:26 INFO  BaseClass - applied green color on border of element unable to describe element attribute type!!!
2025-12-22 19:56:26 INFO  BaseClass - element is displayed :unable to describe element attribute type!!!
2025-12-22 19:56:27 INFO  BaseClass - applied green color on border of element element with Name attribute:password
2025-12-22 19:56:27 INFO  BaseClass - element with Name attribute:password is visible
2025-12-22 19:56:27 INFO  BaseClass - browser is launched and window is mazimized
2025-12-22 19:56:27 INFO  BaseClass - ActionDriver initialized!!!
2025-12-22 19:56:27 INFO  BaseClass - ActionDriver class instance is created!!!----->32
2025-12-22 19:56:27 INFO  BaseClass - applied green color on border of element element with Name attribute:password
2025-12-22 19:56:27 INFO  BaseClass - Entered text :Manish@880 in element with Name attribute:password
2025-12-22 19:56:28 INFO  BaseClass - page loaded successfully
2025-12-22 19:56:28 INFO  BaseClass - applied green color on border of element element with class attribute:oxd-text oxd-text--span oxd-main-menu-item--name
2025-12-22 19:56:28 INFO  BaseClass - applied green color on border of element element with Name attribute:username
2025-12-22 19:56:28 INFO  BaseClass - element is displayed :element with class attribute:oxd-text oxd-text--span oxd-main-menu-item--name
2025-12-22 19:56:28 INFO  BaseClass - element with Name attribute:username is visible
2025-12-22 19:56:28 INFO  BaseClass - applied green color on border of element element with class attribute:oxd-button oxd-button--medium oxd-button--main orangehrm-login-button
2025-12-22 19:56:28 INFO  BaseClass - located element by element with class attribute:oxd-button oxd-button--medium oxd-button--main orangehrm-login-button is clickable
2025-12-22 19:56:28 INFO  BaseClass - applied green color on border of element element with Name attribute:username
2025-12-22 19:56:28 INFO  BaseClass - applied green color on border of element element with class attribute:oxd-button oxd-button--medium oxd-button--main orangehrm-login-button
2025-12-22 19:56:28 INFO  BaseClass - Entered text :admin in element with Name attribute:username
2025-12-22 19:56:29 INFO  BaseClass - applied green color on border of element element with Name attribute:password
2025-12-22 19:56:29 INFO  BaseClass - element with Name attribute:password is visible
2025-12-22 19:56:29 INFO  BaseClass - applied green color on border of element element with Name attribute:password
2025-12-22 19:56:29 INFO  BaseClass - Entered text :Manish@880 in element with Name attribute:password
2025-12-22 19:56:29 INFO  BaseClass - page loaded successfully
2025-12-22 19:56:29 INFO  BaseClass - applied green color on border of element element with class attribute:oxd-button oxd-button--medium oxd-button--main orangehrm-login-button
2025-12-22 19:56:29 INFO  BaseClass - located element by element with class attribute:oxd-button oxd-button--medium oxd-button--main orangehrm-login-button is clickable
2025-12-22 19:56:30 INFO  BaseClass - applied green color on border of element element with class attribute:oxd-button oxd-button--medium oxd-button--main orangehrm-login-button
2025-12-22 19:56:30 INFO  BaseClass - clicked on :element with class attribute:oxd-button oxd-button--medium oxd-button--main orangehrm-login-button
2025-12-22 19:56:31 INFO  BaseClass - page loaded successfully
2025-12-22 19:56:32 INFO  BaseClass - clicked on :element with class attribute:oxd-button oxd-button--medium oxd-button--main orangehrm-login-button
2025-12-22 19:56:33 INFO  BaseClass - webdriver & ActionDriver classes instance terminated!!!
2025-12-22 19:56:34 INFO  BaseClass - edgeDriver initialized!!!
2025-12-22 19:56:35 INFO  BaseClass - webdriver & ActionDriver classes instance terminated!!!
2025-12-22 19:56:36 INFO  BaseClass - browser is launched and window is mazimized
2025-12-22 19:56:36 INFO  BaseClass - ActionDriver initialized!!!
2025-12-22 19:56:36 INFO  BaseClass - ActionDriver class instance is created!!!----->31
2025-12-22 19:56:37 INFO  BaseClass - edgeDriver initialized!!!
2025-12-22 19:56:37 INFO  BaseClass - applied green color on border of element element with Name attribute:username
2025-12-22 19:56:37 INFO  BaseClass - element with Name attribute:username is visible
2025-12-22 19:56:38 INFO  BaseClass - applied green color on border of element element with Name attribute:username
2025-12-22 19:56:38 INFO  BaseClass - browser is launched and window is mazimized
2025-12-22 19:56:38 INFO  BaseClass - ActionDriver initialized!!!
2025-12-22 19:56:38 INFO  BaseClass - ActionDriver class instance is created!!!----->33
2025-12-22 19:56:38 INFO  BaseClass - Entered text :admin in element with Name attribute:username
2025-12-22 19:56:39 INFO  BaseClass - applied green color on border of element element with Name attribute:password
2025-12-22 19:56:39 INFO  BaseClass - element with Name attribute:password is visible
2025-12-22 19:56:39 INFO  BaseClass - applied green color on border of element element with Name attribute:username
2025-12-22 19:56:39 INFO  BaseClass - element with Name attribute:username is visible
2025-12-22 19:56:39 INFO  BaseClass - applied green color on border of element element with Name attribute:password
2025-12-22 19:56:39 INFO  BaseClass - applied green color on border of element element with Name attribute:username
2025-12-22 19:56:39 INFO  BaseClass - Entered text :Manish@880 in element with Name attribute:password
2025-12-22 19:56:39 INFO  BaseClass - Entered text :admin in element with Name attribute:username
2025-12-22 19:56:39 INFO  BaseClass - page loaded successfully
2025-12-22 19:56:39 INFO  BaseClass - applied green color on border of element element with Name attribute:password
2025-12-22 19:56:39 INFO  BaseClass - applied green color on border of element element with class attribute:oxd-button oxd-button--medium oxd-button--main orangehrm-login-button
2025-12-22 19:56:39 INFO  BaseClass - element with Name attribute:password is visible
2025-12-22 19:56:39 INFO  BaseClass - located element by element with class attribute:oxd-button oxd-button--medium oxd-button--main orangehrm-login-button is clickable
2025-12-22 19:56:40 INFO  BaseClass - applied green color on border of element element with Name attribute:password
2025-12-22 19:56:40 INFO  BaseClass - applied green color on border of element element with class attribute:oxd-button oxd-button--medium oxd-button--main orangehrm-login-button
2025-12-22 19:56:40 INFO  BaseClass - Entered text :Manish@880 in element with Name attribute:password
2025-12-22 19:56:40 INFO  BaseClass - page loaded successfully
2025-12-22 19:56:40 INFO  BaseClass - applied green color on border of element element with class attribute:oxd-button oxd-button--medium oxd-button--main orangehrm-login-button
2025-12-22 19:56:40 INFO  BaseClass - located element by element with class attribute:oxd-button oxd-button--medium oxd-button--main orangehrm-login-button is clickable
2025-12-22 19:56:40 INFO  BaseClass - applied green color on border of element element with class attribute:oxd-button oxd-button--medium oxd-button--main orangehrm-login-button
2025-12-22 19:56:41 INFO  BaseClass - clicked on :element with class attribute:oxd-button oxd-button--medium oxd-button--main orangehrm-login-button
2025-12-22 19:56:41 ERROR BaseClass - element is not clickable!!!
2025-12-22 19:56:42 INFO  BaseClass - applied green color on border of element element with class attribute:oxd-text oxd-text--span oxd-main-menu-item--name
2025-12-22 19:56:42 INFO  BaseClass - clicked on :element with class attribute:oxd-button oxd-button--medium oxd-button--main orangehrm-login-button
2025-12-22 19:56:42 INFO  BaseClass - applied green color on border of element element with class attribute:oxd-text oxd-text--span oxd-main-menu-item--name
2025-12-22 19:56:43 INFO  BaseClass - element is displayed :element with class attribute:oxd-text oxd-text--span oxd-main-menu-item--name
2025-12-22 19:56:46 INFO  BaseClass - webdriver & ActionDriver classes instance terminated!!!
2025-12-22 19:56:47 INFO  BaseClass - edgeDriver initialized!!!
2025-12-22 19:56:48 INFO  BaseClass - browser is launched and window is mazimized
2025-12-22 19:56:48 INFO  BaseClass - ActionDriver initialized!!!
2025-12-22 19:56:48 INFO  BaseClass - ActionDriver class instance is created!!!----->32
2025-12-22 19:56:48 INFO  BaseClass - applied green color on border of element element with Name attribute:username
2025-12-22 19:56:48 INFO  BaseClass - element with Name attribute:username is visible
2025-12-22 19:56:49 INFO  BaseClass - applied green color on border of element element with Name attribute:username
2025-12-22 19:56:49 INFO  BaseClass - Entered text :admin in element with Name attribute:username
2025-12-22 19:56:49 INFO  BaseClass - applied green color on border of element element with Name attribute:password
2025-12-22 19:56:49 INFO  BaseClass - element with Name attribute:password is visible
2025-12-22 19:56:49 INFO  BaseClass - applied green color on border of element element with Name attribute:password
2025-12-22 19:56:49 INFO  BaseClass - Entered text :Manish@880 in element with Name attribute:password
2025-12-22 19:56:49 INFO  BaseClass - page loaded successfully
2025-12-22 19:56:49 INFO  BaseClass - applied green color on border of element element with class attribute:oxd-button oxd-button--medium oxd-button--main orangehrm-login-button
2025-12-22 19:56:49 INFO  BaseClass - located element by element with class attribute:oxd-button oxd-button--medium oxd-button--main orangehrm-login-button is clickable
2025-12-22 19:56:50 INFO  BaseClass - applied green color on border of element element with class attribute:oxd-button oxd-button--medium oxd-button--main orangehrm-login-button
2025-12-22 19:56:51 INFO  BaseClass - clicked on :element with class attribute:oxd-button oxd-button--medium oxd-button--main orangehrm-login-button
2025-12-22 19:56:52 INFO  BaseClass - applied green color on border of element unable to describe element attribute type!!!
2025-12-22 19:56:52 INFO  BaseClass - element is displayed :unable to describe element attribute type!!!
2025-12-22 19:56:52 ERROR BaseClass - unable to click element
2025-12-22 19:56:52 INFO  BaseClass - clicked on PIM Tab
2025-12-22 19:56:53 INFO  BaseClass - applied green color on border of element element with class attribute:oxd-text oxd-text--span oxd-main-menu-item--name
2025-12-22 19:56:53 INFO  BaseClass - element is displayed :element with class attribute:oxd-text oxd-text--span oxd-main-menu-item--name
2025-12-22 19:56:54 INFO  BaseClass - webdriver & ActionDriver classes instance terminated!!!
2025-12-22 19:56:55 INFO  BaseClass - edgeDriver initialized!!!
2025-12-22 19:56:56 INFO  BaseClass - browser is launched and window is mazimized
2025-12-22 19:56:56 INFO  BaseClass - ActionDriver initialized!!!
2025-12-22 19:56:56 INFO  BaseClass - ActionDriver class instance is created!!!----->31
2025-12-22 19:56:56 INFO  BaseClass - webdriver & ActionDriver classes instance terminated!!!
2025-12-22 19:56:57 INFO  BaseClass - edgeDriver initialized!!!
2025-12-22 19:56:57 INFO  BaseClass - applied green color on border of element element with Name attribute:username
2025-12-22 19:56:57 INFO  BaseClass - element with Name attribute:username is visible
2025-12-22 19:56:58 INFO  BaseClass - applied green color on border of element element with Name attribute:username
2025-12-22 19:56:58 INFO  BaseClass - Entered text :admin in element with Name attribute:username
2025-12-22 19:56:58 INFO  BaseClass - applied green color on border of element element with Name attribute:password
2025-12-22 19:56:58 INFO  BaseClass - browser is launched and window is mazimized
2025-12-22 19:56:58 INFO  BaseClass - ActionDriver initialized!!!
2025-12-22 19:56:58 INFO  BaseClass - ActionDriver class instance is created!!!----->33
2025-12-22 19:56:58 INFO  BaseClass - element with Name attribute:password is visible
2025-12-22 19:56:59 INFO  BaseClass - applied green color on border of element element with Name attribute:password
2025-12-22 19:56:59 INFO  BaseClass - applied green color on border of element element with Name attribute:username
2025-12-22 19:56:59 INFO  BaseClass - element with Name attribute:username is visible
2025-12-22 19:56:59 INFO  BaseClass - Entered text :Manish@880 in element with Name attribute:password
2025-12-22 19:56:59 INFO  BaseClass - page loaded successfully
2025-12-22 19:56:59 INFO  BaseClass - applied green color on border of element element with Name attribute:username
2025-12-22 19:56:59 INFO  BaseClass - applied green color on border of element element with class attribute:oxd-button oxd-button--medium oxd-button--main orangehrm-login-button
2025-12-22 19:56:59 INFO  BaseClass - located element by element with class attribute:oxd-button oxd-button--medium oxd-button--main orangehrm-login-button is clickable
2025-12-22 19:56:59 INFO  BaseClass - Entered text :admin in element with Name attribute:username
2025-12-22 19:56:59 INFO  BaseClass - applied green color on border of element element with class attribute:oxd-button oxd-button--medium oxd-button--main orangehrm-login-button
2025-12-22 19:56:59 INFO  BaseClass - applied green color on border of element element with Name attribute:password
2025-12-22 19:56:59 INFO  BaseClass - element with Name attribute:password is visible
2025-12-22 19:57:00 INFO  BaseClass - applied green color on border of element element with Name attribute:password
2025-12-22 19:57:00 INFO  BaseClass - Entered text :Manish@880 in element with Name attribute:password
2025-12-22 19:57:00 INFO  BaseClass - page loaded successfully
2025-12-22 19:57:00 INFO  BaseClass - applied green color on border of element element with class attribute:oxd-button oxd-button--medium oxd-button--main orangehrm-login-button
2025-12-22 19:57:00 INFO  BaseClass - located element by element with class attribute:oxd-button oxd-button--medium oxd-button--main orangehrm-login-button is clickable
2025-12-22 19:57:00 INFO  BaseClass - applied green color on border of element element with class attribute:oxd-button oxd-button--medium oxd-button--main orangehrm-login-button
2025-12-22 19:57:01 INFO  BaseClass - clicked on :element with class attribute:oxd-button oxd-button--medium oxd-button--main orangehrm-login-button
2025-12-22 19:57:02 INFO  BaseClass - applied green color on border of element element with class attribute:oxd-text oxd-text--span oxd-main-menu-item--name
2025-12-22 19:57:02 INFO  BaseClass - element is displayed :element with class attribute:oxd-text oxd-text--span oxd-main-menu-item--name
2025-12-22 19:57:02 INFO  BaseClass - clicked on :element with class attribute:oxd-button oxd-button--medium oxd-button--main orangehrm-login-button
2025-12-22 19:57:04 INFO  BaseClass - webdriver & ActionDriver classes instance terminated!!!
2025-12-22 19:57:05 INFO  BaseClass - edgeDriver initialized!!!
2025-12-22 19:57:06 INFO  BaseClass - browser is launched and window is mazimized
2025-12-22 19:57:06 INFO  BaseClass - ActionDriver initialized!!!
2025-12-22 19:57:06 INFO  BaseClass - ActionDriver class instance is created!!!----->32
2025-12-22 19:57:07 INFO  BaseClass - applied green color on border of element element with Name attribute:username
2025-12-22 19:57:07 INFO  BaseClass - element with Name attribute:username is visible
2025-12-22 19:57:07 INFO  BaseClass - applied green color on border of element element with Name attribute:username
2025-12-22 19:57:07 INFO  BaseClass - Entered text :admin in element with Name attribute:username
2025-12-22 19:57:08 INFO  BaseClass - applied green color on border of element element with Name attribute:password
2025-12-22 19:57:08 INFO  BaseClass - element with Name attribute:password is visible
2025-12-22 19:57:08 INFO  BaseClass - applied green color on border of element element with Name attribute:password
2025-12-22 19:57:08 INFO  BaseClass - Entered text :Manish@880 in element with Name attribute:password
2025-12-22 19:57:08 INFO  BaseClass - page loaded successfully
2025-12-22 19:57:08 INFO  BaseClass - applied green color on border of element element with class attribute:oxd-button oxd-button--medium oxd-button--main orangehrm-login-button
2025-12-22 19:57:08 INFO  BaseClass - located element by element with class attribute:oxd-button oxd-button--medium oxd-button--main orangehrm-login-button is clickable
2025-12-22 19:57:08 INFO  BaseClass - applied green color on border of element element with class attribute:oxd-button oxd-button--medium oxd-button--main orangehrm-login-button
2025-12-22 19:57:10 INFO  BaseClass - clicked on :element with class attribute:oxd-button oxd-button--medium oxd-button--main orangehrm-login-button
2025-12-22 19:57:11 INFO  BaseClass - applied green color on border of element unable to describe element attribute type!!!
2025-12-22 19:57:11 INFO  BaseClass - element is displayed :unable to describe element attribute type!!!
2025-12-22 19:57:13 INFO  BaseClass - applied green color on border of element element with class attribute:oxd-text oxd-text--span oxd-main-menu-item--name
2025-12-22 19:57:13 INFO  BaseClass - element is displayed :element with class attribute:oxd-text oxd-text--span oxd-main-menu-item--name
2025-12-22 19:57:13 INFO  BaseClass - webdriver & ActionDriver classes instance terminated!!!
2025-12-22 19:57:15 INFO  BaseClass - webdriver & ActionDriver classes instance terminated!!!
2025-12-22 19:57:20 INFO  BaseClass - applied green color on border of element element with class attribute:oxd-text oxd-text--span oxd-main-menu-item--name
2025-12-22 19:57:20 INFO  BaseClass - element is displayed :element with class attribute:oxd-text oxd-text--span oxd-main-menu-item--name
2025-12-22 19:57:23 INFO  BaseClass - webdriver & ActionDriver classes instance terminated!!!
2025-12-22 19:57:23 ERROR BaseClass - unable to describe element attribute type!!!no such element: Unable to locate element: {"method":"xpath","selector":"//label[.='Employee Name']/parent::div/following-sibling::div//input"}
  (Session info: MicrosoftEdge=143.0.3650.96)
For documentation on this error, please visit: https://www.selenium.dev/documentation/webdriver/troubleshooting/errors#nosuchelementexception
Build info: version: '4.39.0', revision: '126f156aee'
System info: os.name: 'Windows 10', os.arch: 'amd64', os.version: '10.0', java.version: '21.0.4'
Driver info: org.openqa.selenium.edge.EdgeDriver
Command: [39b37cdaab94d123e09870e64dafdd5e, findElement {value=//label[.='Employee Name']/parent::div/following-sibling::div//input, using=xpath}]
Capabilities {acceptInsecureCerts: false, browserName: MicrosoftEdge, browserVersion: 143.0.3650.96, fedcm:accounts: true, goog:processID: 25276, ms:edgeOptions: {debuggerAddress: localhost:59866}, msedge: {msedgedriverVersion: 143.0.3650.96 (d55fe85d0141..., userDataDir: C:\Users\hp\AppData\Local\T...}, networkConnectionEnabled: false, pageLoadStrategy: normal, platformName: windows, proxy: Proxy(), se:cdp: ws://localhost:59866/devtoo..., se:cdpVersion: 143.0.3650.96, setWindowRect: true, strictFileInteractability: false, timeouts: {implicit: 0, pageLoad: 300000, script: 30000}, unhandledPromptBehavior: dismiss and notify, webauthn:extension:credBlob: true, webauthn:extension:largeBlob: true, webauthn:extension:minPinLength: true, webauthn:extension:prf: true, webauthn:virtualAuthenticators: true}
Session ID: 39b37cdaab94d123e09870e64dafdd5e
2025-12-22 19:57:23 WARN  BaseClass - failed to apply color on border of element :unable to describe element attribute type!!!
2025-12-22 19:57:33 ERROR BaseClass - unable to enter text
2025-12-22 19:57:43 ERROR BaseClass - unable to describe element attribute type!!!no such element: Unable to locate element: {"method":"xpath","selector":"//button[@type='submit']"}
  (Session info: MicrosoftEdge=143.0.3650.96)
For documentation on this error, please visit: https://www.selenium.dev/documentation/webdriver/troubleshooting/errors#nosuchelementexception
Build info: version: '4.39.0', revision: '126f156aee'
System info: os.name: 'Windows 10', os.arch: 'amd64', os.version: '10.0', java.version: '21.0.4'
Driver info: org.openqa.selenium.edge.EdgeDriver
Command: [39b37cdaab94d123e09870e64dafdd5e, findElement {value=//button[@type='submit'], using=xpath}]
Capabilities {acceptInsecureCerts: false, browserName: MicrosoftEdge, browserVersion: 143.0.3650.96, fedcm:accounts: true, goog:processID: 25276, ms:edgeOptions: {debuggerAddress: localhost:59866}, msedge: {msedgedriverVersion: 143.0.3650.96 (d55fe85d0141..., userDataDir: C:\Users\hp\AppData\Local\T...}, networkConnectionEnabled: false, pageLoadStrategy: normal, platformName: windows, proxy: Proxy(), se:cdp: ws://localhost:59866/devtoo..., se:cdpVersion: 143.0.3650.96, setWindowRect: true, strictFileInteractability: false, timeouts: {implicit: 0, pageLoad: 300000, script: 30000}, unhandledPromptBehavior: dismiss and notify, webauthn:extension:credBlob: true, webauthn:extension:largeBlob: true, webauthn:extension:minPinLength: true, webauthn:extension:prf: true, webauthn:virtualAuthenticators: true}
Session ID: 39b37cdaab94d123e09870e64dafdd5e
2025-12-22 19:57:43 INFO  BaseClass - page loaded successfully
2025-12-22 19:57:53 ERROR BaseClass - element is not clickable!!!
2025-12-22 19:58:13 ERROR BaseClass - unable to describe element attribute type!!!no such element: Unable to locate element: {"method":"xpath","selector":"//button[@type='submit']"}
  (Session info: MicrosoftEdge=143.0.3650.96)
For documentation on this error, please visit: https://www.selenium.dev/documentation/webdriver/troubleshooting/errors#nosuchelementexception
Build info: version: '4.39.0', revision: '126f156aee'
System info: os.name: 'Windows 10', os.arch: 'amd64', os.version: '10.0', java.version: '21.0.4'
Driver info: org.openqa.selenium.edge.EdgeDriver
Command: [39b37cdaab94d123e09870e64dafdd5e, findElement {value=//button[@type='submit'], using=xpath}]
Capabilities {acceptInsecureCerts: false, browserName: MicrosoftEdge, browserVersion: 143.0.3650.96, fedcm:accounts: true, goog:processID: 25276, ms:edgeOptions: {debuggerAddress: localhost:59866}, msedge: {msedgedriverVersion: 143.0.3650.96 (d55fe85d0141..., userDataDir: C:\Users\hp\AppData\Local\T...}, networkConnectionEnabled: false, pageLoadStrategy: normal, platformName: windows, proxy: Proxy(), se:cdp: ws://localhost:59866/devtoo..., se:cdpVersion: 143.0.3650.96, setWindowRect: true, strictFileInteractability: false, timeouts: {implicit: 0, pageLoad: 300000, script: 30000}, unhandledPromptBehavior: dismiss and notify, webauthn:extension:credBlob: true, webauthn:extension:largeBlob: true, webauthn:extension:minPinLength: true, webauthn:extension:prf: true, webauthn:virtualAuthenticators: true}
Session ID: 39b37cdaab94d123e09870e64dafdd5e
2025-12-22 19:58:13 WARN  BaseClass - failed to apply color on border of element :unable to describe element attribute type!!!
2025-12-22 19:58:23 ERROR BaseClass - unable to click element
2025-12-22 19:58:33 INFO  BaseClass - unable to scroll to the element!!!
2025-12-22 19:58:33 INFO  BaseClass - DB connection successfull
2025-12-22 19:58:33 INFO  BaseClass - Executing query :SELECT employee_id,emp_firstname,emp_middle_name,emp_lastname FROM hs_hr_employee WHERE employee_id=0002
2025-12-22 19:58:33 INFO  BaseClass - query executed successfully
2025-12-22 19:58:33 INFO  BaseClass - able to store data from DB
2025-12-22 19:58:54 ERROR BaseClass - unable to compare texts
2025-12-22 19:59:14 ERROR BaseClass - unable to compare texts
2025-12-22 19:59:16 INFO  BaseClass - webdriver & ActionDriver classes instance terminated!!!
2025-12-22 19:59:17 INFO  BaseClass - edgeDriver initialized!!!
2025-12-22 19:59:18 INFO  BaseClass - browser is launched and window is mazimized
2025-12-22 19:59:18 INFO  BaseClass - ActionDriver initialized!!!
2025-12-22 19:59:18 INFO  BaseClass - ActionDriver class instance is created!!!----->30
2025-12-22 19:59:18 INFO  BaseClass - starting verifyEmployeeFromDB()
2025-12-22 19:59:18 INFO  BaseClass - applied green color on border of element element with Name attribute:username
2025-12-22 19:59:18 INFO  BaseClass - element with Name attribute:username is visible
2025-12-22 19:59:18 INFO  BaseClass - applied green color on border of element element with Name attribute:username
2025-12-22 19:59:19 INFO  BaseClass - Entered text :admin in element with Name attribute:username
2025-12-22 19:59:19 INFO  BaseClass - applied green color on border of element element with Name attribute:password
2025-12-22 19:59:19 INFO  BaseClass - element with Name attribute:password is visible
2025-12-22 19:59:19 INFO  BaseClass - applied green color on border of element element with Name attribute:password
2025-12-22 19:59:19 INFO  BaseClass - Entered text :Manish@880 in element with Name attribute:password
2025-12-22 19:59:19 INFO  BaseClass - page loaded successfully
2025-12-22 19:59:19 INFO  BaseClass - applied green color on border of element element with class attribute:oxd-button oxd-button--medium oxd-button--main orangehrm-login-button
2025-12-22 19:59:19 INFO  BaseClass - located element by element with class attribute:oxd-button oxd-button--medium oxd-button--main orangehrm-login-button is clickable
2025-12-22 19:59:20 INFO  BaseClass - applied green color on border of element element with class attribute:oxd-button oxd-button--medium oxd-button--main orangehrm-login-button
2025-12-22 19:59:21 INFO  BaseClass - clicked on :element with class attribute:oxd-button oxd-button--medium oxd-button--main orangehrm-login-button
2025-12-22 19:59:22 INFO  BaseClass - page loaded successfully
2025-12-22 19:59:32 ERROR BaseClass - element is not clickable!!!
2025-12-22 19:59:32 INFO  BaseClass - applied green color on border of element element with class attribute:oxd-text oxd-text--span oxd-main-menu-item--name
2025-12-22 19:59:42 ERROR BaseClass - unable to click element
2025-12-22 19:59:42 INFO  BaseClass - clicked on PIM Tab
2025-12-22 20:00:12 ERROR BaseClass - unable to describe element attribute type!!!no such element: Unable to locate element: {"method":"xpath","selector":"//label[.='Employee Name']/parent::div/following-sibling::div//input"}
  (Session info: MicrosoftEdge=143.0.3650.96)
For documentation on this error, please visit: https://www.selenium.dev/documentation/webdriver/troubleshooting/errors#nosuchelementexception
Build info: version: '4.39.0', revision: '126f156aee'
System info: os.name: 'Windows 10', os.arch: 'amd64', os.version: '10.0', java.version: '21.0.4'
Driver info: org.openqa.selenium.edge.EdgeDriver
Command: [00c943c0ce725066507c355f56a693ea, findElement {value=//label[.='Employee Name']/parent::div/following-sibling::div//input, using=xpath}]
Capabilities {acceptInsecureCerts: false, browserName: MicrosoftEdge, browserVersion: 143.0.3650.96, fedcm:accounts: true, goog:processID: 15920, ms:edgeOptions: {debuggerAddress: localhost:60386}, msedge: {msedgedriverVersion: 143.0.3650.96 (d55fe85d0141..., userDataDir: C:\Users\hp\AppData\Local\T...}, networkConnectionEnabled: false, pageLoadStrategy: normal, platformName: windows, proxy: Proxy(), se:cdp: ws://localhost:60386/devtoo..., se:cdpVersion: 143.0.3650.96, setWindowRect: true, strictFileInteractability: false, timeouts: {implicit: 0, pageLoad: 300000, script: 30000}, unhandledPromptBehavior: dismiss and notify, webauthn:extension:credBlob: true, webauthn:extension:largeBlob: true, webauthn:extension:minPinLength: true, webauthn:extension:prf: true, webauthn:virtualAuthenticators: true}
Session ID: 00c943c0ce725066507c355f56a693ea
2025-12-22 20:00:12 WARN  BaseClass - failed to apply color on border of element :unable to describe element attribute type!!!
2025-12-22 20:00:22 ERROR BaseClass - unable to enter text
2025-12-22 20:00:32 ERROR BaseClass - unable to describe element attribute type!!!no such element: Unable to locate element: {"method":"xpath","selector":"//button[@type='submit']"}
  (Session info: MicrosoftEdge=143.0.3650.96)
For documentation on this error, please visit: https://www.selenium.dev/documentation/webdriver/troubleshooting/errors#nosuchelementexception
Build info: version: '4.39.0', revision: '126f156aee'
System info: os.name: 'Windows 10', os.arch: 'amd64', os.version: '10.0', java.version: '21.0.4'
Driver info: org.openqa.selenium.edge.EdgeDriver
Command: [00c943c0ce725066507c355f56a693ea, findElement {value=//button[@type='submit'], using=xpath}]
Capabilities {acceptInsecureCerts: false, browserName: MicrosoftEdge, browserVersion: 143.0.3650.96, fedcm:accounts: true, goog:processID: 15920, ms:edgeOptions: {debuggerAddress: localhost:60386}, msedge: {msedgedriverVersion: 143.0.3650.96 (d55fe85d0141..., userDataDir: C:\Users\hp\AppData\Local\T...}, networkConnectionEnabled: false, pageLoadStrategy: normal, platformName: windows, proxy: Proxy(), se:cdp: ws://localhost:60386/devtoo..., se:cdpVersion: 143.0.3650.96, setWindowRect: true, strictFileInteractability: false, timeouts: {implicit: 0, pageLoad: 300000, script: 30000}, unhandledPromptBehavior: dismiss and notify, webauthn:extension:credBlob: true, webauthn:extension:largeBlob: true, webauthn:extension:minPinLength: true, webauthn:extension:prf: true, webauthn:virtualAuthenticators: true}
Session ID: 00c943c0ce725066507c355f56a693ea
2025-12-22 20:00:32 INFO  BaseClass - page loaded successfully
2025-12-22 20:00:42 ERROR BaseClass - element is not clickable!!!
2025-12-22 20:01:02 ERROR BaseClass - unable to describe element attribute type!!!no such element: Unable to locate element: {"method":"xpath","selector":"//button[@type='submit']"}
  (Session info: MicrosoftEdge=143.0.3650.96)
For documentation on this error, please visit: https://www.selenium.dev/documentation/webdriver/troubleshooting/errors#nosuchelementexception
Build info: version: '4.39.0', revision: '126f156aee'
System info: os.name: 'Windows 10', os.arch: 'amd64', os.version: '10.0', java.version: '21.0.4'
Driver info: org.openqa.selenium.edge.EdgeDriver
Command: [00c943c0ce725066507c355f56a693ea, findElement {value=//button[@type='submit'], using=xpath}]
Capabilities {acceptInsecureCerts: false, browserName: MicrosoftEdge, browserVersion: 143.0.3650.96, fedcm:accounts: true, goog:processID: 15920, ms:edgeOptions: {debuggerAddress: localhost:60386}, msedge: {msedgedriverVersion: 143.0.3650.96 (d55fe85d0141..., userDataDir: C:\Users\hp\AppData\Local\T...}, networkConnectionEnabled: false, pageLoadStrategy: normal, platformName: windows, proxy: Proxy(), se:cdp: ws://localhost:60386/devtoo..., se:cdpVersion: 143.0.3650.96, setWindowRect: true, strictFileInteractability: false, timeouts: {implicit: 0, pageLoad: 300000, script: 30000}, unhandledPromptBehavior: dismiss and notify, webauthn:extension:credBlob: true, webauthn:extension:largeBlob: true, webauthn:extension:minPinLength: true, webauthn:extension:prf: true, webauthn:virtualAuthenticators: true}
Session ID: 00c943c0ce725066507c355f56a693ea
2025-12-22 20:01:02 WARN  BaseClass - failed to apply color on border of element :unable to describe element attribute type!!!
2025-12-22 20:01:12 ERROR BaseClass - unable to click element
2025-12-22 20:01:23 INFO  BaseClass - unable to scroll to the element!!!
2025-12-22 20:01:23 INFO  BaseClass - DB connection successfull
2025-12-22 20:01:23 INFO  BaseClass - Executing query :SELECT employee_id,emp_firstname,emp_middle_name,emp_lastname FROM hs_hr_employee WHERE employee_id=0002
2025-12-22 20:01:23 INFO  BaseClass - query executed successfully
2025-12-22 20:01:23 INFO  BaseClass - able to store data from DB
2025-12-22 20:01:43 ERROR BaseClass - unable to compare texts
2025-12-22 20:02:03 ERROR BaseClass - unable to compare texts
2025-12-22 20:02:05 INFO  BaseClass - webdriver & ActionDriver classes instance terminated!!!
2025-12-22 20:02:06 INFO  BaseClass - edgeDriver initialized!!!
2025-12-22 20:02:07 INFO  BaseClass - browser is launched and window is mazimized
2025-12-22 20:02:07 INFO  BaseClass - ActionDriver initialized!!!
2025-12-22 20:02:07 INFO  BaseClass - ActionDriver class instance is created!!!----->30
2025-12-22 20:02:07 INFO  BaseClass - starting verifyEmployeeFromDB()
2025-12-22 20:02:07 INFO  BaseClass - applied green color on border of element element with Name attribute:username
2025-12-22 20:02:07 INFO  BaseClass - element with Name attribute:username is visible
2025-12-22 20:02:07 INFO  BaseClass - applied green color on border of element element with Name attribute:username
2025-12-22 20:02:08 INFO  BaseClass - Entered text :admin in element with Name attribute:username
2025-12-22 20:02:08 INFO  BaseClass - applied green color on border of element element with Name attribute:password
2025-12-22 20:02:08 INFO  BaseClass - element with Name attribute:password is visible
2025-12-22 20:02:08 INFO  BaseClass - applied green color on border of element element with Name attribute:password
2025-12-22 20:02:08 INFO  BaseClass - Entered text :Manish@880 in element with Name attribute:password
2025-12-22 20:02:08 INFO  BaseClass - page loaded successfully
2025-12-22 20:02:08 INFO  BaseClass - applied green color on border of element element with class attribute:oxd-button oxd-button--medium oxd-button--main orangehrm-login-button
2025-12-22 20:02:08 INFO  BaseClass - located element by element with class attribute:oxd-button oxd-button--medium oxd-button--main orangehrm-login-button is clickable
2025-12-22 20:02:08 INFO  BaseClass - applied green color on border of element element with class attribute:oxd-button oxd-button--medium oxd-button--main orangehrm-login-button
2025-12-22 20:02:10 INFO  BaseClass - clicked on :element with class attribute:oxd-button oxd-button--medium oxd-button--main orangehrm-login-button
2025-12-22 20:02:11 INFO  BaseClass - page loaded successfully
2025-12-22 20:02:21 ERROR BaseClass - element is not clickable!!!
2025-12-22 20:02:21 INFO  BaseClass - applied green color on border of element element with class attribute:oxd-text oxd-text--span oxd-main-menu-item--name
2025-12-22 20:02:31 ERROR BaseClass - unable to click element
2025-12-22 20:02:31 INFO  BaseClass - clicked on PIM Tab
2025-12-22 20:03:01 ERROR BaseClass - unable to describe element attribute type!!!no such element: Unable to locate element: {"method":"xpath","selector":"//label[.='Employee Name']/parent::div/following-sibling::div//input"}
  (Session info: MicrosoftEdge=143.0.3650.96)
For documentation on this error, please visit: https://www.selenium.dev/documentation/webdriver/troubleshooting/errors#nosuchelementexception
Build info: version: '4.39.0', revision: '126f156aee'
System info: os.name: 'Windows 10', os.arch: 'amd64', os.version: '10.0', java.version: '21.0.4'
Driver info: org.openqa.selenium.edge.EdgeDriver
Command: [acc5e8cb40742a3f23a7590a89e649d8, findElement {value=//label[.='Employee Name']/parent::div/following-sibling::div//input, using=xpath}]
Capabilities {acceptInsecureCerts: false, browserName: MicrosoftEdge, browserVersion: 143.0.3650.96, fedcm:accounts: true, goog:processID: 24648, ms:edgeOptions: {debuggerAddress: localhost:60490}, msedge: {msedgedriverVersion: 143.0.3650.96 (d55fe85d0141..., userDataDir: C:\Users\hp\AppData\Local\T...}, networkConnectionEnabled: false, pageLoadStrategy: normal, platformName: windows, proxy: Proxy(), se:cdp: ws://localhost:60490/devtoo..., se:cdpVersion: 143.0.3650.96, setWindowRect: true, strictFileInteractability: false, timeouts: {implicit: 0, pageLoad: 300000, script: 30000}, unhandledPromptBehavior: dismiss and notify, webauthn:extension:credBlob: true, webauthn:extension:largeBlob: true, webauthn:extension:minPinLength: true, webauthn:extension:prf: true, webauthn:virtualAuthenticators: true}
Session ID: acc5e8cb40742a3f23a7590a89e649d8
2025-12-22 20:03:01 WARN  BaseClass - failed to apply color on border of element :unable to describe element attribute type!!!
2025-12-22 20:03:11 ERROR BaseClass - unable to enter text
2025-12-22 20:03:21 ERROR BaseClass - unable to describe element attribute type!!!no such element: Unable to locate element: {"method":"xpath","selector":"//button[@type='submit']"}
  (Session info: MicrosoftEdge=143.0.3650.96)
For documentation on this error, please visit: https://www.selenium.dev/documentation/webdriver/troubleshooting/errors#nosuchelementexception
Build info: version: '4.39.0', revision: '126f156aee'
System info: os.name: 'Windows 10', os.arch: 'amd64', os.version: '10.0', java.version: '21.0.4'
Driver info: org.openqa.selenium.edge.EdgeDriver
Command: [acc5e8cb40742a3f23a7590a89e649d8, findElement {value=//button[@type='submit'], using=xpath}]
Capabilities {acceptInsecureCerts: false, browserName: MicrosoftEdge, browserVersion: 143.0.3650.96, fedcm:accounts: true, goog:processID: 24648, ms:edgeOptions: {debuggerAddress: localhost:60490}, msedge: {msedgedriverVersion: 143.0.3650.96 (d55fe85d0141..., userDataDir: C:\Users\hp\AppData\Local\T...}, networkConnectionEnabled: false, pageLoadStrategy: normal, platformName: windows, proxy: Proxy(), se:cdp: ws://localhost:60490/devtoo..., se:cdpVersion: 143.0.3650.96, setWindowRect: true, strictFileInteractability: false, timeouts: {implicit: 0, pageLoad: 300000, script: 30000}, unhandledPromptBehavior: dismiss and notify, webauthn:extension:credBlob: true, webauthn:extension:largeBlob: true, webauthn:extension:minPinLength: true, webauthn:extension:prf: true, webauthn:virtualAuthenticators: true}
Session ID: acc5e8cb40742a3f23a7590a89e649d8
2025-12-22 20:03:21 INFO  BaseClass - page loaded successfully
2025-12-22 20:03:31 ERROR BaseClass - element is not clickable!!!
2025-12-22 20:03:51 ERROR BaseClass - unable to describe element attribute type!!!no such element: Unable to locate element: {"method":"xpath","selector":"//button[@type='submit']"}
  (Session info: MicrosoftEdge=143.0.3650.96)
For documentation on this error, please visit: https://www.selenium.dev/documentation/webdriver/troubleshooting/errors#nosuchelementexception
Build info: version: '4.39.0', revision: '126f156aee'
System info: os.name: 'Windows 10', os.arch: 'amd64', os.version: '10.0', java.version: '21.0.4'
Driver info: org.openqa.selenium.edge.EdgeDriver
Command: [acc5e8cb40742a3f23a7590a89e649d8, findElement {value=//button[@type='submit'], using=xpath}]
Capabilities {acceptInsecureCerts: false, browserName: MicrosoftEdge, browserVersion: 143.0.3650.96, fedcm:accounts: true, goog:processID: 24648, ms:edgeOptions: {debuggerAddress: localhost:60490}, msedge: {msedgedriverVersion: 143.0.3650.96 (d55fe85d0141..., userDataDir: C:\Users\hp\AppData\Local\T...}, networkConnectionEnabled: false, pageLoadStrategy: normal, platformName: windows, proxy: Proxy(), se:cdp: ws://localhost:60490/devtoo..., se:cdpVersion: 143.0.3650.96, setWindowRect: true, strictFileInteractability: false, timeouts: {implicit: 0, pageLoad: 300000, script: 30000}, unhandledPromptBehavior: dismiss and notify, webauthn:extension:credBlob: true, webauthn:extension:largeBlob: true, webauthn:extension:minPinLength: true, webauthn:extension:prf: true, webauthn:virtualAuthenticators: true}
Session ID: acc5e8cb40742a3f23a7590a89e649d8
2025-12-22 20:03:51 WARN  BaseClass - failed to apply color on border of element :unable to describe element attribute type!!!
2025-12-22 20:04:01 ERROR BaseClass - unable to click element
2025-12-22 20:04:11 INFO  BaseClass - unable to scroll to the element!!!
2025-12-22 20:04:11 INFO  BaseClass - DB connection successfull
2025-12-22 20:04:11 INFO  BaseClass - Executing query :SELECT employee_id,emp_firstname,emp_middle_name,emp_lastname FROM hs_hr_employee WHERE employee_id=0002
2025-12-22 20:04:11 INFO  BaseClass - query executed successfully
2025-12-22 20:04:11 INFO  BaseClass - able to store data from DB
2025-12-22 20:04:31 ERROR BaseClass - unable to compare texts
2025-12-22 20:04:51 ERROR BaseClass - unable to compare texts
2025-12-22 20:04:54 INFO  BaseClass - webdriver & ActionDriver classes instance terminated!!!
2025-12-22 20:17:10 INFO  BaseClass - config.properties file is loaded!!!
2025-12-22 20:17:14 INFO  BaseClass - edgeDriver initialized!!!
2025-12-22 20:17:15 INFO  BaseClass - browser is launched and window is mazimized
2025-12-22 20:17:15 INFO  BaseClass - ActionDriver initialized!!!
2025-12-22 20:17:15 INFO  BaseClass - ActionDriver class instance is created!!!----->28
2025-12-22 20:17:15 INFO  BaseClass - page loaded successfully
2025-12-22 20:17:16 INFO  BaseClass - applied green color on border of element element with Name attribute:username
2025-12-22 20:17:16 INFO  BaseClass - element with Name attribute:username is visible
2025-12-22 20:17:17 INFO  BaseClass - applied green color on border of element element with Name attribute:username
2025-12-22 20:17:17 INFO  BaseClass - Entered text :admin in element with Name attribute:username
2025-12-22 20:17:17 INFO  BaseClass - page loaded successfully
2025-12-22 20:17:17 INFO  BaseClass - applied green color on border of element element with Name attribute:password
2025-12-22 20:17:17 INFO  BaseClass - element with Name attribute:password is visible
2025-12-22 20:17:17 INFO  BaseClass - applied green color on border of element element with Name attribute:password
2025-12-22 20:17:17 INFO  BaseClass - Entered text :Manish@880 in element with Name attribute:password
2025-12-22 20:17:18 INFO  BaseClass - page loaded successfully
2025-12-22 20:17:18 INFO  BaseClass - applied green color on border of element element with class attribute:oxd-button oxd-button--medium oxd-button--main orangehrm-login-button
2025-12-22 20:17:18 INFO  BaseClass - located element by element with class attribute:oxd-button oxd-button--medium oxd-button--main orangehrm-login-button is clickable
2025-12-22 20:17:18 INFO  BaseClass - applied green color on border of element element with class attribute:oxd-button oxd-button--medium oxd-button--main orangehrm-login-button
2025-12-22 20:17:19 INFO  BaseClass - clicked on :element with class attribute:oxd-button oxd-button--medium oxd-button--main orangehrm-login-button
2025-12-22 20:17:19 INFO  BaseClass - page loaded successfully
2025-12-22 20:17:30 INFO  BaseClass - applied green color on border of element unable to describe element attribute type!!!
2025-12-22 20:17:30 INFO  BaseClass - element is displayed :unable to describe element attribute type!!!
2025-12-22 20:17:32 INFO  BaseClass - webdriver & ActionDriver classes instance terminated!!!
2025-12-22 20:17:33 INFO  BaseClass - edgeDriver initialized!!!
2025-12-22 20:17:34 INFO  BaseClass - browser is launched and window is mazimized
2025-12-22 20:17:34 INFO  BaseClass - ActionDriver initialized!!!
2025-12-22 20:17:34 INFO  BaseClass - ActionDriver class instance is created!!!----->28
2025-12-22 20:17:34 INFO  BaseClass - page loaded successfully
2025-12-22 20:17:35 INFO  BaseClass - applied green color on border of element element with Name attribute:username
2025-12-22 20:17:35 INFO  BaseClass - element with Name attribute:username is visible
2025-12-22 20:17:35 INFO  BaseClass - applied green color on border of element element with Name attribute:username
2025-12-22 20:17:35 INFO  BaseClass - Entered text :admin in element with Name attribute:username
2025-12-22 20:17:35 INFO  BaseClass - page loaded successfully
2025-12-22 20:17:36 INFO  BaseClass - applied green color on border of element element with Name attribute:password
2025-12-22 20:17:36 INFO  BaseClass - element with Name attribute:password is visible
2025-12-22 20:17:36 INFO  BaseClass - applied green color on border of element element with Name attribute:password
2025-12-22 20:17:36 INFO  BaseClass - Entered text :Manish@880 in element with Name attribute:password
2025-12-22 20:17:36 INFO  BaseClass - page loaded successfully
2025-12-22 20:17:36 INFO  BaseClass - applied green color on border of element element with class attribute:oxd-button oxd-button--medium oxd-button--main orangehrm-login-button
2025-12-22 20:17:36 INFO  BaseClass - located element by element with class attribute:oxd-button oxd-button--medium oxd-button--main orangehrm-login-button is clickable
2025-12-22 20:17:36 INFO  BaseClass - applied green color on border of element element with class attribute:oxd-button oxd-button--medium oxd-button--main orangehrm-login-button
2025-12-22 20:17:37 INFO  BaseClass - clicked on :element with class attribute:oxd-button oxd-button--medium oxd-button--main orangehrm-login-button
2025-12-22 20:17:38 INFO  BaseClass - page loaded successfully
2025-12-22 20:17:48 INFO  BaseClass - applied green color on border of element unable to describe element attribute type!!!
2025-12-22 20:17:48 INFO  BaseClass - element is displayed :unable to describe element attribute type!!!
2025-12-22 20:17:50 INFO  BaseClass - webdriver & ActionDriver classes instance terminated!!!
2025-12-22 20:17:52 INFO  BaseClass - edgeDriver initialized!!!
2025-12-22 20:17:53 INFO  BaseClass - browser is launched and window is mazimized
2025-12-22 20:17:53 INFO  BaseClass - ActionDriver initialized!!!
2025-12-22 20:17:53 INFO  BaseClass - ActionDriver class instance is created!!!----->28
2025-12-22 20:17:53 INFO  BaseClass - page loaded successfully
2025-12-22 20:17:53 INFO  BaseClass - applied green color on border of element element with Name attribute:username
2025-12-22 20:17:53 INFO  BaseClass - element with Name attribute:username is visible
2025-12-22 20:17:54 INFO  BaseClass - applied green color on border of element element with Name attribute:username
2025-12-22 20:17:54 INFO  BaseClass - Entered text :admin in element with Name attribute:username
2025-12-22 20:17:54 INFO  BaseClass - page loaded successfully
2025-12-22 20:17:54 INFO  BaseClass - applied green color on border of element element with Name attribute:password
2025-12-22 20:17:54 INFO  BaseClass - element with Name attribute:password is visible
2025-12-22 20:17:54 INFO  BaseClass - applied green color on border of element element with Name attribute:password
2025-12-22 20:17:54 INFO  BaseClass - Entered text :Manish@880 in element with Name attribute:password
2025-12-22 20:17:54 INFO  BaseClass - page loaded successfully
2025-12-22 20:17:55 INFO  BaseClass - applied green color on border of element element with class attribute:oxd-button oxd-button--medium oxd-button--main orangehrm-login-button
2025-12-22 20:17:55 INFO  BaseClass - located element by element with class attribute:oxd-button oxd-button--medium oxd-button--main orangehrm-login-button is clickable
2025-12-22 20:17:55 INFO  BaseClass - applied green color on border of element element with class attribute:oxd-button oxd-button--medium oxd-button--main orangehrm-login-button
2025-12-22 20:17:56 INFO  BaseClass - clicked on :element with class attribute:oxd-button oxd-button--medium oxd-button--main orangehrm-login-button
2025-12-22 20:17:56 INFO  BaseClass - page loaded successfully
2025-12-22 20:18:06 INFO  BaseClass - applied green color on border of element unable to describe element attribute type!!!
2025-12-22 20:18:06 INFO  BaseClass - element is displayed :unable to describe element attribute type!!!
2025-12-22 20:18:09 INFO  BaseClass - webdriver & ActionDriver classes instance terminated!!!
2025-12-22 20:25:23 INFO  BaseClass - config.properties file is loaded!!!
2025-12-22 20:25:29 INFO  BaseClass - chromeDriver initialized!!!
2025-12-22 20:25:29 INFO  BaseClass - browser is launched and window is mazimized
2025-12-22 20:25:29 INFO  BaseClass - ActionDriver initialized!!!
2025-12-22 20:25:29 INFO  BaseClass - ActionDriver class instance is created!!!----->28
2025-12-22 20:25:29 INFO  BaseClass - page loaded successfully
2025-12-22 20:25:30 INFO  BaseClass - applied green color on border of element element with Name attribute:username
2025-12-22 20:25:30 INFO  BaseClass - element with Name attribute:username is visible
2025-12-22 20:25:30 INFO  BaseClass - applied green color on border of element element with Name attribute:username
2025-12-22 20:25:31 INFO  BaseClass - Entered text :admin in element with Name attribute:username
2025-12-22 20:25:31 INFO  BaseClass - page loaded successfully
2025-12-22 20:25:31 INFO  BaseClass - applied green color on border of element element with Name attribute:password
2025-12-22 20:25:31 INFO  BaseClass - element with Name attribute:password is visible
2025-12-22 20:25:31 INFO  BaseClass - applied green color on border of element element with Name attribute:password
2025-12-22 20:25:31 INFO  BaseClass - Entered text :Manish@880 in element with Name attribute:password
2025-12-22 20:25:31 INFO  BaseClass - page loaded successfully
2025-12-22 20:25:31 INFO  BaseClass - applied green color on border of element element with class attribute:oxd-button oxd-button--medium oxd-button--main orangehrm-login-button
2025-12-22 20:25:31 INFO  BaseClass - located element by element with class attribute:oxd-button oxd-button--medium oxd-button--main orangehrm-login-button is clickable
2025-12-22 20:25:32 INFO  BaseClass - applied green color on border of element element with class attribute:oxd-button oxd-button--medium oxd-button--main orangehrm-login-button
2025-12-22 20:25:32 INFO  BaseClass - clicked on :element with class attribute:oxd-button oxd-button--medium oxd-button--main orangehrm-login-button
2025-12-22 20:25:33 INFO  BaseClass - page loaded successfully
2025-12-22 20:25:43 INFO  BaseClass - applied green color on border of element unable to describe element attribute type!!!
2025-12-22 20:25:43 INFO  BaseClass - element is displayed :unable to describe element attribute type!!!
2025-12-22 20:25:46 INFO  BaseClass - webdriver & ActionDriver classes instance terminated!!!
2025-12-22 20:25:47 INFO  BaseClass - chromeDriver initialized!!!
2025-12-22 20:25:47 INFO  BaseClass - browser is launched and window is mazimized
2025-12-22 20:25:47 INFO  BaseClass - ActionDriver initialized!!!
2025-12-22 20:25:47 INFO  BaseClass - ActionDriver class instance is created!!!----->28
2025-12-22 20:25:47 INFO  BaseClass - page loaded successfully
2025-12-22 20:25:48 INFO  BaseClass - applied green color on border of element element with Name attribute:username
2025-12-22 20:25:48 INFO  BaseClass - element with Name attribute:username is visible
2025-12-22 20:25:48 INFO  BaseClass - applied green color on border of element element with Name attribute:username
2025-12-22 20:25:48 INFO  BaseClass - Entered text :admin in element with Name attribute:username
2025-12-22 20:25:48 INFO  BaseClass - page loaded successfully
2025-12-22 20:25:49 INFO  BaseClass - applied green color on border of element element with Name attribute:password
2025-12-22 20:25:49 INFO  BaseClass - element with Name attribute:password is visible
2025-12-22 20:25:49 INFO  BaseClass - applied green color on border of element element with Name attribute:password
2025-12-22 20:25:49 INFO  BaseClass - Entered text :Manish@880 in element with Name attribute:password
2025-12-22 20:25:49 INFO  BaseClass - page loaded successfully
2025-12-22 20:25:49 INFO  BaseClass - applied green color on border of element element with class attribute:oxd-button oxd-button--medium oxd-button--main orangehrm-login-button
2025-12-22 20:25:49 INFO  BaseClass - located element by element with class attribute:oxd-button oxd-button--medium oxd-button--main orangehrm-login-button is clickable
2025-12-22 20:25:49 INFO  BaseClass - applied green color on border of element element with class attribute:oxd-button oxd-button--medium oxd-button--main orangehrm-login-button
2025-12-22 20:25:49 INFO  BaseClass - clicked on :element with class attribute:oxd-button oxd-button--medium oxd-button--main orangehrm-login-button
2025-12-22 20:25:49 INFO  BaseClass - page loaded successfully
2025-12-22 20:26:00 INFO  BaseClass - applied green color on border of element unable to describe element attribute type!!!
2025-12-22 20:26:00 INFO  BaseClass - element is displayed :unable to describe element attribute type!!!
2025-12-22 20:26:02 INFO  BaseClass - webdriver & ActionDriver classes instance terminated!!!
2025-12-22 20:26:03 INFO  BaseClass - chromeDriver initialized!!!
2025-12-22 20:26:04 INFO  BaseClass - browser is launched and window is mazimized
2025-12-22 20:26:04 INFO  BaseClass - ActionDriver initialized!!!
2025-12-22 20:26:04 INFO  BaseClass - ActionDriver class instance is created!!!----->28
2025-12-22 20:26:04 INFO  BaseClass - page loaded successfully
2025-12-22 20:26:05 INFO  BaseClass - applied green color on border of element element with Name attribute:username
2025-12-22 20:26:05 INFO  BaseClass - element with Name attribute:username is visible
2025-12-22 20:26:05 INFO  BaseClass - applied green color on border of element element with Name attribute:username
2025-12-22 20:26:05 INFO  BaseClass - Entered text :admin in element with Name attribute:username
2025-12-22 20:26:05 INFO  BaseClass - page loaded successfully
2025-12-22 20:26:05 INFO  BaseClass - applied green color on border of element element with Name attribute:password
2025-12-22 20:26:05 INFO  BaseClass - element with Name attribute:password is visible
2025-12-22 20:26:05 INFO  BaseClass - applied green color on border of element element with Name attribute:password
2025-12-22 20:26:06 INFO  BaseClass - Entered text :Manish@880 in element with Name attribute:password
2025-12-22 20:26:06 INFO  BaseClass - page loaded successfully
2025-12-22 20:26:06 INFO  BaseClass - applied green color on border of element element with class attribute:oxd-button oxd-button--medium oxd-button--main orangehrm-login-button
2025-12-22 20:26:06 INFO  BaseClass - located element by element with class attribute:oxd-button oxd-button--medium oxd-button--main orangehrm-login-button is clickable
2025-12-22 20:26:06 INFO  BaseClass - applied green color on border of element element with class attribute:oxd-button oxd-button--medium oxd-button--main orangehrm-login-button
2025-12-22 20:26:07 INFO  BaseClass - clicked on :element with class attribute:oxd-button oxd-button--medium oxd-button--main orangehrm-login-button
2025-12-22 20:26:07 INFO  BaseClass - page loaded successfully
2025-12-22 20:26:18 INFO  BaseClass - applied green color on border of element unable to describe element attribute type!!!
2025-12-22 20:26:18 INFO  BaseClass - element is displayed :unable to describe element attribute type!!!
2025-12-22 20:26:21 INFO  BaseClass - webdriver & ActionDriver classes instance terminated!!!
2025-12-22 20:30:09 INFO  BaseClass - config.properties file is loaded!!!
2025-12-22 20:30:12 INFO  BaseClass - chromeDriver initialized!!!
2025-12-22 20:30:13 INFO  BaseClass - browser is launched and window is mazimized
2025-12-22 20:30:13 INFO  BaseClass - ActionDriver initialized!!!
2025-12-22 20:30:13 INFO  BaseClass - ActionDriver class instance is created!!!----->28
2025-12-22 20:30:13 INFO  BaseClass - page loaded successfully
2025-12-22 20:30:13 INFO  BaseClass - applied green color on border of element element with Name attribute:username
2025-12-22 20:30:13 INFO  BaseClass - element with Name attribute:username is visible
2025-12-22 20:30:14 INFO  BaseClass - applied green color on border of element element with Name attribute:username
2025-12-22 20:30:14 INFO  BaseClass - Entered text :admin in element with Name attribute:username
2025-12-22 20:30:14 INFO  BaseClass - page loaded successfully
2025-12-22 20:30:14 INFO  BaseClass - applied green color on border of element element with Name attribute:password
2025-12-22 20:30:14 INFO  BaseClass - element with Name attribute:password is visible
2025-12-22 20:30:14 INFO  BaseClass - applied green color on border of element element with Name attribute:password
2025-12-22 20:30:14 INFO  BaseClass - Entered text :Manish@880 in element with Name attribute:password
2025-12-22 20:30:14 INFO  BaseClass - page loaded successfully
2025-12-22 20:30:15 INFO  BaseClass - applied green color on border of element element with class attribute:oxd-button oxd-button--medium oxd-button--main orangehrm-login-button
2025-12-22 20:30:15 INFO  BaseClass - located element by element with class attribute:oxd-button oxd-button--medium oxd-button--main orangehrm-login-button is clickable
2025-12-22 20:30:15 INFO  BaseClass - applied green color on border of element element with class attribute:oxd-button oxd-button--medium oxd-button--main orangehrm-login-button
2025-12-22 20:30:16 INFO  BaseClass - clicked on :element with class attribute:oxd-button oxd-button--medium oxd-button--main orangehrm-login-button
2025-12-22 20:30:16 INFO  BaseClass - page loaded successfully
2025-12-22 20:30:17 INFO  BaseClass - applied green color on border of element unable to describe element attribute type!!!
2025-12-22 20:30:18 INFO  BaseClass - unable to describe element attribute type!!! is visible
2025-12-22 20:30:18 INFO  BaseClass - applied green color on border of element unable to describe element attribute type!!!
2025-12-22 20:30:18 INFO  BaseClass - element is displayed :unable to describe element attribute type!!!
2025-12-22 20:30:20 INFO  BaseClass - webdriver & ActionDriver classes instance terminated!!!
2025-12-22 20:32:11 INFO  BaseClass - config.properties file is loaded!!!
2025-12-22 20:32:15 INFO  BaseClass - chromeDriver initialized!!!
2025-12-22 20:32:15 INFO  BaseClass - chromeDriver initialized!!!
2025-12-22 20:32:15 INFO  BaseClass - chromeDriver initialized!!!
2025-12-22 20:32:15 INFO  BaseClass - chromeDriver initialized!!!
2025-12-22 20:32:15 INFO  BaseClass - chromeDriver initialized!!!
2025-12-22 20:32:17 INFO  BaseClass - browser is launched and window is mazimized
2025-12-22 20:32:17 INFO  BaseClass - ActionDriver initialized!!!
2025-12-22 20:32:17 INFO  BaseClass - ActionDriver class instance is created!!!----->30
2025-12-22 20:32:18 INFO  BaseClass - browser is launched and window is mazimized
2025-12-22 20:32:18 INFO  BaseClass - ActionDriver initialized!!!
2025-12-22 20:32:18 INFO  BaseClass - ActionDriver class instance is created!!!----->29
2025-12-22 20:32:18 INFO  BaseClass - browser is launched and window is mazimized
2025-12-22 20:32:18 INFO  BaseClass - ActionDriver initialized!!!
2025-12-22 20:32:18 INFO  BaseClass - ActionDriver class instance is created!!!----->32
2025-12-22 20:32:18 INFO  BaseClass - browser is launched and window is mazimized
2025-12-22 20:32:18 INFO  BaseClass - ActionDriver initialized!!!
2025-12-22 20:32:18 INFO  BaseClass - ActionDriver class instance is created!!!----->31
2025-12-22 20:32:19 INFO  BaseClass - browser is launched and window is mazimized
2025-12-22 20:32:19 INFO  BaseClass - ActionDriver initialized!!!
2025-12-22 20:32:19 INFO  BaseClass - ActionDriver class instance is created!!!----->33
2025-12-22 20:32:19 INFO  BaseClass - starting verifyEmployeeFromDB()
2025-12-22 20:32:19 INFO  BaseClass - page loaded successfully
2025-12-22 20:32:19 INFO  BaseClass - page loaded successfully
2025-12-22 20:32:19 INFO  BaseClass - page loaded successfully
2025-12-22 20:32:21 INFO  BaseClass - applied green color on border of element element with Name attribute:username
2025-12-22 20:32:21 INFO  BaseClass - applied green color on border of element element with Name attribute:username
2025-12-22 20:32:21 INFO  BaseClass - applied green color on border of element element with Name attribute:username
2025-12-22 20:32:21 INFO  BaseClass - element with Name attribute:username is visible
2025-12-22 20:32:21 INFO  BaseClass - element with Name attribute:username is visible
2025-12-22 20:32:21 INFO  BaseClass - element with Name attribute:username is visible
2025-12-22 20:32:21 INFO  BaseClass - applied green color on border of element element with Name attribute:username
2025-12-22 20:32:21 INFO  BaseClass - applied green color on border of element element with Name attribute:username
2025-12-22 20:32:21 INFO  BaseClass - applied green color on border of element element with Name attribute:username
2025-12-22 20:32:21 INFO  BaseClass - Entered text :admin in element with Name attribute:username
2025-12-22 20:32:21 INFO  BaseClass - Entered text :admin in element with Name attribute:username
2025-12-22 20:32:21 INFO  BaseClass - page loaded successfully
2025-12-22 20:32:21 INFO  BaseClass - Entered text :Admin in element with Name attribute:username
2025-12-22 20:32:21 INFO  BaseClass - page loaded successfully
2025-12-22 20:32:22 INFO  BaseClass - page loaded successfully
2025-12-22 20:32:22 INFO  BaseClass - applied green color on border of element element with Name attribute:password
2025-12-22 20:32:22 INFO  BaseClass - applied green color on border of element element with Name attribute:password
2025-12-22 20:32:22 INFO  BaseClass - element with Name attribute:password is visible
2025-12-22 20:32:22 INFO  BaseClass - element with Name attribute:password is visible
2025-12-22 20:32:22 INFO  BaseClass - applied green color on border of element element with Name attribute:password
2025-12-22 20:32:22 INFO  BaseClass - element with Name attribute:password is visible
2025-12-22 20:32:22 INFO  BaseClass - applied green color on border of element element with Name attribute:password
2025-12-22 20:32:22 INFO  BaseClass - applied green color on border of element element with Name attribute:password
2025-12-22 20:32:22 INFO  BaseClass - applied green color on border of element element with Name attribute:password
2025-12-22 20:32:22 INFO  BaseClass - Entered text :Manish@880 in element with Name attribute:password
2025-12-22 20:32:22 INFO  BaseClass - Entered text :Manish@880 in element with Name attribute:password
2025-12-22 20:32:22 INFO  BaseClass - Entered text :xxxxx in element with Name attribute:password
2025-12-22 20:32:22 INFO  BaseClass - page loaded successfully
2025-12-22 20:32:22 INFO  BaseClass - page loaded successfully
2025-12-22 20:32:22 INFO  BaseClass - page loaded successfully
2025-12-22 20:32:23 INFO  BaseClass - applied green color on border of element element with class attribute:oxd-button oxd-button--medium oxd-button--main orangehrm-login-button
2025-12-22 20:32:23 INFO  BaseClass - applied green color on border of element element with class attribute:oxd-button oxd-button--medium oxd-button--main orangehrm-login-button
2025-12-22 20:32:23 INFO  BaseClass - applied green color on border of element element with class attribute:oxd-button oxd-button--medium oxd-button--main orangehrm-login-button
2025-12-22 20:32:23 INFO  BaseClass - located element by element with class attribute:oxd-button oxd-button--medium oxd-button--main orangehrm-login-button is clickable
2025-12-22 20:32:23 INFO  BaseClass - located element by element with class attribute:oxd-button oxd-button--medium oxd-button--main orangehrm-login-button is clickable
2025-12-22 20:32:23 INFO  BaseClass - located element by element with class attribute:oxd-button oxd-button--medium oxd-button--main orangehrm-login-button is clickable
2025-12-22 20:32:23 INFO  BaseClass - applied green color on border of element element with class attribute:oxd-button oxd-button--medium oxd-button--main orangehrm-login-button
2025-12-22 20:32:23 INFO  BaseClass - applied green color on border of element element with class attribute:oxd-button oxd-button--medium oxd-button--main orangehrm-login-button
2025-12-22 20:32:23 INFO  BaseClass - applied green color on border of element element with class attribute:oxd-button oxd-button--medium oxd-button--main orangehrm-login-button
2025-12-22 20:32:25 INFO  BaseClass - clicked on :element with class attribute:oxd-button oxd-button--medium oxd-button--main orangehrm-login-button
2025-12-22 20:32:25 INFO  BaseClass - clicked on :element with class attribute:oxd-button oxd-button--medium oxd-button--main orangehrm-login-button
2025-12-22 20:32:25 INFO  BaseClass - page loaded successfully
2025-12-22 20:32:25 INFO  BaseClass - clicked on :element with class attribute:oxd-button oxd-button--medium oxd-button--main orangehrm-login-button
2025-12-22 20:32:25 INFO  BaseClass - page loaded successfully
2025-12-22 20:32:28 INFO  BaseClass - page loaded successfully
2025-12-22 20:32:28 INFO  BaseClass - applied green color on border of element element with class attribute:oxd-text oxd-text--span oxd-main-menu-item--name
2025-12-22 20:32:28 INFO  BaseClass - applied green color on border of element element with class attribute:oxd-text oxd-text--p oxd-alert-content-text
2025-12-22 20:32:28 INFO  BaseClass - element with class attribute:oxd-text oxd-text--span oxd-main-menu-item--name is visible
2025-12-22 20:32:28 INFO  BaseClass - element with class attribute:oxd-text oxd-text--p oxd-alert-content-text is visible
2025-12-22 20:32:28 INFO  BaseClass - applied green color on border of element element with class attribute:oxd-text oxd-text--span oxd-main-menu-item--name
2025-12-22 20:32:28 INFO  BaseClass - located element by element with class attribute:oxd-text oxd-text--span oxd-main-menu-item--name is clickable
2025-12-22 20:32:29 INFO  BaseClass - applied green color on border of element element with class attribute:oxd-text oxd-text--span oxd-main-menu-item--name
2025-12-22 20:32:29 INFO  BaseClass - applied green color on border of element element with class attribute:oxd-text oxd-text--span oxd-main-menu-item--name
2025-12-22 20:32:29 INFO  BaseClass - element is displayed :element with class attribute:oxd-text oxd-text--span oxd-main-menu-item--name
2025-12-22 20:32:29 INFO  BaseClass - applied green color on border of element element with class attribute:oxd-text oxd-text--p oxd-alert-content-text
2025-12-22 20:32:29 INFO  BaseClass - Text are equals :Invalid credentialsequals to Invalid credentials
2025-12-22 20:32:29 INFO  BaseClass - page loaded successfully
2025-12-22 20:32:30 INFO  BaseClass - applied green color on border of element element with class attribute:oxd-userdropdown-tab
2025-12-22 20:32:30 INFO  BaseClass - located element by element with class attribute:oxd-userdropdown-tab is clickable
2025-12-22 20:32:30 INFO  BaseClass - applied green color on border of element element with class attribute:oxd-userdropdown-tab
2025-12-22 20:32:30 INFO  BaseClass - clicked on :element with class attribute:oxd-userdropdown-tab
2025-12-22 20:32:30 INFO  BaseClass - page loaded successfully
2025-12-22 20:32:31 INFO  BaseClass - applied green color on border of element element with class attribute:oxd-userdropdown-link
2025-12-22 20:32:31 INFO  BaseClass - located element by element with class attribute:oxd-userdropdown-link is clickable
2025-12-22 20:32:31 INFO  BaseClass - clicked on :element with class attribute:oxd-text oxd-text--span oxd-main-menu-item--name
2025-12-22 20:32:31 INFO  BaseClass - clicked on PIM Tab
2025-12-22 20:32:31 INFO  BaseClass - page loaded successfully
2025-12-22 20:32:31 INFO  BaseClass - applied green color on border of element element with class attribute:oxd-userdropdown-link
2025-12-22 20:32:32 INFO  BaseClass - clicked on :element with class attribute:oxd-userdropdown-link
2025-12-22 20:32:32 INFO  BaseClass - applied green color on border of element element with placeholder attribute:Type for hints...
2025-12-22 20:32:32 INFO  BaseClass - element with placeholder attribute:Type for hints... is visible
2025-12-22 20:32:33 INFO  BaseClass - applied green color on border of element element with placeholder attribute:Type for hints...
2025-12-22 20:32:33 INFO  BaseClass - webdriver & ActionDriver classes instance terminated!!!
2025-12-22 20:32:33 INFO  BaseClass - webdriver & ActionDriver classes instance terminated!!!
2025-12-22 20:32:33 INFO  BaseClass - Entered text :harish in element with placeholder attribute:Type for hints...
2025-12-22 20:32:33 INFO  BaseClass - page loaded successfully
2025-12-22 20:32:33 INFO  BaseClass - applied green color on border of element element with class attribute:oxd-button oxd-button--medium oxd-button--secondary orangehrm-left-space
2025-12-22 20:32:33 INFO  BaseClass - located element by element with class attribute:oxd-button oxd-button--medium oxd-button--secondary orangehrm-left-space is clickable
2025-12-22 20:32:33 INFO  BaseClass - applied green color on border of element element with class attribute:oxd-button oxd-button--medium oxd-button--secondary orangehrm-left-space
2025-12-22 20:32:34 INFO  BaseClass - clicked on :element with class attribute:oxd-button oxd-button--medium oxd-button--secondary orangehrm-left-space
2025-12-22 20:32:35 INFO  BaseClass - applied green color on border of element element with class attribute:oxd-table-cell oxd-padding-cell
2025-12-22 20:32:35 INFO  BaseClass - page is scrolled to element :element with class attribute:oxd-table-cell oxd-padding-cell
2025-12-22 20:32:36 INFO  BaseClass - DB connection successfull
2025-12-22 20:32:36 INFO  BaseClass - Executing query :SELECT employee_id,emp_firstname,emp_middle_name,emp_lastname FROM hs_hr_employee WHERE employee_id=0002
2025-12-22 20:32:36 INFO  BaseClass - query executed successfully
2025-12-22 20:32:36 INFO  BaseClass - able to store data from DB
2025-12-22 20:32:36 INFO  BaseClass - page loaded successfully
2025-12-22 20:32:36 INFO  BaseClass - chromeDriver initialized!!!
2025-12-22 20:32:37 INFO  BaseClass - applied green color on border of element element with class attribute:oxd-table-cell oxd-padding-cell
2025-12-22 20:32:37 INFO  BaseClass - element with class attribute:oxd-table-cell oxd-padding-cell is visible
2025-12-22 20:32:38 INFO  BaseClass - browser is launched and window is mazimized
2025-12-22 20:32:38 INFO  BaseClass - ActionDriver initialized!!!
2025-12-22 20:32:38 INFO  BaseClass - ActionDriver class instance is created!!!----->30
2025-12-22 20:32:38 INFO  BaseClass - page loaded successfully
2025-12-22 20:32:38 INFO  BaseClass - applied green color on border of element element with class attribute:oxd-table-cell oxd-padding-cell
2025-12-22 20:32:38 INFO  BaseClass - Text are equals :harish kumarequals to harish kumar
2025-12-22 20:32:38 INFO  BaseClass - page loaded successfully
2025-12-22 20:32:38 INFO  BaseClass - applied green color on border of element element with class attribute:oxd-table-cell oxd-padding-cell
2025-12-22 20:32:38 INFO  BaseClass - element with class attribute:oxd-table-cell oxd-padding-cell is visible
2025-12-22 20:32:38 INFO  BaseClass - webdriver & ActionDriver classes instance terminated!!!
2025-12-22 20:32:39 INFO  BaseClass - applied green color on border of element element with Name attribute:username
2025-12-22 20:32:39 INFO  BaseClass - applied green color on border of element element with class attribute:oxd-table-cell oxd-padding-cell
2025-12-22 20:32:39 INFO  BaseClass - Text are equals :anuragiequals to anuragi
2025-12-22 20:32:39 INFO  BaseClass - verifyEmployeeFromDB COMPLETED
2025-12-22 20:32:39 INFO  BaseClass - element with Name attribute:username is visible
2025-12-22 20:32:39 INFO  BaseClass - applied green color on border of element element with Name attribute:username
2025-12-22 20:32:39 INFO  BaseClass - Entered text :admin in element with Name attribute:username
2025-12-22 20:32:39 INFO  BaseClass - page loaded successfully
2025-12-22 20:32:39 INFO  BaseClass - chromeDriver initialized!!!
2025-12-22 20:32:40 INFO  BaseClass - applied green color on border of element element with Name attribute:password
2025-12-22 20:32:40 INFO  BaseClass - element with Name attribute:password is visible
2025-12-22 20:32:40 INFO  BaseClass - applied green color on border of element element with Name attribute:password
2025-12-22 20:32:40 INFO  BaseClass - Entered text :Manish@880 in element with Name attribute:password
2025-12-22 20:32:40 INFO  BaseClass - page loaded successfully
2025-12-22 20:32:40 INFO  BaseClass - browser is launched and window is mazimized
2025-12-22 20:32:40 INFO  BaseClass - ActionDriver initialized!!!
2025-12-22 20:32:40 INFO  BaseClass - ActionDriver class instance is created!!!----->31
2025-12-22 20:32:40 INFO  BaseClass - page loaded successfully
2025-12-22 20:32:41 INFO  BaseClass - applied green color on border of element element with class attribute:oxd-button oxd-button--medium oxd-button--main orangehrm-login-button
2025-12-22 20:32:41 INFO  BaseClass - located element by element with class attribute:oxd-button oxd-button--medium oxd-button--main orangehrm-login-button is clickable
2025-12-22 20:32:41 INFO  BaseClass - applied green color on border of element element with class attribute:oxd-button oxd-button--medium oxd-button--main orangehrm-login-button
2025-12-22 20:32:41 INFO  BaseClass - applied green color on border of element element with Name attribute:username
2025-12-22 20:32:41 INFO  BaseClass - element with Name attribute:username is visible
2025-12-22 20:32:41 INFO  BaseClass - clicked on :element with class attribute:oxd-button oxd-button--medium oxd-button--main orangehrm-login-button
2025-12-22 20:32:42 INFO  BaseClass - applied green color on border of element element with Name attribute:username
2025-12-22 20:32:42 INFO  BaseClass - Entered text :admin in element with Name attribute:username
2025-12-22 20:32:42 INFO  BaseClass - page loaded successfully
2025-12-22 20:32:42 INFO  BaseClass - applied green color on border of element element with Name attribute:password
2025-12-22 20:32:42 INFO  BaseClass - element with Name attribute:password is visible
2025-12-22 20:32:42 INFO  BaseClass - webdriver & ActionDriver classes instance terminated!!!
2025-12-22 20:32:42 INFO  BaseClass - webdriver & ActionDriver classes instance terminated!!!
2025-12-22 20:32:42 INFO  BaseClass - applied green color on border of element element with Name attribute:password
2025-12-22 20:32:43 INFO  BaseClass - Entered text :Manish@880 in element with Name attribute:password
2025-12-22 20:32:43 INFO  BaseClass - page loaded successfully
2025-12-22 20:32:43 INFO  BaseClass - page loaded successfully
2025-12-22 20:32:43 INFO  BaseClass - applied green color on border of element element with class attribute:oxd-button oxd-button--medium oxd-button--main orangehrm-login-button
2025-12-22 20:32:43 INFO  BaseClass - located element by element with class attribute:oxd-button oxd-button--medium oxd-button--main orangehrm-login-button is clickable
2025-12-22 20:32:43 INFO  BaseClass - applied green color on border of element element with class attribute:oxd-button oxd-button--medium oxd-button--main orangehrm-login-button
2025-12-22 20:32:43 INFO  BaseClass - clicked on :element with class attribute:oxd-button oxd-button--medium oxd-button--main orangehrm-login-button
2025-12-22 20:32:44 INFO  BaseClass - applied green color on border of element unable to describe element attribute type!!!
2025-12-22 20:32:44 INFO  BaseClass - unable to describe element attribute type!!! is visible
2025-12-22 20:32:44 INFO  BaseClass - applied green color on border of element unable to describe element attribute type!!!
2025-12-22 20:32:44 INFO  BaseClass - element is displayed :unable to describe element attribute type!!!
2025-12-22 20:32:45 INFO  BaseClass - page loaded successfully
2025-12-22 20:32:46 INFO  BaseClass - applied green color on border of element element with class attribute:oxd-text oxd-text--span oxd-main-menu-item--name
2025-12-22 20:32:46 INFO  BaseClass - element with class attribute:oxd-text oxd-text--span oxd-main-menu-item--name is visible
2025-12-22 20:32:46 INFO  BaseClass - applied green color on border of element element with class attribute:oxd-text oxd-text--span oxd-main-menu-item--name
2025-12-22 20:32:46 INFO  BaseClass - element is displayed :element with class attribute:oxd-text oxd-text--span oxd-main-menu-item--name
2025-12-22 20:32:46 INFO  BaseClass - page loaded successfully
2025-12-22 20:32:46 INFO  BaseClass - applied green color on border of element element with class attribute:oxd-userdropdown-tab
2025-12-22 20:32:47 INFO  BaseClass - located element by element with class attribute:oxd-userdropdown-tab is clickable
2025-12-22 20:32:47 INFO  BaseClass - applied green color on border of element element with class attribute:oxd-userdropdown-tab
2025-12-22 20:32:47 INFO  BaseClass - clicked on :element with class attribute:oxd-userdropdown-tab
2025-12-22 20:32:47 INFO  BaseClass - page loaded successfully
2025-12-22 20:32:47 INFO  BaseClass - webdriver & ActionDriver classes instance terminated!!!
2025-12-22 20:32:47 INFO  BaseClass - applied green color on border of element element with class attribute:oxd-userdropdown-link
2025-12-22 20:32:47 INFO  BaseClass - located element by element with class attribute:oxd-userdropdown-link is clickable
2025-12-22 20:32:47 INFO  BaseClass - applied green color on border of element element with class attribute:oxd-userdropdown-link
2025-12-22 20:32:48 INFO  BaseClass - clicked on :element with class attribute:oxd-userdropdown-link
2025-12-22 20:32:53 INFO  BaseClass - webdriver & ActionDriver classes instance terminated!!!
2025-12-22 20:33:56 INFO  BaseClass - config.properties file is loaded!!!
2025-12-22 20:34:00 INFO  BaseClass - chromeDriver initialized!!!
2025-12-22 20:34:00 INFO  BaseClass - chromeDriver initialized!!!
2025-12-22 20:34:00 INFO  BaseClass - chromeDriver initialized!!!
2025-12-22 20:34:00 INFO  BaseClass - chromeDriver initialized!!!
2025-12-22 20:34:00 INFO  BaseClass - chromeDriver initialized!!!
2025-12-22 20:34:02 INFO  BaseClass - browser is launched and window is mazimized
2025-12-22 20:34:02 INFO  BaseClass - ActionDriver initialized!!!
2025-12-22 20:34:02 INFO  BaseClass - ActionDriver class instance is created!!!----->34
2025-12-22 20:34:02 INFO  BaseClass - page loaded successfully
2025-12-22 20:34:02 INFO  BaseClass - browser is launched and window is mazimized
2025-12-22 20:34:02 INFO  BaseClass - ActionDriver initialized!!!
2025-12-22 20:34:02 INFO  BaseClass - ActionDriver class instance is created!!!----->32
2025-12-22 20:34:03 INFO  BaseClass - browser is launched and window is mazimized
2025-12-22 20:34:03 INFO  BaseClass - ActionDriver initialized!!!
2025-12-22 20:34:03 INFO  BaseClass - ActionDriver class instance is created!!!----->33
2025-12-22 20:34:03 INFO  BaseClass - browser is launched and window is mazimized
2025-12-22 20:34:03 INFO  BaseClass - ActionDriver initialized!!!
2025-12-22 20:34:03 INFO  BaseClass - ActionDriver class instance is created!!!----->31
2025-12-22 20:34:03 INFO  BaseClass - page loaded successfully
2025-12-22 20:34:04 INFO  BaseClass - applied green color on border of element element with Name attribute:username
2025-12-22 20:34:04 INFO  BaseClass - element with Name attribute:username is visible
2025-12-22 20:34:04 INFO  BaseClass - applied green color on border of element element with Name attribute:username
2025-12-22 20:34:04 INFO  BaseClass - Entered text :admin in element with Name attribute:username
2025-12-22 20:34:05 INFO  BaseClass - page loaded successfully
2025-12-22 20:34:05 INFO  BaseClass - applied green color on border of element element with Name attribute:username
2025-12-22 20:34:05 INFO  BaseClass - applied green color on border of element element with Name attribute:password
2025-12-22 20:34:05 INFO  BaseClass - element with Name attribute:username is visible
2025-12-22 20:34:05 INFO  BaseClass - element with Name attribute:password is visible
2025-12-22 20:34:05 INFO  BaseClass - applied green color on border of element element with Name attribute:username
2025-12-22 20:34:05 INFO  BaseClass - applied green color on border of element element with Name attribute:password
2025-12-22 20:34:05 INFO  BaseClass - Entered text :Admin in element with Name attribute:username
2025-12-22 20:34:05 INFO  BaseClass - page loaded successfully
2025-12-22 20:34:05 INFO  BaseClass - Entered text :Manish@880 in element with Name attribute:password
2025-12-22 20:34:06 INFO  BaseClass - applied green color on border of element element with Name attribute:password
2025-12-22 20:34:06 INFO  BaseClass - page loaded successfully
2025-12-22 20:34:06 INFO  BaseClass - element with Name attribute:password is visible
2025-12-22 20:34:06 INFO  BaseClass - applied green color on border of element element with class attribute:oxd-button oxd-button--medium oxd-button--main orangehrm-login-button
2025-12-22 20:34:06 INFO  BaseClass - located element by element with class attribute:oxd-button oxd-button--medium oxd-button--main orangehrm-login-button is clickable
2025-12-22 20:34:06 INFO  BaseClass - applied green color on border of element element with Name attribute:password
2025-12-22 20:34:06 INFO  BaseClass - applied green color on border of element element with class attribute:oxd-button oxd-button--medium oxd-button--main orangehrm-login-button
2025-12-22 20:34:06 INFO  BaseClass - Entered text :xxxxx in element with Name attribute:password
2025-12-22 20:34:06 INFO  BaseClass - page loaded successfully
2025-12-22 20:34:07 INFO  BaseClass - applied green color on border of element element with class attribute:oxd-button oxd-button--medium oxd-button--main orangehrm-login-button
2025-12-22 20:34:07 INFO  BaseClass - located element by element with class attribute:oxd-button oxd-button--medium oxd-button--main orangehrm-login-button is clickable
2025-12-22 20:34:07 INFO  BaseClass - applied green color on border of element element with class attribute:oxd-button oxd-button--medium oxd-button--main orangehrm-login-button
2025-12-22 20:34:07 INFO  BaseClass - browser is launched and window is mazimized
2025-12-22 20:34:07 INFO  BaseClass - ActionDriver initialized!!!
2025-12-22 20:34:07 INFO  BaseClass - ActionDriver class instance is created!!!----->35
2025-12-22 20:34:07 INFO  BaseClass - starting verifyEmployeeFromDB()
2025-12-22 20:34:07 INFO  BaseClass - page loaded successfully
2025-12-22 20:34:07 INFO  BaseClass - clicked on :element with class attribute:oxd-button oxd-button--medium oxd-button--main orangehrm-login-button
2025-12-22 20:34:08 INFO  BaseClass - applied green color on border of element element with Name attribute:username
2025-12-22 20:34:08 INFO  BaseClass - element with Name attribute:username is visible
2025-12-22 20:34:08 INFO  BaseClass - clicked on :element with class attribute:oxd-button oxd-button--medium oxd-button--main orangehrm-login-button
2025-12-22 20:34:08 INFO  BaseClass - page loaded successfully
2025-12-22 20:34:08 INFO  BaseClass - applied green color on border of element element with Name attribute:username
2025-12-22 20:34:08 INFO  BaseClass - Entered text :admin in element with Name attribute:username
2025-12-22 20:34:08 INFO  BaseClass - page loaded successfully
2025-12-22 20:34:09 INFO  BaseClass - page loaded successfully
2025-12-22 20:34:09 INFO  BaseClass - applied green color on border of element element with Name attribute:password
2025-12-22 20:34:09 INFO  BaseClass - element with Name attribute:password is visible
2025-12-22 20:34:10 INFO  BaseClass - applied green color on border of element element with class attribute:oxd-text oxd-text--span oxd-main-menu-item--name
2025-12-22 20:34:10 INFO  BaseClass - element with class attribute:oxd-text oxd-text--span oxd-main-menu-item--name is visible
2025-12-22 20:34:10 INFO  BaseClass - applied green color on border of element element with Name attribute:password
2025-12-22 20:34:10 INFO  BaseClass - applied green color on border of element element with class attribute:oxd-text oxd-text--p oxd-alert-content-text
2025-12-22 20:34:10 INFO  BaseClass - element with class attribute:oxd-text oxd-text--p oxd-alert-content-text is visible
2025-12-22 20:34:10 INFO  BaseClass - Entered text :Manish@880 in element with Name attribute:password
2025-12-22 20:34:10 INFO  BaseClass - applied green color on border of element element with class attribute:oxd-text oxd-text--span oxd-main-menu-item--name
2025-12-22 20:34:10 INFO  BaseClass - element is displayed :element with class attribute:oxd-text oxd-text--span oxd-main-menu-item--name
2025-12-22 20:34:10 INFO  BaseClass - page loaded successfully
2025-12-22 20:34:10 INFO  BaseClass - applied green color on border of element element with class attribute:oxd-text oxd-text--p oxd-alert-content-text
2025-12-22 20:34:10 INFO  BaseClass - Text are equals :Invalid credentialsequals to Invalid credentials
2025-12-22 20:34:10 INFO  BaseClass - page loaded successfully
2025-12-22 20:34:10 INFO  BaseClass - applied green color on border of element element with class attribute:oxd-button oxd-button--medium oxd-button--main orangehrm-login-button
2025-12-22 20:34:11 INFO  BaseClass - located element by element with class attribute:oxd-button oxd-button--medium oxd-button--main orangehrm-login-button is clickable
2025-12-22 20:34:11 INFO  BaseClass - applied green color on border of element element with class attribute:oxd-userdropdown-tab
2025-12-22 20:34:11 INFO  BaseClass - located element by element with class attribute:oxd-userdropdown-tab is clickable
2025-12-22 20:34:11 INFO  BaseClass - applied green color on border of element element with class attribute:oxd-button oxd-button--medium oxd-button--main orangehrm-login-button
2025-12-22 20:34:11 INFO  BaseClass - applied green color on border of element element with class attribute:oxd-userdropdown-tab
2025-12-22 20:34:11 INFO  BaseClass - clicked on :element with class attribute:oxd-userdropdown-tab
2025-12-22 20:34:11 INFO  BaseClass - page loaded successfully
2025-12-22 20:34:11 INFO  BaseClass - applied green color on border of element element with class attribute:oxd-userdropdown-link
2025-12-22 20:34:11 INFO  BaseClass - located element by element with class attribute:oxd-userdropdown-link is clickable
2025-12-22 20:34:12 INFO  BaseClass - applied green color on border of element element with class attribute:oxd-userdropdown-link
2025-12-22 20:34:12 INFO  BaseClass - webdriver & ActionDriver classes instance terminated!!!
2025-12-22 20:34:12 INFO  BaseClass - webdriver & ActionDriver classes instance terminated!!!
2025-12-22 20:34:13 INFO  BaseClass - clicked on :element with class attribute:oxd-button oxd-button--medium oxd-button--main orangehrm-login-button
2025-12-22 20:34:13 INFO  BaseClass - clicked on :element with class attribute:oxd-userdropdown-link
2025-12-22 20:34:15 INFO  BaseClass - chromeDriver initialized!!!
2025-12-22 20:34:16 INFO  BaseClass - page loaded successfully
2025-12-22 20:34:17 INFO  BaseClass - browser is launched and window is mazimized
2025-12-22 20:34:17 INFO  BaseClass - ActionDriver initialized!!!
2025-12-22 20:34:17 INFO  BaseClass - ActionDriver class instance is created!!!----->32
2025-12-22 20:34:17 INFO  BaseClass - page loaded successfully
2025-12-22 20:34:17 INFO  BaseClass - applied green color on border of element element with class attribute:oxd-text oxd-text--span oxd-main-menu-item--name
2025-12-22 20:34:18 INFO  BaseClass - located element by element with class attribute:oxd-text oxd-text--span oxd-main-menu-item--name is clickable
2025-12-22 20:34:18 INFO  BaseClass - applied green color on border of element element with Name attribute:username
2025-12-22 20:34:18 INFO  BaseClass - element with Name attribute:username is visible
2025-12-22 20:34:18 INFO  BaseClass - applied green color on border of element element with class attribute:oxd-text oxd-text--span oxd-main-menu-item--name
2025-12-22 20:34:18 INFO  BaseClass - applied green color on border of element element with Name attribute:username
2025-12-22 20:34:19 INFO  BaseClass - Entered text :admin in element with Name attribute:username
2025-12-22 20:34:19 INFO  BaseClass - page loaded successfully
2025-12-22 20:34:19 INFO  BaseClass - applied green color on border of element element with Name attribute:password
2025-12-22 20:34:19 INFO  BaseClass - element with Name attribute:password is visible
2025-12-22 20:34:19 INFO  BaseClass - applied green color on border of element element with Name attribute:password
2025-12-22 20:34:19 INFO  BaseClass - Entered text :Manish@880 in element with Name attribute:password
2025-12-22 20:34:19 INFO  BaseClass - clicked on :element with class attribute:oxd-text oxd-text--span oxd-main-menu-item--name
2025-12-22 20:34:19 INFO  BaseClass - clicked on PIM Tab
2025-12-22 20:34:19 INFO  BaseClass - page loaded successfully
2025-12-22 20:34:20 INFO  BaseClass - page loaded successfully
2025-12-22 20:34:20 INFO  BaseClass - applied green color on border of element element with class attribute:oxd-button oxd-button--medium oxd-button--main orangehrm-login-button
2025-12-22 20:34:20 INFO  BaseClass - located element by element with class attribute:oxd-button oxd-button--medium oxd-button--main orangehrm-login-button is clickable
2025-12-22 20:34:20 INFO  BaseClass - webdriver & ActionDriver classes instance terminated!!!
2025-12-22 20:34:20 INFO  BaseClass - applied green color on border of element element with placeholder attribute:Type for hints...
2025-12-22 20:34:20 INFO  BaseClass - applied green color on border of element element with class attribute:oxd-button oxd-button--medium oxd-button--main orangehrm-login-button
2025-12-22 20:34:20 INFO  BaseClass - element with placeholder attribute:Type for hints... is visible
2025-12-22 20:34:21 INFO  BaseClass - applied green color on border of element element with placeholder attribute:Type for hints...
2025-12-22 20:34:21 INFO  BaseClass - webdriver & ActionDriver classes instance terminated!!!
2025-12-22 20:34:21 INFO  BaseClass - Entered text :harish in element with placeholder attribute:Type for hints...
2025-12-22 20:34:21 INFO  BaseClass - page loaded successfully
2025-12-22 20:34:22 INFO  BaseClass - applied green color on border of element element with class attribute:oxd-button oxd-button--medium oxd-button--secondary orangehrm-left-space
2025-12-22 20:34:22 INFO  BaseClass - chromeDriver initialized!!!
2025-12-22 20:34:23 INFO  BaseClass - located element by element with class attribute:oxd-button oxd-button--medium oxd-button--secondary orangehrm-left-space is clickable
2025-12-22 20:34:23 INFO  BaseClass - clicked on :element with class attribute:oxd-button oxd-button--medium oxd-button--main orangehrm-login-button
2025-12-22 20:34:23 INFO  BaseClass - page loaded successfully
2025-12-22 20:34:23 INFO  BaseClass - applied green color on border of element element with class attribute:oxd-button oxd-button--medium oxd-button--secondary orangehrm-left-space
2025-12-22 20:34:23 INFO  BaseClass - clicked on :element with class attribute:oxd-button oxd-button--medium oxd-button--secondary orangehrm-left-space
2025-12-22 20:34:24 INFO  BaseClass - browser is launched and window is mazimized
2025-12-22 20:34:24 INFO  BaseClass - ActionDriver initialized!!!
2025-12-22 20:34:24 INFO  BaseClass - ActionDriver class instance is created!!!----->33
2025-12-22 20:34:25 INFO  BaseClass - page loaded successfully
2025-12-22 20:34:25 INFO  BaseClass - applied green color on border of element unable to describe element attribute type!!!
2025-12-22 20:34:25 INFO  BaseClass - applied green color on border of element element with class attribute:oxd-table-cell oxd-padding-cell
2025-12-22 20:34:25 INFO  BaseClass - applied green color on border of element element with Name attribute:username
2025-12-22 20:34:26 INFO  BaseClass - unable to describe element attribute type!!! is visible
2025-12-22 20:34:26 INFO  BaseClass - element with Name attribute:username is visible
2025-12-22 20:34:26 INFO  BaseClass - page is scrolled to element :element with class attribute:oxd-table-cell oxd-padding-cell
2025-12-22 20:34:27 INFO  BaseClass - applied green color on border of element element with Name attribute:username
2025-12-22 20:34:27 INFO  BaseClass - DB connection successfull
2025-12-22 20:34:27 INFO  BaseClass - Executing query :SELECT employee_id,emp_firstname,emp_middle_name,emp_lastname FROM hs_hr_employee WHERE employee_id=0002
2025-12-22 20:34:27 INFO  BaseClass - query executed successfully
2025-12-22 20:34:27 INFO  BaseClass - able to store data from DB
2025-12-22 20:34:27 INFO  BaseClass - applied green color on border of element unable to describe element attribute type!!!
2025-12-22 20:34:27 INFO  BaseClass - page loaded successfully
2025-12-22 20:34:27 INFO  BaseClass - element is displayed :unable to describe element attribute type!!!
2025-12-22 20:34:27 INFO  BaseClass - Entered text :admin in element with Name attribute:username
2025-12-22 20:34:27 INFO  BaseClass - applied green color on border of element element with class attribute:oxd-table-cell oxd-padding-cell
2025-12-22 20:34:27 INFO  BaseClass - page loaded successfully
2025-12-22 20:34:27 INFO  BaseClass - element with class attribute:oxd-table-cell oxd-padding-cell is visible
2025-12-22 20:34:27 INFO  BaseClass - applied green color on border of element element with Name attribute:password
2025-12-22 20:34:27 INFO  BaseClass - element with Name attribute:password is visible
2025-12-22 20:34:28 INFO  BaseClass - applied green color on border of element element with class attribute:oxd-table-cell oxd-padding-cell
2025-12-22 20:34:28 INFO  BaseClass - Text are equals :harish kumarequals to harish kumar
2025-12-22 20:34:28 INFO  BaseClass - page loaded successfully
2025-12-22 20:34:28 INFO  BaseClass - applied green color on border of element element with Name attribute:password
2025-12-22 20:34:28 INFO  BaseClass - applied green color on border of element element with class attribute:oxd-table-cell oxd-padding-cell
2025-12-22 20:34:28 INFO  BaseClass - element with class attribute:oxd-table-cell oxd-padding-cell is visible
2025-12-22 20:34:28 INFO  BaseClass - Entered text :Manish@880 in element with Name attribute:password
2025-12-22 20:34:28 INFO  BaseClass - applied green color on border of element element with class attribute:oxd-table-cell oxd-padding-cell
2025-12-22 20:34:28 INFO  BaseClass - Text are equals :anuragiequals to anuragi
2025-12-22 20:34:28 INFO  BaseClass - verifyEmployeeFromDB COMPLETED
2025-12-22 20:34:28 INFO  BaseClass - page loaded successfully
2025-12-22 20:34:28 INFO  BaseClass - applied green color on border of element element with class attribute:oxd-button oxd-button--medium oxd-button--main orangehrm-login-button
2025-12-22 20:34:28 INFO  BaseClass - located element by element with class attribute:oxd-button oxd-button--medium oxd-button--main orangehrm-login-button is clickable
2025-12-22 20:34:28 INFO  BaseClass - applied green color on border of element element with class attribute:oxd-button oxd-button--medium oxd-button--main orangehrm-login-button
2025-12-22 20:34:30 INFO  BaseClass - webdriver & ActionDriver classes instance terminated!!!
2025-12-22 20:34:30 INFO  BaseClass - clicked on :element with class attribute:oxd-button oxd-button--medium oxd-button--main orangehrm-login-button
2025-12-22 20:34:30 INFO  BaseClass - page loaded successfully
2025-12-22 20:34:31 INFO  BaseClass - webdriver & ActionDriver classes instance terminated!!!
2025-12-22 20:34:31 INFO  BaseClass - applied green color on border of element element with class attribute:oxd-text oxd-text--span oxd-main-menu-item--name
2025-12-22 20:34:31 INFO  BaseClass - element with class attribute:oxd-text oxd-text--span oxd-main-menu-item--name is visible
2025-12-22 20:34:31 INFO  BaseClass - applied green color on border of element element with class attribute:oxd-text oxd-text--span oxd-main-menu-item--name
2025-12-22 20:34:31 INFO  BaseClass - element is displayed :element with class attribute:oxd-text oxd-text--span oxd-main-menu-item--name
2025-12-22 20:34:31 INFO  BaseClass - page loaded successfully
2025-12-22 20:34:32 INFO  BaseClass - applied green color on border of element element with class attribute:oxd-userdropdown-tab
2025-12-22 20:34:32 INFO  BaseClass - located element by element with class attribute:oxd-userdropdown-tab is clickable
2025-12-22 20:34:32 INFO  BaseClass - applied green color on border of element element with class attribute:oxd-userdropdown-tab
2025-12-22 20:34:32 INFO  BaseClass - clicked on :element with class attribute:oxd-userdropdown-tab
2025-12-22 20:34:32 INFO  BaseClass - page loaded successfully
2025-12-22 20:34:32 INFO  BaseClass - applied green color on border of element element with class attribute:oxd-userdropdown-link
2025-12-22 20:34:32 INFO  BaseClass - located element by element with class attribute:oxd-userdropdown-link is clickable
2025-12-22 20:34:33 INFO  BaseClass - applied green color on border of element element with class attribute:oxd-userdropdown-link
2025-12-22 20:34:34 INFO  BaseClass - clicked on :element with class attribute:oxd-userdropdown-link
2025-12-22 20:34:38 INFO  BaseClass - webdriver & ActionDriver classes instance terminated!!!
2025-12-22 21:02:16 INFO  BaseClass - config.properties file is loaded!!!
2025-12-22 21:02:23 INFO  BaseClass - chromeDriver initialized!!!
2025-12-22 21:02:23 INFO  BaseClass - chromeDriver initialized!!!
2025-12-22 21:02:23 INFO  BaseClass - chromeDriver initialized!!!
2025-12-22 21:02:23 INFO  BaseClass - chromeDriver initialized!!!
2025-12-22 21:02:23 INFO  BaseClass - chromeDriver initialized!!!
2025-12-22 21:02:47 INFO  BaseClass - browser is launched and window is mazimized
2025-12-22 21:02:47 INFO  BaseClass - ActionDriver initialized!!!
2025-12-22 21:02:47 INFO  BaseClass - ActionDriver class instance is created!!!----->33
2025-12-22 21:02:47 INFO  BaseClass - starting verifyEmployeeFromDB()
2025-12-22 21:02:47 INFO  BaseClass - browser is launched and window is mazimized
2025-12-22 21:02:47 INFO  BaseClass - ActionDriver initialized!!!
2025-12-22 21:02:47 INFO  BaseClass - ActionDriver class instance is created!!!----->29
2025-12-22 21:02:47 INFO  BaseClass - browser is launched and window is mazimized
2025-12-22 21:02:47 INFO  BaseClass - ActionDriver initialized!!!
2025-12-22 21:02:47 INFO  BaseClass - ActionDriver class instance is created!!!----->30
2025-12-22 21:02:48 INFO  BaseClass - browser is launched and window is mazimized
2025-12-22 21:02:48 INFO  BaseClass - ActionDriver initialized!!!
2025-12-22 21:02:48 INFO  BaseClass - ActionDriver class instance is created!!!----->31
2025-12-22 21:02:48 INFO  BaseClass - browser is launched and window is mazimized
2025-12-22 21:02:48 INFO  BaseClass - ActionDriver initialized!!!
2025-12-22 21:02:48 INFO  BaseClass - ActionDriver class instance is created!!!----->32
2025-12-22 21:02:48 INFO  BaseClass - page loaded successfully
2025-12-22 21:02:49 INFO  BaseClass - page loaded successfully
2025-12-22 21:02:49 INFO  BaseClass - page loaded successfully
2025-12-22 21:02:51 INFO  BaseClass - applied green color on border of element element with Name attribute:username
2025-12-22 21:02:51 INFO  BaseClass - applied green color on border of element element with Name attribute:username
2025-12-22 21:02:51 INFO  BaseClass - applied green color on border of element element with Name attribute:username
2025-12-22 21:02:51 INFO  BaseClass - element with Name attribute:username is visible
2025-12-22 21:02:51 INFO  BaseClass - element with Name attribute:username is visible
2025-12-22 21:02:51 INFO  BaseClass - element with Name attribute:username is visible
2025-12-22 21:02:51 INFO  BaseClass - applied green color on border of element element with Name attribute:username
2025-12-22 21:02:51 INFO  BaseClass - applied green color on border of element element with Name attribute:username
2025-12-22 21:02:51 INFO  BaseClass - applied green color on border of element element with Name attribute:username
2025-12-22 21:02:52 INFO  BaseClass - Entered text :Admin in element with Name attribute:username
2025-12-22 21:02:52 INFO  BaseClass - Entered text :admin in element with Name attribute:username
2025-12-22 21:02:52 INFO  BaseClass - Entered text :admin in element with Name attribute:username
2025-12-22 21:02:52 INFO  BaseClass - page loaded successfully
2025-12-22 21:02:52 INFO  BaseClass - page loaded successfully
2025-12-22 21:02:52 INFO  BaseClass - page loaded successfully
2025-12-22 21:02:52 INFO  BaseClass - applied green color on border of element element with Name attribute:password
2025-12-22 21:02:52 INFO  BaseClass - applied green color on border of element element with Name attribute:password
2025-12-22 21:02:52 INFO  BaseClass - applied green color on border of element element with Name attribute:password
2025-12-22 21:02:52 INFO  BaseClass - element with Name attribute:password is visible
2025-12-22 21:02:52 INFO  BaseClass - element with Name attribute:password is visible
2025-12-22 21:02:52 INFO  BaseClass - element with Name attribute:password is visible
2025-12-22 21:02:52 INFO  BaseClass - applied green color on border of element element with Name attribute:password
2025-12-22 21:02:52 INFO  BaseClass - applied green color on border of element element with Name attribute:password
2025-12-22 21:02:52 INFO  BaseClass - applied green color on border of element element with Name attribute:password
2025-12-22 21:02:52 INFO  BaseClass - Entered text :Manish@880 in element with Name attribute:password
2025-12-22 21:02:52 INFO  BaseClass - Entered text :xxxxx in element with Name attribute:password
2025-12-22 21:02:52 INFO  BaseClass - Entered text :Manish@880 in element with Name attribute:password
2025-12-22 21:02:53 INFO  BaseClass - page loaded successfully
2025-12-22 21:02:53 INFO  BaseClass - page loaded successfully
2025-12-22 21:02:53 INFO  BaseClass - page loaded successfully
2025-12-22 21:02:53 INFO  BaseClass - applied green color on border of element element with class attribute:oxd-button oxd-button--medium oxd-button--main orangehrm-login-button
2025-12-22 21:02:53 INFO  BaseClass - applied green color on border of element element with class attribute:oxd-button oxd-button--medium oxd-button--main orangehrm-login-button
2025-12-22 21:02:53 INFO  BaseClass - applied green color on border of element element with class attribute:oxd-button oxd-button--medium oxd-button--main orangehrm-login-button
2025-12-22 21:02:53 INFO  BaseClass - located element by element with class attribute:oxd-button oxd-button--medium oxd-button--main orangehrm-login-button is clickable
2025-12-22 21:02:53 INFO  BaseClass - located element by element with class attribute:oxd-button oxd-button--medium oxd-button--main orangehrm-login-button is clickable
2025-12-22 21:02:53 INFO  BaseClass - located element by element with class attribute:oxd-button oxd-button--medium oxd-button--main orangehrm-login-button is clickable
2025-12-22 21:02:53 INFO  BaseClass - applied green color on border of element element with class attribute:oxd-button oxd-button--medium oxd-button--main orangehrm-login-button
2025-12-22 21:02:53 INFO  BaseClass - applied green color on border of element element with class attribute:oxd-button oxd-button--medium oxd-button--main orangehrm-login-button
2025-12-22 21:02:53 INFO  BaseClass - applied green color on border of element element with class attribute:oxd-button oxd-button--medium oxd-button--main orangehrm-login-button
2025-12-22 21:02:54 INFO  BaseClass - webdriver & ActionDriver classes instance terminated!!!
2025-12-22 21:02:55 INFO  BaseClass - webdriver & ActionDriver classes instance terminated!!!
2025-12-22 21:02:57 INFO  BaseClass - clicked on :element with class attribute:oxd-button oxd-button--medium oxd-button--main orangehrm-login-button
2025-12-22 21:02:58 INFO  BaseClass - page loaded successfully
2025-12-22 21:02:58 INFO  BaseClass - chromeDriver initialized!!!
2025-12-22 21:02:59 INFO  BaseClass - applied green color on border of element element with class attribute:oxd-text oxd-text--p oxd-alert-content-text
2025-12-22 21:02:59 INFO  BaseClass - element with class attribute:oxd-text oxd-text--p oxd-alert-content-text is visible
2025-12-22 21:03:01 INFO  BaseClass - browser is launched and window is mazimized
2025-12-22 21:03:01 INFO  BaseClass - ActionDriver initialized!!!
2025-12-22 21:03:01 INFO  BaseClass - ActionDriver class instance is created!!!----->30
2025-12-22 21:03:01 INFO  BaseClass - page loaded successfully
2025-12-22 21:03:01 INFO  BaseClass - applied green color on border of element element with class attribute:oxd-text oxd-text--p oxd-alert-content-text
2025-12-22 21:03:01 INFO  BaseClass - Text are equals :Invalid credentialsequals to Invalid credentials
2025-12-22 21:03:02 INFO  BaseClass - applied green color on border of element element with Name attribute:username
2025-12-22 21:03:02 INFO  BaseClass - element with Name attribute:username is visible
2025-12-22 21:03:02 INFO  BaseClass - applied green color on border of element element with Name attribute:username
2025-12-22 21:03:02 INFO  BaseClass - Entered text :admin in element with Name attribute:username
2025-12-22 21:03:02 INFO  BaseClass - page loaded successfully
2025-12-22 21:03:02 INFO  BaseClass - applied green color on border of element element with Name attribute:password
2025-12-22 21:03:02 INFO  BaseClass - element with Name attribute:password is visible
2025-12-22 21:03:03 INFO  BaseClass - applied green color on border of element element with Name attribute:password
2025-12-22 21:03:03 INFO  BaseClass - Entered text :Manish@880 in element with Name attribute:password
2025-12-22 21:03:03 INFO  BaseClass - page loaded successfully
2025-12-22 21:03:03 INFO  BaseClass - applied green color on border of element element with class attribute:oxd-button oxd-button--medium oxd-button--main orangehrm-login-button
2025-12-22 21:03:03 INFO  BaseClass - located element by element with class attribute:oxd-button oxd-button--medium oxd-button--main orangehrm-login-button is clickable
2025-12-22 21:03:03 INFO  BaseClass - applied green color on border of element element with class attribute:oxd-button oxd-button--medium oxd-button--main orangehrm-login-button
2025-12-22 21:03:04 INFO  BaseClass - clicked on :element with class attribute:oxd-button oxd-button--medium oxd-button--main orangehrm-login-button
2025-12-22 21:03:04 INFO  BaseClass - clicked on :element with class attribute:oxd-button oxd-button--medium oxd-button--main orangehrm-login-button
2025-12-22 21:03:04 INFO  BaseClass - clicked on :element with class attribute:oxd-button oxd-button--medium oxd-button--main orangehrm-login-button
2025-12-22 21:03:04 INFO  BaseClass - page loaded successfully
2025-12-22 21:03:07 INFO  BaseClass - page loaded successfully
2025-12-22 21:03:07 INFO  BaseClass - applied green color on border of element element with class attribute:oxd-text oxd-text--span oxd-main-menu-item--name
2025-12-22 21:03:07 INFO  BaseClass - page loaded successfully
2025-12-22 21:03:07 INFO  BaseClass - applied green color on border of element element with class attribute:oxd-text oxd-text--span oxd-main-menu-item--name
2025-12-22 21:03:08 INFO  BaseClass - located element by element with class attribute:oxd-text oxd-text--span oxd-main-menu-item--name is clickable
2025-12-22 21:03:08 INFO  BaseClass - element with class attribute:oxd-text oxd-text--span oxd-main-menu-item--name is visible
2025-12-22 21:03:09 INFO  BaseClass - applied green color on border of element element with class attribute:oxd-text oxd-text--span oxd-main-menu-item--name
2025-12-22 21:03:09 INFO  BaseClass - applied green color on border of element unable to describe element attribute type!!!
2025-12-22 21:03:09 INFO  BaseClass - unable to describe element attribute type!!! is visible
2025-12-22 21:03:09 INFO  BaseClass - applied green color on border of element unable to describe element attribute type!!!
2025-12-22 21:03:09 INFO  BaseClass - element is displayed :unable to describe element attribute type!!!
2025-12-22 21:03:10 INFO  BaseClass - applied green color on border of element element with class attribute:oxd-text oxd-text--span oxd-main-menu-item--name
2025-12-22 21:03:10 INFO  BaseClass - element is displayed :element with class attribute:oxd-text oxd-text--span oxd-main-menu-item--name
2025-12-22 21:03:10 INFO  BaseClass - page loaded successfully
2025-12-22 21:03:11 INFO  BaseClass - applied green color on border of element element with class attribute:oxd-userdropdown-tab
2025-12-22 21:03:11 INFO  BaseClass - located element by element with class attribute:oxd-userdropdown-tab is clickable
2025-12-22 21:03:11 INFO  BaseClass - applied green color on border of element element with class attribute:oxd-userdropdown-tab
2025-12-22 21:03:12 INFO  BaseClass - clicked on :element with class attribute:oxd-userdropdown-tab
2025-12-22 21:03:12 INFO  BaseClass - page loaded successfully
2025-12-22 21:03:12 INFO  BaseClass - applied green color on border of element element with class attribute:oxd-userdropdown-link
2025-12-22 21:03:13 INFO  BaseClass - located element by element with class attribute:oxd-userdropdown-link is clickable
2025-12-22 21:03:13 INFO  BaseClass - applied green color on border of element element with class attribute:oxd-userdropdown-link
2025-12-22 21:03:14 INFO  BaseClass - clicked on :element with class attribute:oxd-text oxd-text--span oxd-main-menu-item--name
2025-12-22 21:03:14 INFO  BaseClass - clicked on PIM Tab
2025-12-22 21:03:14 INFO  BaseClass - page loaded successfully
2025-12-22 21:03:15 INFO  BaseClass - webdriver & ActionDriver classes instance terminated!!!
2025-12-22 21:03:15 INFO  BaseClass - clicked on :element with class attribute:oxd-userdropdown-link
2025-12-22 21:03:15 INFO  BaseClass - webdriver & ActionDriver classes instance terminated!!!
2025-12-22 21:03:15 INFO  BaseClass - applied green color on border of element element with placeholder attribute:Type for hints...
2025-12-22 21:03:16 INFO  BaseClass - element with placeholder attribute:Type for hints... is visible
2025-12-22 21:03:16 INFO  BaseClass - applied green color on border of element element with placeholder attribute:Type for hints...
2025-12-22 21:03:16 INFO  BaseClass - Entered text :harish in element with placeholder attribute:Type for hints...
2025-12-22 21:03:16 INFO  BaseClass - page loaded successfully
2025-12-22 21:03:17 INFO  BaseClass - chromeDriver initialized!!!
2025-12-22 21:03:17 INFO  BaseClass - applied green color on border of element element with class attribute:oxd-button oxd-button--medium oxd-button--secondary orangehrm-left-space
2025-12-22 21:03:17 INFO  BaseClass - located element by element with class attribute:oxd-button oxd-button--medium oxd-button--secondary orangehrm-left-space is clickable
2025-12-22 21:03:18 INFO  BaseClass - applied green color on border of element element with class attribute:oxd-button oxd-button--medium oxd-button--secondary orangehrm-left-space
2025-12-22 21:03:18 INFO  BaseClass - clicked on :element with class attribute:oxd-button oxd-button--medium oxd-button--secondary orangehrm-left-space
2025-12-22 21:03:19 INFO  BaseClass - browser is launched and window is mazimized
2025-12-22 21:03:19 INFO  BaseClass - ActionDriver initialized!!!
2025-12-22 21:03:19 INFO  BaseClass - ActionDriver class instance is created!!!----->31
2025-12-22 21:03:19 INFO  BaseClass - page loaded successfully
2025-12-22 21:03:19 INFO  BaseClass - applied green color on border of element element with class attribute:oxd-table-cell oxd-padding-cell
2025-12-22 21:03:19 INFO  BaseClass - page is scrolled to element :element with class attribute:oxd-table-cell oxd-padding-cell
2025-12-22 21:03:19 INFO  BaseClass - applied green color on border of element element with Name attribute:username
2025-12-22 21:03:19 INFO  BaseClass - element with Name attribute:username is visible
2025-12-22 21:03:20 INFO  BaseClass - DB connection successfull
2025-12-22 21:03:20 INFO  BaseClass - applied green color on border of element element with Name attribute:username
2025-12-22 21:03:20 INFO  BaseClass - Executing query :SELECT employee_id,emp_firstname,emp_middle_name,emp_lastname FROM hs_hr_employee WHERE employee_id=0002
2025-12-22 21:03:20 INFO  BaseClass - query executed successfully
2025-12-22 21:03:20 INFO  BaseClass - able to store data from DB
2025-12-22 21:03:20 INFO  BaseClass - page loaded successfully
2025-12-22 21:03:20 INFO  BaseClass - Entered text :admin in element with Name attribute:username
2025-12-22 21:03:20 INFO  BaseClass - applied green color on border of element element with class attribute:oxd-table-cell oxd-padding-cell
2025-12-22 21:03:20 INFO  BaseClass - page loaded successfully
2025-12-22 21:03:20 INFO  BaseClass - element with class attribute:oxd-table-cell oxd-padding-cell is visible
2025-12-22 21:03:20 INFO  BaseClass - applied green color on border of element element with Name attribute:password
2025-12-22 21:03:20 INFO  BaseClass - element with Name attribute:password is visible
2025-12-22 21:03:20 INFO  BaseClass - applied green color on border of element element with class attribute:oxd-table-cell oxd-padding-cell
2025-12-22 21:03:20 INFO  BaseClass - Text are equals :harish kumarequals to harish kumar
2025-12-22 21:03:20 INFO  BaseClass - page loaded successfully
2025-12-22 21:03:20 INFO  BaseClass - applied green color on border of element element with Name attribute:password
2025-12-22 21:03:20 INFO  BaseClass - applied green color on border of element element with class attribute:oxd-table-cell oxd-padding-cell
2025-12-22 21:03:20 INFO  BaseClass - element with class attribute:oxd-table-cell oxd-padding-cell is visible
2025-12-22 21:03:20 INFO  BaseClass - Entered text :Manish@880 in element with Name attribute:password
2025-12-22 21:03:20 INFO  BaseClass - page loaded successfully
2025-12-22 21:03:21 INFO  BaseClass - applied green color on border of element element with class attribute:oxd-table-cell oxd-padding-cell
2025-12-22 21:03:21 INFO  BaseClass - Text are equals :anuragiequals to anuragi
2025-12-22 21:03:21 INFO  BaseClass - verifyEmployeeFromDB COMPLETED
2025-12-22 21:03:21 INFO  BaseClass - applied green color on border of element element with class attribute:oxd-button oxd-button--medium oxd-button--main orangehrm-login-button
2025-12-22 21:03:21 INFO  BaseClass - located element by element with class attribute:oxd-button oxd-button--medium oxd-button--main orangehrm-login-button is clickable
2025-12-22 21:03:21 INFO  BaseClass - webdriver & ActionDriver classes instance terminated!!!
2025-12-22 21:03:21 INFO  BaseClass - applied green color on border of element element with class attribute:oxd-button oxd-button--medium oxd-button--main orangehrm-login-button
2025-12-22 21:03:21 INFO  BaseClass - clicked on :element with class attribute:oxd-button oxd-button--medium oxd-button--main orangehrm-login-button
2025-12-22 21:03:21 INFO  BaseClass - page loaded successfully
2025-12-22 21:03:23 INFO  BaseClass - applied green color on border of element element with class attribute:oxd-text oxd-text--span oxd-main-menu-item--name
2025-12-22 21:03:23 INFO  BaseClass - element with class attribute:oxd-text oxd-text--span oxd-main-menu-item--name is visible
2025-12-22 21:03:23 INFO  BaseClass - applied green color on border of element element with class attribute:oxd-text oxd-text--span oxd-main-menu-item--name
2025-12-22 21:03:23 INFO  BaseClass - element is displayed :element with class attribute:oxd-text oxd-text--span oxd-main-menu-item--name
2025-12-22 21:03:23 INFO  BaseClass - page loaded successfully
2025-12-22 21:03:24 INFO  BaseClass - applied green color on border of element element with class attribute:oxd-userdropdown-tab
2025-12-22 21:03:24 INFO  BaseClass - located element by element with class attribute:oxd-userdropdown-tab is clickable
2025-12-22 21:03:24 INFO  BaseClass - applied green color on border of element element with class attribute:oxd-userdropdown-tab
2025-12-22 21:03:24 INFO  BaseClass - clicked on :element with class attribute:oxd-userdropdown-tab
2025-12-22 21:03:24 INFO  BaseClass - page loaded successfully
2025-12-22 21:03:24 INFO  BaseClass - webdriver & ActionDriver classes instance terminated!!!
2025-12-22 21:03:24 INFO  BaseClass - applied green color on border of element element with class attribute:oxd-userdropdown-link
2025-12-22 21:03:24 INFO  BaseClass - located element by element with class attribute:oxd-userdropdown-link is clickable
2025-12-22 21:03:24 INFO  BaseClass - applied green color on border of element element with class attribute:oxd-userdropdown-link
2025-12-22 21:03:26 INFO  BaseClass - clicked on :element with class attribute:oxd-userdropdown-link
2025-12-22 21:03:30 INFO  BaseClass - webdriver & ActionDriver classes instance terminated!!!
2025-12-22 21:04:14 INFO  BaseClass - config.properties file is loaded!!!
2025-12-22 21:04:19 INFO  BaseClass - chromeDriver initialized!!!
2025-12-22 21:04:19 INFO  BaseClass - chromeDriver initialized!!!
2025-12-22 21:04:19 INFO  BaseClass - chromeDriver initialized!!!
2025-12-22 21:04:19 INFO  BaseClass - chromeDriver initialized!!!
2025-12-22 21:04:20 INFO  BaseClass - chromeDriver initialized!!!
2025-12-22 21:04:23 INFO  BaseClass - browser is launched and window is mazimized
2025-12-22 21:04:23 INFO  BaseClass - ActionDriver initialized!!!
2025-12-22 21:04:23 INFO  BaseClass - ActionDriver class instance is created!!!----->29
2025-12-22 21:04:23 INFO  BaseClass - browser is launched and window is mazimized
2025-12-22 21:04:23 INFO  BaseClass - ActionDriver initialized!!!
2025-12-22 21:04:23 INFO  BaseClass - ActionDriver class instance is created!!!----->32
2025-12-22 21:04:23 INFO  BaseClass - browser is launched and window is mazimized
2025-12-22 21:04:23 INFO  BaseClass - ActionDriver initialized!!!
2025-12-22 21:04:23 INFO  BaseClass - ActionDriver class instance is created!!!----->33
2025-12-22 21:04:23 INFO  BaseClass - starting verifyEmployeeFromDB()
2025-12-22 21:04:23 INFO  BaseClass - browser is launched and window is mazimized
2025-12-22 21:04:23 INFO  BaseClass - ActionDriver initialized!!!
2025-12-22 21:04:23 INFO  BaseClass - ActionDriver class instance is created!!!----->30
2025-12-22 21:04:23 INFO  BaseClass - page loaded successfully
2025-12-22 21:04:24 INFO  BaseClass - page loaded successfully
2025-12-22 21:04:24 INFO  BaseClass - browser is launched and window is mazimized
2025-12-22 21:04:24 INFO  BaseClass - ActionDriver initialized!!!
2025-12-22 21:04:24 INFO  BaseClass - ActionDriver class instance is created!!!----->31
2025-12-22 21:04:24 INFO  BaseClass - page loaded successfully
2025-12-22 21:04:24 INFO  BaseClass - applied green color on border of element element with Name attribute:username
2025-12-22 21:04:25 INFO  BaseClass - applied green color on border of element element with Name attribute:username
2025-12-22 21:04:25 INFO  BaseClass - element with Name attribute:username is visible
2025-12-22 21:04:25 INFO  BaseClass - applied green color on border of element element with Name attribute:username
2025-12-22 21:04:25 INFO  BaseClass - element with Name attribute:username is visible
2025-12-22 21:04:25 INFO  BaseClass - element with Name attribute:username is visible
2025-12-22 21:04:25 INFO  BaseClass - applied green color on border of element element with Name attribute:username
2025-12-22 21:04:25 INFO  BaseClass - applied green color on border of element element with Name attribute:username
2025-12-22 21:04:25 INFO  BaseClass - applied green color on border of element element with Name attribute:username
2025-12-22 21:04:25 INFO  BaseClass - Entered text :Admin in element with Name attribute:username
2025-12-22 21:04:25 INFO  BaseClass - Entered text :admin in element with Name attribute:username
2025-12-22 21:04:25 INFO  BaseClass - page loaded successfully
2025-12-22 21:04:25 INFO  BaseClass - Entered text :admin in element with Name attribute:username
2025-12-22 21:04:25 INFO  BaseClass - page loaded successfully
2025-12-22 21:04:25 INFO  BaseClass - page loaded successfully
2025-12-22 21:04:25 INFO  BaseClass - applied green color on border of element element with Name attribute:password
2025-12-22 21:04:25 INFO  BaseClass - element with Name attribute:password is visible
2025-12-22 21:04:25 INFO  BaseClass - applied green color on border of element element with Name attribute:password
2025-12-22 21:04:25 INFO  BaseClass - element with Name attribute:password is visible
2025-12-22 21:04:25 INFO  BaseClass - applied green color on border of element element with Name attribute:password
2025-12-22 21:04:26 INFO  BaseClass - applied green color on border of element element with Name attribute:password
2025-12-22 21:04:26 INFO  BaseClass - element with Name attribute:password is visible
2025-12-22 21:04:26 INFO  BaseClass - Entered text :xxxxx in element with Name attribute:password
2025-12-22 21:04:26 INFO  BaseClass - applied green color on border of element element with Name attribute:password
2025-12-22 21:04:26 INFO  BaseClass - page loaded successfully
2025-12-22 21:04:26 INFO  BaseClass - applied green color on border of element element with Name attribute:password
2025-12-22 21:04:26 INFO  BaseClass - applied green color on border of element element with class attribute:oxd-button oxd-button--medium oxd-button--main orangehrm-login-button
2025-12-22 21:04:26 INFO  BaseClass - located element by element with class attribute:oxd-button oxd-button--medium oxd-button--main orangehrm-login-button is clickable
2025-12-22 21:04:26 INFO  BaseClass - Entered text :Manish@880 in element with Name attribute:password
2025-12-22 21:04:26 INFO  BaseClass - Entered text :Manish@880 in element with Name attribute:password
2025-12-22 21:04:26 INFO  BaseClass - applied green color on border of element element with class attribute:oxd-button oxd-button--medium oxd-button--main orangehrm-login-button
2025-12-22 21:04:27 INFO  BaseClass - page loaded successfully
2025-12-22 21:04:27 INFO  BaseClass - clicked on :element with class attribute:oxd-button oxd-button--medium oxd-button--main orangehrm-login-button
2025-12-22 21:04:27 INFO  BaseClass - page loaded successfully
2025-12-22 21:04:27 INFO  BaseClass - page loaded successfully
2025-12-22 21:04:27 INFO  BaseClass - applied green color on border of element element with class attribute:oxd-button oxd-button--medium oxd-button--main orangehrm-login-button
2025-12-22 21:04:27 INFO  BaseClass - located element by element with class attribute:oxd-button oxd-button--medium oxd-button--main orangehrm-login-button is clickable
2025-12-22 21:04:27 INFO  BaseClass - applied green color on border of element element with class attribute:oxd-button oxd-button--medium oxd-button--main orangehrm-login-button
2025-12-22 21:04:27 INFO  BaseClass - located element by element with class attribute:oxd-button oxd-button--medium oxd-button--main orangehrm-login-button is clickable
2025-12-22 21:04:27 INFO  BaseClass - applied green color on border of element element with class attribute:oxd-button oxd-button--medium oxd-button--main orangehrm-login-button
2025-12-22 21:04:27 INFO  BaseClass - applied green color on border of element element with class attribute:oxd-button oxd-button--medium oxd-button--main orangehrm-login-button
2025-12-22 21:04:27 INFO  BaseClass - clicked on :element with class attribute:oxd-button oxd-button--medium oxd-button--main orangehrm-login-button
2025-12-22 21:04:27 INFO  BaseClass - page loaded successfully
2025-12-22 21:04:29 INFO  BaseClass - applied green color on border of element element with class attribute:oxd-text oxd-text--p oxd-alert-content-text
2025-12-22 21:04:29 INFO  BaseClass - element with class attribute:oxd-text oxd-text--p oxd-alert-content-text is visible
2025-12-22 21:04:29 INFO  BaseClass - applied green color on border of element element with class attribute:oxd-text oxd-text--p oxd-alert-content-text
2025-12-22 21:04:29 INFO  BaseClass - Text are equals :Invalid credentialsequals to Invalid credentials
2025-12-22 21:04:29 INFO  BaseClass - clicked on :element with class attribute:oxd-button oxd-button--medium oxd-button--main orangehrm-login-button
2025-12-22 21:04:31 INFO  BaseClass - page loaded successfully
2025-12-22 21:04:31 INFO  BaseClass - applied green color on border of element element with class attribute:oxd-text oxd-text--span oxd-main-menu-item--name
2025-12-22 21:04:31 INFO  BaseClass - element with class attribute:oxd-text oxd-text--span oxd-main-menu-item--name is visible
2025-12-22 21:04:31 INFO  BaseClass - applied green color on border of element element with class attribute:oxd-text oxd-text--span oxd-main-menu-item--name
2025-12-22 21:04:31 INFO  BaseClass - located element by element with class attribute:oxd-text oxd-text--span oxd-main-menu-item--name is clickable
2025-12-22 21:04:31 INFO  BaseClass - applied green color on border of element element with class attribute:oxd-text oxd-text--span oxd-main-menu-item--name
2025-12-22 21:04:31 INFO  BaseClass - element is displayed :element with class attribute:oxd-text oxd-text--span oxd-main-menu-item--name
2025-12-22 21:04:31 INFO  BaseClass - applied green color on border of element element with class attribute:oxd-text oxd-text--span oxd-main-menu-item--name
2025-12-22 21:04:31 INFO  BaseClass - page loaded successfully
2025-12-22 21:04:32 INFO  BaseClass - applied green color on border of element element with class attribute:oxd-userdropdown-tab
2025-12-22 21:04:32 INFO  BaseClass - located element by element with class attribute:oxd-userdropdown-tab is clickable
2025-12-22 21:04:32 INFO  BaseClass - applied green color on border of element element with class attribute:oxd-userdropdown-tab
2025-12-22 21:04:33 INFO  BaseClass - clicked on :element with class attribute:oxd-userdropdown-tab
2025-12-22 21:04:33 INFO  BaseClass - page loaded successfully
2025-12-22 21:04:33 INFO  BaseClass - applied green color on border of element element with class attribute:oxd-userdropdown-link
2025-12-22 21:04:33 INFO  BaseClass - located element by element with class attribute:oxd-userdropdown-link is clickable
2025-12-22 21:04:33 INFO  BaseClass - applied green color on border of element element with class attribute:oxd-userdropdown-link
2025-12-22 21:04:34 INFO  BaseClass - clicked on :element with class attribute:oxd-text oxd-text--span oxd-main-menu-item--name
2025-12-22 21:04:34 INFO  BaseClass - clicked on PIM Tab
2025-12-22 21:04:34 INFO  BaseClass - page loaded successfully
2025-12-22 21:04:35 INFO  BaseClass - clicked on :element with class attribute:oxd-userdropdown-link
2025-12-22 21:04:35 INFO  BaseClass - applied green color on border of element element with placeholder attribute:Type for hints...
2025-12-22 21:04:35 INFO  BaseClass - element with placeholder attribute:Type for hints... is visible
2025-12-22 21:04:35 INFO  BaseClass - applied green color on border of element element with placeholder attribute:Type for hints...
2025-12-22 21:04:35 INFO  BaseClass - webdriver & ActionDriver classes instance terminated!!!
2025-12-22 21:04:35 INFO  BaseClass - Entered text :harish in element with placeholder attribute:Type for hints...
2025-12-22 21:04:35 INFO  BaseClass - webdriver & ActionDriver classes instance terminated!!!
2025-12-22 21:04:35 INFO  BaseClass - webdriver & ActionDriver classes instance terminated!!!
2025-12-22 21:04:35 INFO  BaseClass - page loaded successfully
2025-12-22 21:04:36 INFO  BaseClass - applied green color on border of element element with class attribute:oxd-button oxd-button--medium oxd-button--secondary orangehrm-left-space
2025-12-22 21:04:36 INFO  BaseClass - located element by element with class attribute:oxd-button oxd-button--medium oxd-button--secondary orangehrm-left-space is clickable
2025-12-22 21:04:36 INFO  BaseClass - applied green color on border of element element with class attribute:oxd-button oxd-button--medium oxd-button--secondary orangehrm-left-space
2025-12-22 21:04:36 INFO  BaseClass - clicked on :element with class attribute:oxd-button oxd-button--medium oxd-button--secondary orangehrm-left-space
2025-12-22 21:04:37 INFO  BaseClass - applied green color on border of element element with class attribute:oxd-table-cell oxd-padding-cell
2025-12-22 21:04:37 INFO  BaseClass - page is scrolled to element :element with class attribute:oxd-table-cell oxd-padding-cell
2025-12-22 21:04:38 INFO  BaseClass - DB connection successfull
2025-12-22 21:04:38 INFO  BaseClass - Executing query :SELECT employee_id,emp_firstname,emp_middle_name,emp_lastname FROM hs_hr_employee WHERE employee_id=0002
2025-12-22 21:04:38 INFO  BaseClass - query executed successfully
2025-12-22 21:04:38 INFO  BaseClass - able to store data from DB
2025-12-22 21:04:39 INFO  BaseClass - page loaded successfully
2025-12-22 21:04:40 INFO  BaseClass - chromeDriver initialized!!!
2025-12-22 21:04:41 INFO  BaseClass - chromeDriver initialized!!!
2025-12-22 21:04:43 INFO  BaseClass - browser is launched and window is mazimized
2025-12-22 21:04:43 INFO  BaseClass - ActionDriver initialized!!!
2025-12-22 21:04:43 INFO  BaseClass - ActionDriver class instance is created!!!----->30
2025-12-22 21:04:43 INFO  BaseClass - page loaded successfully
2025-12-22 21:04:43 INFO  BaseClass - applied green color on border of element element with class attribute:oxd-table-cell oxd-padding-cell
2025-12-22 21:04:43 INFO  BaseClass - browser is launched and window is mazimized
2025-12-22 21:04:43 INFO  BaseClass - ActionDriver initialized!!!
2025-12-22 21:04:43 INFO  BaseClass - ActionDriver class instance is created!!!----->31
2025-12-22 21:04:44 INFO  BaseClass - page loaded successfully
2025-12-22 21:04:44 INFO  BaseClass - element with class attribute:oxd-table-cell oxd-padding-cell is visible
2025-12-22 21:04:44 INFO  BaseClass - applied green color on border of element element with Name attribute:username
2025-12-22 21:04:44 INFO  BaseClass - element with Name attribute:username is visible
2025-12-22 21:04:44 INFO  BaseClass - applied green color on border of element element with Name attribute:username
2025-12-22 21:04:44 INFO  BaseClass - applied green color on border of element element with class attribute:oxd-table-cell oxd-padding-cell
2025-12-22 21:04:44 INFO  BaseClass - Text are equals :harish kumarequals to harish kumar
2025-12-22 21:04:44 INFO  BaseClass - page loaded successfully
2025-12-22 21:04:44 INFO  BaseClass - applied green color on border of element element with Name attribute:username
2025-12-22 21:04:44 INFO  BaseClass - element with Name attribute:username is visible
2025-12-22 21:04:44 INFO  BaseClass - Entered text :admin in element with Name attribute:username
2025-12-22 21:04:44 INFO  BaseClass - applied green color on border of element element with class attribute:oxd-table-cell oxd-padding-cell
2025-12-22 21:04:44 INFO  BaseClass - page loaded successfully
2025-12-22 21:04:44 INFO  BaseClass - element with class attribute:oxd-table-cell oxd-padding-cell is visible
2025-12-22 21:04:45 INFO  BaseClass - applied green color on border of element element with Name attribute:username
2025-12-22 21:04:45 INFO  BaseClass - applied green color on border of element element with Name attribute:password
2025-12-22 21:04:45 INFO  BaseClass - element with Name attribute:password is visible
2025-12-22 21:04:45 INFO  BaseClass - applied green color on border of element element with class attribute:oxd-table-cell oxd-padding-cell
2025-12-22 21:04:45 INFO  BaseClass - Text are equals :anuragiequals to anuragi
2025-12-22 21:04:45 INFO  BaseClass - verifyEmployeeFromDB COMPLETED
2025-12-22 21:04:45 INFO  BaseClass - Entered text :admin in element with Name attribute:username
2025-12-22 21:04:45 INFO  BaseClass - applied green color on border of element element with Name attribute:password
2025-12-22 21:04:45 INFO  BaseClass - page loaded successfully
2025-12-22 21:04:45 INFO  BaseClass - Entered text :Manish@880 in element with Name attribute:password
2025-12-22 21:04:45 INFO  BaseClass - applied green color on border of element element with Name attribute:password
2025-12-22 21:04:45 INFO  BaseClass - element with Name attribute:password is visible
2025-12-22 21:04:45 INFO  BaseClass - page loaded successfully
2025-12-22 21:04:45 INFO  BaseClass - applied green color on border of element element with class attribute:oxd-button oxd-button--medium oxd-button--main orangehrm-login-button
2025-12-22 21:04:45 INFO  BaseClass - located element by element with class attribute:oxd-button oxd-button--medium oxd-button--main orangehrm-login-button is clickable
2025-12-22 21:04:45 INFO  BaseClass - applied green color on border of element element with Name attribute:password
2025-12-22 21:04:45 INFO  BaseClass - applied green color on border of element element with class attribute:oxd-button oxd-button--medium oxd-button--main orangehrm-login-button
2025-12-22 21:04:46 INFO  BaseClass - Entered text :Manish@880 in element with Name attribute:password
2025-12-22 21:04:46 INFO  BaseClass - page loaded successfully
2025-12-22 21:04:46 INFO  BaseClass - applied green color on border of element element with class attribute:oxd-button oxd-button--medium oxd-button--main orangehrm-login-button
2025-12-22 21:04:46 INFO  BaseClass - located element by element with class attribute:oxd-button oxd-button--medium oxd-button--main orangehrm-login-button is clickable
2025-12-22 21:04:46 INFO  BaseClass - applied green color on border of element element with class attribute:oxd-button oxd-button--medium oxd-button--main orangehrm-login-button
2025-12-22 21:04:48 INFO  BaseClass - clicked on :element with class attribute:oxd-button oxd-button--medium oxd-button--main orangehrm-login-button
2025-12-22 21:04:48 INFO  BaseClass - page loaded successfully
2025-12-22 21:04:48 INFO  BaseClass - clicked on :element with class attribute:oxd-button oxd-button--medium oxd-button--main orangehrm-login-button
2025-12-22 21:04:48 INFO  BaseClass - page loaded successfully
2025-12-22 21:04:49 INFO  BaseClass - applied green color on border of element unable to describe element attribute type!!!
2025-12-22 21:04:49 INFO  BaseClass - unable to describe element attribute type!!! is visible
2025-12-22 21:04:49 INFO  BaseClass - applied green color on border of element unable to describe element attribute type!!!
2025-12-22 21:04:49 INFO  BaseClass - element is displayed :unable to describe element attribute type!!!
2025-12-22 21:04:50 INFO  BaseClass - applied green color on border of element element with class attribute:oxd-text oxd-text--span oxd-main-menu-item--name
2025-12-22 21:04:50 INFO  BaseClass - element with class attribute:oxd-text oxd-text--span oxd-main-menu-item--name is visible
2025-12-22 21:04:51 INFO  BaseClass - applied green color on border of element element with class attribute:oxd-text oxd-text--span oxd-main-menu-item--name
2025-12-22 21:04:51 INFO  BaseClass - element is displayed :element with class attribute:oxd-text oxd-text--span oxd-main-menu-item--name
2025-12-22 21:04:51 INFO  BaseClass - page loaded successfully
2025-12-22 21:04:51 INFO  BaseClass - applied green color on border of element element with class attribute:oxd-userdropdown-tab
2025-12-22 21:04:51 INFO  BaseClass - located element by element with class attribute:oxd-userdropdown-tab is clickable
2025-12-22 21:04:51 INFO  BaseClass - applied green color on border of element element with class attribute:oxd-userdropdown-tab
2025-12-22 21:04:52 INFO  BaseClass - webdriver & ActionDriver classes instance terminated!!!
2025-12-22 21:04:52 INFO  BaseClass - clicked on :element with class attribute:oxd-userdropdown-tab
2025-12-22 21:04:52 INFO  BaseClass - page loaded successfully
2025-12-22 21:04:52 INFO  BaseClass - applied green color on border of element element with class attribute:oxd-userdropdown-link
2025-12-22 21:04:52 INFO  BaseClass - located element by element with class attribute:oxd-userdropdown-link is clickable
2025-12-22 21:04:52 INFO  BaseClass - webdriver & ActionDriver classes instance terminated!!!
2025-12-22 21:04:52 INFO  BaseClass - applied green color on border of element element with class attribute:oxd-userdropdown-link
2025-12-22 21:04:53 INFO  BaseClass - clicked on :element with class attribute:oxd-userdropdown-link
2025-12-22 21:04:53 INFO  BaseClass - webdriver & ActionDriver classes instance terminated!!!
2025-12-22 21:04:58 INFO  BaseClass - webdriver & ActionDriver classes instance terminated!!!
2025-12-22 21:06:07 INFO  BaseClass - config.properties file is loaded!!!
2025-12-22 21:06:11 INFO  BaseClass - chromeDriver initialized!!!
2025-12-22 21:06:11 INFO  BaseClass - chromeDriver initialized!!!
2025-12-22 21:06:11 INFO  BaseClass - chromeDriver initialized!!!
2025-12-22 21:06:11 INFO  BaseClass - chromeDriver initialized!!!
2025-12-22 21:06:11 INFO  BaseClass - chromeDriver initialized!!!
2025-12-22 21:06:13 INFO  BaseClass - browser is launched and window is mazimized
2025-12-22 21:06:13 INFO  BaseClass - ActionDriver initialized!!!
2025-12-22 21:06:13 INFO  BaseClass - ActionDriver class instance is created!!!----->33
2025-12-22 21:06:13 INFO  BaseClass - starting verifyEmployeeFromDB()
2025-12-22 21:06:13 INFO  BaseClass - browser is launched and window is mazimized
2025-12-22 21:06:13 INFO  BaseClass - ActionDriver initialized!!!
2025-12-22 21:06:13 INFO  BaseClass - ActionDriver class instance is created!!!----->29
2025-12-22 21:06:13 INFO  BaseClass - browser is launched and window is mazimized
2025-12-22 21:06:13 INFO  BaseClass - ActionDriver initialized!!!
2025-12-22 21:06:13 INFO  BaseClass - ActionDriver class instance is created!!!----->30
2025-12-22 21:06:13 INFO  BaseClass - browser is launched and window is mazimized
2025-12-22 21:06:13 INFO  BaseClass - ActionDriver initialized!!!
2025-12-22 21:06:13 INFO  BaseClass - ActionDriver class instance is created!!!----->32
2025-12-22 21:06:13 INFO  BaseClass - page loaded successfully
2025-12-22 21:06:14 INFO  BaseClass - browser is launched and window is mazimized
2025-12-22 21:06:14 INFO  BaseClass - ActionDriver initialized!!!
2025-12-22 21:06:14 INFO  BaseClass - ActionDriver class instance is created!!!----->31
2025-12-22 21:06:14 INFO  BaseClass - page loaded successfully
2025-12-22 21:06:14 INFO  BaseClass - page loaded successfully
2025-12-22 21:06:15 INFO  BaseClass - applied green color on border of element element with Name attribute:username
2025-12-22 21:06:15 INFO  BaseClass - element with Name attribute:username is visible
2025-12-22 21:06:15 INFO  BaseClass - applied green color on border of element element with Name attribute:username
2025-12-22 21:06:15 INFO  BaseClass - applied green color on border of element element with Name attribute:username
2025-12-22 21:06:15 INFO  BaseClass - element with Name attribute:username is visible
2025-12-22 21:06:15 INFO  BaseClass - element with Name attribute:username is visible
2025-12-22 21:06:15 INFO  BaseClass - applied green color on border of element element with Name attribute:username
2025-12-22 21:06:15 INFO  BaseClass - applied green color on border of element element with Name attribute:username
2025-12-22 21:06:15 INFO  BaseClass - applied green color on border of element element with Name attribute:username
2025-12-22 21:06:15 INFO  BaseClass - Entered text :admin in element with Name attribute:username
2025-12-22 21:06:15 INFO  BaseClass - Entered text :Admin in element with Name attribute:username
2025-12-22 21:06:16 INFO  BaseClass - page loaded successfully
2025-12-22 21:06:16 INFO  BaseClass - Entered text :admin in element with Name attribute:username
2025-12-22 21:06:16 INFO  BaseClass - page loaded successfully
2025-12-22 21:06:16 INFO  BaseClass - applied green color on border of element element with Name attribute:password
2025-12-22 21:06:16 INFO  BaseClass - page loaded successfully
2025-12-22 21:06:16 INFO  BaseClass - element with Name attribute:password is visible
2025-12-22 21:06:16 INFO  BaseClass - applied green color on border of element element with Name attribute:password
2025-12-22 21:06:16 INFO  BaseClass - element with Name attribute:password is visible
2025-12-22 21:06:16 INFO  BaseClass - applied green color on border of element element with Name attribute:password
2025-12-22 21:06:16 INFO  BaseClass - applied green color on border of element element with Name attribute:password
2025-12-22 21:06:16 INFO  BaseClass - element with Name attribute:password is visible
2025-12-22 21:06:16 INFO  BaseClass - applied green color on border of element element with Name attribute:password
2025-12-22 21:06:16 INFO  BaseClass - Entered text :Manish@880 in element with Name attribute:password
2025-12-22 21:06:16 INFO  BaseClass - applied green color on border of element element with Name attribute:password
2025-12-22 21:06:17 INFO  BaseClass - page loaded successfully
2025-12-22 21:06:17 INFO  BaseClass - Entered text :xxxxx in element with Name attribute:password
2025-12-22 21:06:17 INFO  BaseClass - Entered text :Manish@880 in element with Name attribute:password
2025-12-22 21:06:17 INFO  BaseClass - page loaded successfully
2025-12-22 21:06:17 INFO  BaseClass - applied green color on border of element element with class attribute:oxd-button oxd-button--medium oxd-button--main orangehrm-login-button
2025-12-22 21:06:17 INFO  BaseClass - located element by element with class attribute:oxd-button oxd-button--medium oxd-button--main orangehrm-login-button is clickable
2025-12-22 21:06:17 INFO  BaseClass - page loaded successfully
2025-12-22 21:06:17 INFO  BaseClass - applied green color on border of element element with class attribute:oxd-button oxd-button--medium oxd-button--main orangehrm-login-button
2025-12-22 21:06:17 INFO  BaseClass - located element by element with class attribute:oxd-button oxd-button--medium oxd-button--main orangehrm-login-button is clickable
2025-12-22 21:06:17 INFO  BaseClass - applied green color on border of element element with class attribute:oxd-button oxd-button--medium oxd-button--main orangehrm-login-button
2025-12-22 21:06:17 INFO  BaseClass - applied green color on border of element element with class attribute:oxd-button oxd-button--medium oxd-button--main orangehrm-login-button
2025-12-22 21:06:17 INFO  BaseClass - located element by element with class attribute:oxd-button oxd-button--medium oxd-button--main orangehrm-login-button is clickable
2025-12-22 21:06:17 INFO  BaseClass - applied green color on border of element element with class attribute:oxd-button oxd-button--medium oxd-button--main orangehrm-login-button
2025-12-22 21:06:17 INFO  BaseClass - applied green color on border of element element with class attribute:oxd-button oxd-button--medium oxd-button--main orangehrm-login-button
2025-12-22 21:06:17 INFO  BaseClass - clicked on :element with class attribute:oxd-button oxd-button--medium oxd-button--main orangehrm-login-button
2025-12-22 21:06:19 INFO  BaseClass - clicked on :element with class attribute:oxd-button oxd-button--medium oxd-button--main orangehrm-login-button
2025-12-22 21:06:19 INFO  BaseClass - page loaded successfully
2025-12-22 21:06:19 INFO  BaseClass - page loaded successfully
2025-12-22 21:06:20 INFO  BaseClass - clicked on :element with class attribute:oxd-button oxd-button--medium oxd-button--main orangehrm-login-button
2025-12-22 21:06:21 INFO  BaseClass - page loaded successfully
2025-12-22 21:06:21 INFO  BaseClass - applied green color on border of element element with class attribute:oxd-text oxd-text--p oxd-alert-content-text
2025-12-22 21:06:21 INFO  BaseClass - element with class attribute:oxd-text oxd-text--p oxd-alert-content-text is visible
2025-12-22 21:06:21 INFO  BaseClass - applied green color on border of element element with class attribute:oxd-text oxd-text--p oxd-alert-content-text
2025-12-22 21:06:21 INFO  BaseClass - Text are equals :Invalid credentialsequals to Invalid credentials
2025-12-22 21:06:22 INFO  BaseClass - webdriver & ActionDriver classes instance terminated!!!
2025-12-22 21:06:22 INFO  BaseClass - webdriver & ActionDriver classes instance terminated!!!
2025-12-22 21:06:24 INFO  BaseClass - chromeDriver initialized!!!
2025-12-22 21:06:25 INFO  BaseClass - browser is launched and window is mazimized
2025-12-22 21:06:25 INFO  BaseClass - ActionDriver initialized!!!
2025-12-22 21:06:25 INFO  BaseClass - ActionDriver class instance is created!!!----->29
2025-12-22 21:06:26 INFO  BaseClass - page loaded successfully
2025-12-22 21:06:27 INFO  BaseClass - applied green color on border of element element with Name attribute:username
2025-12-22 21:06:27 INFO  BaseClass - element with Name attribute:username is visible
2025-12-22 21:06:27 INFO  BaseClass - applied green color on border of element element with Name attribute:username
2025-12-22 21:06:28 INFO  BaseClass - Entered text :admin in element with Name attribute:username
2025-12-22 21:06:28 INFO  BaseClass - page loaded successfully
2025-12-22 21:06:28 INFO  BaseClass - applied green color on border of element element with Name attribute:password
2025-12-22 21:06:28 INFO  BaseClass - element with Name attribute:password is visible
2025-12-22 21:06:28 INFO  BaseClass - applied green color on border of element element with Name attribute:password
2025-12-22 21:06:29 INFO  BaseClass - Entered text :Manish@880 in element with Name attribute:password
2025-12-22 21:06:29 INFO  BaseClass - applied green color on border of element element with class attribute:oxd-text oxd-text--span oxd-main-menu-item--name
2025-12-22 21:06:29 INFO  BaseClass - element is displayed :element with class attribute:oxd-text oxd-text--span oxd-main-menu-item--name
2025-12-22 21:06:29 INFO  BaseClass - page loaded successfully
2025-12-22 21:06:29 INFO  BaseClass - applied green color on border of element element with class attribute:oxd-button oxd-button--medium oxd-button--main orangehrm-login-button
2025-12-22 21:06:29 INFO  BaseClass - located element by element with class attribute:oxd-button oxd-button--medium oxd-button--main orangehrm-login-button is clickable
2025-12-22 21:06:29 INFO  BaseClass - applied green color on border of element element with class attribute:oxd-button oxd-button--medium oxd-button--main orangehrm-login-button
2025-12-22 21:06:30 INFO  BaseClass - clicked on :element with class attribute:oxd-button oxd-button--medium oxd-button--main orangehrm-login-button
2025-12-22 21:06:31 INFO  BaseClass - page loaded successfully
2025-12-22 21:06:31 ERROR BaseClass - element is not clickable!!!
2025-12-22 21:06:31 INFO  BaseClass - applied green color on border of element element with class attribute:oxd-text oxd-text--span oxd-main-menu-item--name
2025-12-22 21:06:32 INFO  BaseClass - webdriver & ActionDriver classes instance terminated!!!
2025-12-22 21:06:33 INFO  BaseClass - chromeDriver initialized!!!
2025-12-22 21:06:34 INFO  BaseClass - webdriver & ActionDriver classes instance terminated!!!
2025-12-22 21:06:34 INFO  BaseClass - browser is launched and window is mazimized
2025-12-22 21:06:34 INFO  BaseClass - ActionDriver initialized!!!
2025-12-22 21:06:34 INFO  BaseClass - ActionDriver class instance is created!!!----->31
2025-12-22 21:06:35 INFO  BaseClass - page loaded successfully
2025-12-22 21:06:35 INFO  BaseClass - chromeDriver initialized!!!
2025-12-22 21:06:35 INFO  BaseClass - applied green color on border of element element with Name attribute:username
2025-12-22 21:06:35 INFO  BaseClass - element with Name attribute:username is visible
2025-12-22 21:06:36 INFO  BaseClass - applied green color on border of element element with Name attribute:username
2025-12-22 21:06:36 INFO  BaseClass - browser is launched and window is mazimized
2025-12-22 21:06:36 INFO  BaseClass - ActionDriver initialized!!!
2025-12-22 21:06:36 INFO  BaseClass - ActionDriver class instance is created!!!----->32
2025-12-22 21:06:36 INFO  BaseClass - page loaded successfully
2025-12-22 21:06:36 INFO  BaseClass - Entered text :admin in element with Name attribute:username
2025-12-22 21:06:36 INFO  BaseClass - page loaded successfully
2025-12-22 21:06:37 INFO  BaseClass - applied green color on border of element element with Name attribute:password
2025-12-22 21:06:37 INFO  BaseClass - element with Name attribute:password is visible
2025-12-22 21:06:37 INFO  BaseClass - applied green color on border of element element with Name attribute:username
2025-12-22 21:06:37 INFO  BaseClass - applied green color on border of element element with Name attribute:password
2025-12-22 21:06:37 INFO  BaseClass - element with Name attribute:username is visible
2025-12-22 21:06:37 INFO  BaseClass - Entered text :Manish@880 in element with Name attribute:password
2025-12-22 21:06:37 INFO  BaseClass - applied green color on border of element element with Name attribute:username
2025-12-22 21:06:37 INFO  BaseClass - page loaded successfully
2025-12-22 21:06:38 INFO  BaseClass - Entered text :admin in element with Name attribute:username
2025-12-22 21:06:38 INFO  BaseClass - page loaded successfully
2025-12-22 21:06:38 INFO  BaseClass - applied green color on border of element element with class attribute:oxd-button oxd-button--medium oxd-button--main orangehrm-login-button
2025-12-22 21:06:38 INFO  BaseClass - located element by element with class attribute:oxd-button oxd-button--medium oxd-button--main orangehrm-login-button is clickable
2025-12-22 21:06:38 INFO  BaseClass - applied green color on border of element element with Name attribute:password
2025-12-22 21:06:38 INFO  BaseClass - element with Name attribute:password is visible
2025-12-22 21:06:38 INFO  BaseClass - applied green color on border of element element with class attribute:oxd-button oxd-button--medium oxd-button--main orangehrm-login-button
2025-12-22 21:06:38 INFO  BaseClass - applied green color on border of element element with Name attribute:password
2025-12-22 21:06:39 INFO  BaseClass - clicked on :element with class attribute:oxd-button oxd-button--medium oxd-button--main orangehrm-login-button
2025-12-22 21:06:39 INFO  BaseClass - Entered text :Manish@880 in element with Name attribute:password
2025-12-22 21:06:39 INFO  BaseClass - page loaded successfully
2025-12-22 21:06:39 INFO  BaseClass - applied green color on border of element element with class attribute:oxd-button oxd-button--medium oxd-button--main orangehrm-login-button
2025-12-22 21:06:39 INFO  BaseClass - located element by element with class attribute:oxd-button oxd-button--medium oxd-button--main orangehrm-login-button is clickable
2025-12-22 21:06:40 INFO  BaseClass - applied green color on border of element element with class attribute:oxd-button oxd-button--medium oxd-button--main orangehrm-login-button
2025-12-22 21:06:40 INFO  BaseClass - page loaded successfully
2025-12-22 21:06:41 ERROR BaseClass - unable to click element
2025-12-22 21:06:41 INFO  BaseClass - clicked on PIM Tab
2025-12-22 21:06:41 INFO  BaseClass - page loaded successfully
2025-12-22 21:06:41 INFO  BaseClass - clicked on :element with class attribute:oxd-button oxd-button--medium oxd-button--main orangehrm-login-button
2025-12-22 21:06:42 INFO  BaseClass - page loaded successfully
2025-12-22 21:06:42 INFO  BaseClass - applied green color on border of element unable to describe element attribute type!!!
2025-12-22 21:06:42 INFO  BaseClass - element is displayed :unable to describe element attribute type!!!
2025-12-22 21:06:44 INFO  BaseClass - webdriver & ActionDriver classes instance terminated!!!
2025-12-22 21:06:45 INFO  BaseClass - chromeDriver initialized!!!
2025-12-22 21:06:46 INFO  BaseClass - browser is launched and window is mazimized
2025-12-22 21:06:46 INFO  BaseClass - ActionDriver initialized!!!
2025-12-22 21:06:46 INFO  BaseClass - ActionDriver class instance is created!!!----->29
2025-12-22 21:06:46 INFO  BaseClass - page loaded successfully
2025-12-22 21:06:47 INFO  BaseClass - applied green color on border of element element with Name attribute:username
2025-12-22 21:06:47 INFO  BaseClass - element with Name attribute:username is visible
2025-12-22 21:06:48 INFO  BaseClass - applied green color on border of element element with Name attribute:username
2025-12-22 21:06:48 INFO  BaseClass - Entered text :admin in element with Name attribute:username
2025-12-22 21:06:48 INFO  BaseClass - page loaded successfully
2025-12-22 21:06:48 INFO  BaseClass - applied green color on border of element element with Name attribute:password
2025-12-22 21:06:48 INFO  BaseClass - element with Name attribute:password is visible
2025-12-22 21:06:48 INFO  BaseClass - applied green color on border of element element with Name attribute:password
2025-12-22 21:06:49 INFO  BaseClass - Entered text :Manish@880 in element with Name attribute:password
2025-12-22 21:06:49 INFO  BaseClass - page loaded successfully
2025-12-22 21:06:49 INFO  BaseClass - applied green color on border of element element with class attribute:oxd-button oxd-button--medium oxd-button--main orangehrm-login-button
2025-12-22 21:06:49 INFO  BaseClass - located element by element with class attribute:oxd-button oxd-button--medium oxd-button--main orangehrm-login-button is clickable
2025-12-22 21:06:49 INFO  BaseClass - applied green color on border of element element with class attribute:oxd-button oxd-button--medium oxd-button--main orangehrm-login-button
2025-12-22 21:06:51 INFO  BaseClass - applied green color on border of element element with class attribute:oxd-text oxd-text--span oxd-main-menu-item--name
2025-12-22 21:06:51 INFO  BaseClass - element is displayed :element with class attribute:oxd-text oxd-text--span oxd-main-menu-item--name
2025-12-22 21:06:51 INFO  BaseClass - clicked on :element with class attribute:oxd-button oxd-button--medium oxd-button--main orangehrm-login-button
2025-12-22 21:06:51 INFO  BaseClass - page loaded successfully
2025-12-22 21:06:52 INFO  BaseClass - applied green color on border of element element with class attribute:oxd-text oxd-text--span oxd-main-menu-item--name
2025-12-22 21:06:52 INFO  BaseClass - element is displayed :element with class attribute:oxd-text oxd-text--span oxd-main-menu-item--name
2025-12-22 21:06:53 INFO  BaseClass - webdriver & ActionDriver classes instance terminated!!!
2025-12-22 21:06:54 INFO  BaseClass - chromeDriver initialized!!!
2025-12-22 21:06:55 INFO  BaseClass - webdriver & ActionDriver classes instance terminated!!!
2025-12-22 21:06:56 INFO  BaseClass - browser is launched and window is mazimized
2025-12-22 21:06:56 INFO  BaseClass - ActionDriver initialized!!!
2025-12-22 21:06:56 INFO  BaseClass - ActionDriver class instance is created!!!----->31
2025-12-22 21:06:56 INFO  BaseClass - page loaded successfully
2025-12-22 21:06:56 INFO  BaseClass - chromeDriver initialized!!!
2025-12-22 21:06:56 INFO  BaseClass - applied green color on border of element element with Name attribute:username
2025-12-22 21:06:56 INFO  BaseClass - element with Name attribute:username is visible
2025-12-22 21:06:57 INFO  BaseClass - applied green color on border of element element with Name attribute:username
2025-12-22 21:06:57 INFO  BaseClass - Entered text :admin in element with Name attribute:username
2025-12-22 21:06:57 INFO  BaseClass - page loaded successfully
2025-12-22 21:06:57 INFO  BaseClass - browser is launched and window is mazimized
2025-12-22 21:06:57 INFO  BaseClass - ActionDriver initialized!!!
2025-12-22 21:06:57 INFO  BaseClass - ActionDriver class instance is created!!!----->32
2025-12-22 21:06:57 INFO  BaseClass - page loaded successfully
2025-12-22 21:06:57 INFO  BaseClass - applied green color on border of element element with Name attribute:password
2025-12-22 21:06:57 INFO  BaseClass - element with Name attribute:password is visible
2025-12-22 21:06:58 INFO  BaseClass - applied green color on border of element element with Name attribute:password
2025-12-22 21:06:58 INFO  BaseClass - applied green color on border of element element with Name attribute:username
2025-12-22 21:06:58 INFO  BaseClass - element with Name attribute:username is visible
2025-12-22 21:06:58 INFO  BaseClass - Entered text :Manish@880 in element with Name attribute:password
2025-12-22 21:06:58 INFO  BaseClass - page loaded successfully
2025-12-22 21:06:58 INFO  BaseClass - applied green color on border of element element with Name attribute:username
2025-12-22 21:06:58 INFO  BaseClass - applied green color on border of element element with class attribute:oxd-button oxd-button--medium oxd-button--main orangehrm-login-button
2025-12-22 21:06:58 INFO  BaseClass - Entered text :admin in element with Name attribute:username
2025-12-22 21:06:58 INFO  BaseClass - located element by element with class attribute:oxd-button oxd-button--medium oxd-button--main orangehrm-login-button is clickable
2025-12-22 21:06:58 INFO  BaseClass - page loaded successfully
2025-12-22 21:06:59 INFO  BaseClass - applied green color on border of element element with Name attribute:password
2025-12-22 21:06:59 INFO  BaseClass - element with Name attribute:password is visible
2025-12-22 21:06:59 INFO  BaseClass - applied green color on border of element element with class attribute:oxd-button oxd-button--medium oxd-button--main orangehrm-login-button
2025-12-22 21:06:59 INFO  BaseClass - clicked on :element with class attribute:oxd-button oxd-button--medium oxd-button--main orangehrm-login-button
2025-12-22 21:06:59 INFO  BaseClass - applied green color on border of element element with Name attribute:password
2025-12-22 21:12:44 INFO  BaseClass - config.properties file is loaded!!!
2025-12-22 21:12:47 INFO  BaseClass - chromeDriver initialized!!!
2025-12-22 21:12:47 INFO  BaseClass - chromeDriver initialized!!!
2025-12-22 21:12:47 INFO  BaseClass - chromeDriver initialized!!!
2025-12-22 21:12:50 INFO  BaseClass - browser is launched and window is mazimized
2025-12-22 21:12:50 INFO  BaseClass - ActionDriver initialized!!!
2025-12-22 21:12:50 INFO  BaseClass - ActionDriver class instance is created!!!----->32
2025-12-22 21:12:51 INFO  BaseClass - chromeDriver initialized!!!
2025-12-22 21:12:51 INFO  BaseClass - chromeDriver initialized!!!
2025-12-22 21:12:51 INFO  BaseClass - browser is launched and window is mazimized
2025-12-22 21:12:51 INFO  BaseClass - ActionDriver initialized!!!
2025-12-22 21:12:51 INFO  BaseClass - ActionDriver class instance is created!!!----->35
2025-12-22 21:12:51 INFO  BaseClass - starting verifyEmployeeFromDB()
2025-12-22 21:12:51 INFO  BaseClass - browser is launched and window is mazimized
2025-12-22 21:12:51 INFO  BaseClass - ActionDriver initialized!!!
2025-12-22 21:12:51 INFO  BaseClass - ActionDriver class instance is created!!!----->31
2025-12-22 21:12:51 INFO  BaseClass - page loaded successfully
2025-12-22 21:12:53 INFO  BaseClass - applied green color on border of element element with Name attribute:username
2025-12-22 21:12:53 INFO  BaseClass - browser is launched and window is mazimized
2025-12-22 21:12:53 INFO  BaseClass - ActionDriver initialized!!!
2025-12-22 21:12:53 INFO  BaseClass - ActionDriver class instance is created!!!----->33
2025-12-22 21:12:53 INFO  BaseClass - page loaded successfully
2025-12-22 21:13:41 INFO  BaseClass - config.properties file is loaded!!!
2025-12-22 21:13:44 INFO  BaseClass - chromeDriver initialized!!!
2025-12-22 21:13:44 INFO  BaseClass - chromeDriver initialized!!!
2025-12-22 21:13:45 INFO  BaseClass - browser is launched and window is mazimized
2025-12-22 21:13:45 INFO  BaseClass - ActionDriver initialized!!!
2025-12-22 21:13:45 INFO  BaseClass - ActionDriver class instance is created!!!----->28
2025-12-22 21:13:45 INFO  BaseClass - browser is launched and window is mazimized
2025-12-22 21:13:45 INFO  BaseClass - ActionDriver initialized!!!
2025-12-22 21:13:45 INFO  BaseClass - ActionDriver class instance is created!!!----->29
2025-12-22 21:13:45 INFO  BaseClass - page loaded successfully
2025-12-22 21:13:46 INFO  BaseClass - applied green color on border of element element with Name attribute:username
2025-12-22 21:13:46 INFO  BaseClass - element with Name attribute:username is visible
2025-12-22 21:13:46 INFO  BaseClass - applied green color on border of element element with Name attribute:username
2025-12-22 21:13:46 INFO  BaseClass - Entered text :admin in element with Name attribute:username
2025-12-22 21:13:46 INFO  BaseClass - page loaded successfully
2025-12-22 21:13:46 INFO  BaseClass - applied green color on border of element element with Name attribute:password
2025-12-22 21:13:46 INFO  BaseClass - element with Name attribute:password is visible
2025-12-22 21:13:46 INFO  BaseClass - applied green color on border of element element with Name attribute:password
2025-12-22 21:13:47 INFO  BaseClass - Entered text :Manish@880 in element with Name attribute:password
2025-12-22 21:13:47 INFO  BaseClass - page loaded successfully
2025-12-22 21:13:47 INFO  BaseClass - applied green color on border of element element with class attribute:oxd-button oxd-button--medium oxd-button--main orangehrm-login-button
2025-12-22 21:13:47 INFO  BaseClass - located element by element with class attribute:oxd-button oxd-button--medium oxd-button--main orangehrm-login-button is clickable
2025-12-22 21:13:47 INFO  BaseClass - applied green color on border of element element with class attribute:oxd-button oxd-button--medium oxd-button--main orangehrm-login-button
2025-12-22 21:13:47 INFO  BaseClass - clicked on :element with class attribute:oxd-button oxd-button--medium oxd-button--main orangehrm-login-button
2025-12-22 21:13:48 INFO  BaseClass - webdriver & ActionDriver classes instance terminated!!!
2025-12-22 21:13:49 INFO  BaseClass - page loaded successfully
2025-12-22 21:15:04 INFO  BaseClass - config.properties file is loaded!!!
2025-12-22 21:15:06 INFO  BaseClass - chromeDriver initialized!!!
2025-12-22 21:15:06 INFO  BaseClass - chromeDriver initialized!!!
2025-12-22 21:15:07 INFO  BaseClass - browser is launched and window is mazimized
2025-12-22 21:15:07 INFO  BaseClass - browser is launched and window is mazimized
2025-12-22 21:15:07 INFO  BaseClass - ActionDriver initialized!!!
2025-12-22 21:15:07 INFO  BaseClass - ActionDriver class instance is created!!!----->29
2025-12-22 21:15:07 INFO  BaseClass - ActionDriver initialized!!!
2025-12-22 21:15:07 INFO  BaseClass - ActionDriver class instance is created!!!----->30
2025-12-22 21:15:07 INFO  BaseClass - page loaded successfully
2025-12-22 21:15:08 INFO  BaseClass - applied green color on border of element element with Name attribute:username
2025-12-22 21:15:08 INFO  BaseClass - element with Name attribute:username is visible
2025-12-22 21:15:08 INFO  BaseClass - applied green color on border of element element with Name attribute:username
2025-12-22 21:15:09 INFO  BaseClass - Entered text :admin in element with Name attribute:username
2025-12-22 21:15:09 INFO  BaseClass - page loaded successfully
2025-12-22 21:15:09 INFO  BaseClass - applied green color on border of element element with Name attribute:password
2025-12-22 21:15:09 INFO  BaseClass - element with Name attribute:password is visible
2025-12-22 21:15:09 INFO  BaseClass - applied green color on border of element element with Name attribute:password
2025-12-22 21:15:09 INFO  BaseClass - Entered text :Manish@880 in element with Name attribute:password
2025-12-22 21:15:09 INFO  BaseClass - page loaded successfully
2025-12-22 21:15:09 INFO  BaseClass - applied green color on border of element element with class attribute:oxd-button oxd-button--medium oxd-button--main orangehrm-login-button
2025-12-22 21:15:09 INFO  BaseClass - located element by element with class attribute:oxd-button oxd-button--medium oxd-button--main orangehrm-login-button is clickable
2025-12-22 21:15:09 INFO  BaseClass - applied green color on border of element element with class attribute:oxd-button oxd-button--medium oxd-button--main orangehrm-login-button
2025-12-22 21:15:10 INFO  BaseClass - webdriver & ActionDriver classes instance terminated!!!
2025-12-22 21:15:11 INFO  BaseClass - clicked on :element with class attribute:oxd-button oxd-button--medium oxd-button--main orangehrm-login-button
2025-12-22 21:15:11 INFO  BaseClass - page loaded successfully
2025-12-22 21:15:12 INFO  BaseClass - applied green color on border of element unable to describe element attribute type!!!
2025-12-22 21:15:12 INFO  BaseClass - unable to describe element attribute type!!! is visible
2025-12-22 21:15:12 INFO  BaseClass - applied green color on border of element unable to describe element attribute type!!!
2025-12-22 21:15:12 INFO  BaseClass - element is displayed :unable to describe element attribute type!!!
2025-12-22 21:15:14 INFO  BaseClass - webdriver & ActionDriver classes instance terminated!!!
2025-12-22 21:15:42 INFO  BaseClass - config.properties file is loaded!!!
2025-12-22 21:15:45 INFO  BaseClass - chromeDriver initialized!!!
2025-12-22 21:15:45 INFO  BaseClass - chromeDriver initialized!!!
2025-12-22 21:15:46 INFO  BaseClass - chromeDriver initialized!!!
2025-12-22 21:15:46 INFO  BaseClass - chromeDriver initialized!!!
2025-12-22 21:15:46 INFO  BaseClass - chromeDriver initialized!!!
2025-12-22 21:15:48 INFO  BaseClass - browser is launched and window is mazimized
2025-12-22 21:15:48 INFO  BaseClass - ActionDriver initialized!!!
2025-12-22 21:15:48 INFO  BaseClass - ActionDriver class instance is created!!!----->30
2025-12-22 21:15:48 INFO  BaseClass - browser is launched and window is mazimized
2025-12-22 21:15:48 INFO  BaseClass - ActionDriver initialized!!!
2025-12-22 21:15:48 INFO  BaseClass - ActionDriver class instance is created!!!----->33
2025-12-22 21:15:48 INFO  BaseClass - starting verifyEmployeeFromDB()
2025-12-22 21:15:48 INFO  BaseClass - page loaded successfully
2025-12-22 21:15:49 INFO  BaseClass - browser is launched and window is mazimized
2025-12-22 21:15:49 INFO  BaseClass - ActionDriver initialized!!!
2025-12-22 21:15:49 INFO  BaseClass - ActionDriver class instance is created!!!----->29
2025-12-22 21:15:49 INFO  BaseClass - browser is launched and window is mazimized
2025-12-22 21:15:49 INFO  BaseClass - ActionDriver initialized!!!
2025-12-22 21:15:49 INFO  BaseClass - ActionDriver class instance is created!!!----->31
2025-12-22 21:15:49 INFO  BaseClass - page loaded successfully
2025-12-22 21:15:49 INFO  BaseClass - browser is launched and window is mazimized
2025-12-22 21:15:49 INFO  BaseClass - ActionDriver initialized!!!
2025-12-22 21:15:49 INFO  BaseClass - ActionDriver class instance is created!!!----->32
2025-12-22 21:15:49 INFO  BaseClass - page loaded successfully
2025-12-22 21:15:50 INFO  BaseClass - applied green color on border of element element with Name attribute:username
2025-12-22 21:15:50 INFO  BaseClass - applied green color on border of element element with Name attribute:username
2025-12-22 21:15:50 INFO  BaseClass - element with Name attribute:username is visible
2025-12-22 21:15:50 INFO  BaseClass - element with Name attribute:username is visible
2025-12-22 21:15:50 INFO  BaseClass - applied green color on border of element element with Name attribute:username
2025-12-22 21:15:50 INFO  BaseClass - element with Name attribute:username is visible
2025-12-22 21:15:50 INFO  BaseClass - applied green color on border of element element with Name attribute:username
2025-12-22 21:15:50 INFO  BaseClass - applied green color on border of element element with Name attribute:username
2025-12-22 21:15:51 INFO  BaseClass - applied green color on border of element element with Name attribute:username
2025-12-22 21:15:51 INFO  BaseClass - Entered text :Admin in element with Name attribute:username
2025-12-22 21:15:51 INFO  BaseClass - Entered text :admin in element with Name attribute:username
2025-12-22 21:15:51 INFO  BaseClass - page loaded successfully
2025-12-22 21:15:51 INFO  BaseClass - page loaded successfully
2025-12-22 21:15:51 INFO  BaseClass - Entered text :admin in element with Name attribute:username
2025-12-22 21:15:51 INFO  BaseClass - applied green color on border of element element with Name attribute:password
2025-12-22 21:15:51 INFO  BaseClass - applied green color on border of element element with Name attribute:password
2025-12-22 21:15:51 INFO  BaseClass - page loaded successfully
2025-12-22 21:15:51 INFO  BaseClass - element with Name attribute:password is visible
2025-12-22 21:15:51 INFO  BaseClass - element with Name attribute:password is visible
2025-12-22 21:15:51 INFO  BaseClass - applied green color on border of element element with Name attribute:password
2025-12-22 21:15:51 INFO  BaseClass - element with Name attribute:password is visible
2025-12-22 21:15:51 INFO  BaseClass - applied green color on border of element element with Name attribute:password
2025-12-22 21:15:51 INFO  BaseClass - applied green color on border of element element with Name attribute:password
2025-12-22 21:15:52 INFO  BaseClass - Entered text :xxxxx in element with Name attribute:password
2025-12-22 21:15:52 INFO  BaseClass - applied green color on border of element element with Name attribute:password
2025-12-22 21:15:52 INFO  BaseClass - Entered text :Manish@880 in element with Name attribute:password
2025-12-22 21:15:52 INFO  BaseClass - page loaded successfully
2025-12-22 21:15:52 INFO  BaseClass - page loaded successfully
2025-12-22 21:15:52 INFO  BaseClass - Entered text :Manish@880 in element with Name attribute:password
2025-12-22 21:15:52 INFO  BaseClass - applied green color on border of element element with class attribute:oxd-button oxd-button--medium oxd-button--main orangehrm-login-button
2025-12-22 21:15:52 INFO  BaseClass - page loaded successfully
2025-12-22 21:15:52 INFO  BaseClass - applied green color on border of element element with class attribute:oxd-button oxd-button--medium oxd-button--main orangehrm-login-button
2025-12-22 21:15:52 INFO  BaseClass - located element by element with class attribute:oxd-button oxd-button--medium oxd-button--main orangehrm-login-button is clickable
2025-12-22 21:15:52 INFO  BaseClass - located element by element with class attribute:oxd-button oxd-button--medium oxd-button--main orangehrm-login-button is clickable
2025-12-22 21:15:52 INFO  BaseClass - applied green color on border of element element with class attribute:oxd-button oxd-button--medium oxd-button--main orangehrm-login-button
2025-12-22 21:15:52 INFO  BaseClass - located element by element with class attribute:oxd-button oxd-button--medium oxd-button--main orangehrm-login-button is clickable
2025-12-22 21:15:52 INFO  BaseClass - applied green color on border of element element with class attribute:oxd-button oxd-button--medium oxd-button--main orangehrm-login-button
2025-12-22 21:15:52 INFO  BaseClass - applied green color on border of element element with class attribute:oxd-button oxd-button--medium oxd-button--main orangehrm-login-button
2025-12-22 21:15:53 INFO  BaseClass - applied green color on border of element element with class attribute:oxd-button oxd-button--medium oxd-button--main orangehrm-login-button
2025-12-22 21:15:53 INFO  BaseClass - clicked on :element with class attribute:oxd-button oxd-button--medium oxd-button--main orangehrm-login-button
2025-12-22 21:15:54 INFO  BaseClass - clicked on :element with class attribute:oxd-button oxd-button--medium oxd-button--main orangehrm-login-button
2025-12-22 21:15:54 INFO  BaseClass - page loaded successfully
2025-12-22 21:15:54 INFO  BaseClass - clicked on :element with class attribute:oxd-button oxd-button--medium oxd-button--main orangehrm-login-button
2025-12-22 21:15:54 INFO  BaseClass - page loaded successfully
2025-12-22 21:15:55 INFO  BaseClass - applied green color on border of element element with class attribute:oxd-text oxd-text--p oxd-alert-content-text
2025-12-22 21:15:56 INFO  BaseClass - page loaded successfully
2025-12-22 21:15:56 INFO  BaseClass - element with class attribute:oxd-text oxd-text--p oxd-alert-content-text is visible
2025-12-22 21:15:56 INFO  BaseClass - applied green color on border of element element with class attribute:oxd-text oxd-text--span oxd-main-menu-item--name
2025-12-22 21:15:56 INFO  BaseClass - element with class attribute:oxd-text oxd-text--span oxd-main-menu-item--name is visible
2025-12-22 21:15:57 INFO  BaseClass - applied green color on border of element element with class attribute:oxd-text oxd-text--span oxd-main-menu-item--name
2025-12-22 21:15:57 INFO  BaseClass - applied green color on border of element element with class attribute:oxd-text oxd-text--p oxd-alert-content-text
2025-12-22 21:15:57 INFO  BaseClass - Text are equals :Invalid credentialsequals to Invalid credentials
2025-12-22 21:15:57 INFO  BaseClass - located element by element with class attribute:oxd-text oxd-text--span oxd-main-menu-item--name is clickable
2025-12-22 21:15:57 INFO  BaseClass - applied green color on border of element element with class attribute:oxd-text oxd-text--span oxd-main-menu-item--name
2025-12-22 21:15:57 INFO  BaseClass - element is displayed :element with class attribute:oxd-text oxd-text--span oxd-main-menu-item--name
2025-12-22 21:15:57 INFO  BaseClass - applied green color on border of element element with class attribute:oxd-text oxd-text--span oxd-main-menu-item--name
2025-12-22 21:15:57 INFO  BaseClass - page loaded successfully
2025-12-22 21:15:58 INFO  BaseClass - applied green color on border of element element with class attribute:oxd-userdropdown-tab
2025-12-22 21:15:58 INFO  BaseClass - located element by element with class attribute:oxd-userdropdown-tab is clickable
2025-12-22 21:15:58 INFO  BaseClass - applied green color on border of element element with class attribute:oxd-userdropdown-tab
2025-12-22 21:15:58 INFO  BaseClass - clicked on :element with class attribute:oxd-userdropdown-tab
2025-12-22 21:15:58 INFO  BaseClass - page loaded successfully
2025-12-22 21:15:58 INFO  BaseClass - clicked on :element with class attribute:oxd-text oxd-text--span oxd-main-menu-item--name
2025-12-22 21:15:58 INFO  BaseClass - clicked on PIM Tab
2025-12-22 21:15:58 INFO  BaseClass - page loaded successfully
2025-12-22 21:15:58 INFO  BaseClass - applied green color on border of element element with class attribute:oxd-userdropdown-link
2025-12-22 21:15:59 INFO  BaseClass - located element by element with class attribute:oxd-userdropdown-link is clickable
2025-12-22 21:15:59 INFO  BaseClass - applied green color on border of element element with class attribute:oxd-userdropdown-link
2025-12-22 21:15:59 INFO  BaseClass - applied green color on border of element element with placeholder attribute:Type for hints...
2025-12-22 21:15:59 INFO  BaseClass - element with placeholder attribute:Type for hints... is visible
2025-12-22 21:16:00 INFO  BaseClass - applied green color on border of element element with placeholder attribute:Type for hints...
2025-12-22 21:16:00 INFO  BaseClass - clicked on :element with class attribute:oxd-userdropdown-link
2025-12-22 21:16:00 INFO  BaseClass - Entered text :harish in element with placeholder attribute:Type for hints...
2025-12-22 21:16:00 INFO  BaseClass - page loaded successfully
2025-12-22 21:16:00 INFO  BaseClass - applied green color on border of element element with class attribute:oxd-button oxd-button--medium oxd-button--secondary orangehrm-left-space
2025-12-22 21:16:00 INFO  BaseClass - webdriver & ActionDriver classes instance terminated!!!
2025-12-22 21:16:00 INFO  BaseClass - located element by element with class attribute:oxd-button oxd-button--medium oxd-button--secondary orangehrm-left-space is clickable
2025-12-22 21:16:01 INFO  BaseClass - applied green color on border of element element with class attribute:oxd-button oxd-button--medium oxd-button--secondary orangehrm-left-space
2025-12-22 21:16:01 INFO  BaseClass - webdriver & ActionDriver classes instance terminated!!!
2025-12-22 21:16:01 INFO  BaseClass - clicked on :element with class attribute:oxd-button oxd-button--medium oxd-button--secondary orangehrm-left-space
2025-12-22 21:16:02 INFO  BaseClass - applied green color on border of element element with class attribute:oxd-table-cell oxd-padding-cell
2025-12-22 21:16:03 INFO  BaseClass - chromeDriver initialized!!!
2025-12-22 21:16:03 INFO  BaseClass - page is scrolled to element :element with class attribute:oxd-table-cell oxd-padding-cell
2025-12-22 21:16:04 INFO  BaseClass - webdriver & ActionDriver classes instance terminated!!!
2025-12-22 21:16:04 INFO  BaseClass - DB connection successfull
2025-12-22 21:16:04 INFO  BaseClass - Executing query :SELECT employee_id,emp_firstname,emp_middle_name,emp_lastname FROM hs_hr_employee WHERE employee_id=0002
2025-12-22 21:16:04 INFO  BaseClass - query executed successfully
2025-12-22 21:16:04 INFO  BaseClass - able to store data from DB
2025-12-22 21:16:04 INFO  BaseClass - page loaded successfully
2025-12-22 21:16:04 INFO  BaseClass - applied green color on border of element element with class attribute:oxd-table-cell oxd-padding-cell
2025-12-22 21:16:04 INFO  BaseClass - element with class attribute:oxd-table-cell oxd-padding-cell is visible
2025-12-22 21:16:04 INFO  BaseClass - browser is launched and window is mazimized
2025-12-22 21:16:04 INFO  BaseClass - ActionDriver initialized!!!
2025-12-22 21:16:04 INFO  BaseClass - ActionDriver class instance is created!!!----->30
2025-12-22 21:16:04 INFO  BaseClass - page loaded successfully
2025-12-22 21:16:05 INFO  BaseClass - chromeDriver initialized!!!
2025-12-22 21:16:05 INFO  BaseClass - applied green color on border of element element with class attribute:oxd-table-cell oxd-padding-cell
2025-12-22 21:16:05 INFO  BaseClass - Text are equals :harish kumarequals to harish kumar
2025-12-22 21:16:05 INFO  BaseClass - page loaded successfully
2025-12-22 21:16:05 INFO  BaseClass - applied green color on border of element element with Name attribute:username
2025-12-22 21:16:05 INFO  BaseClass - element with Name attribute:username is visible
2025-12-22 21:16:05 INFO  BaseClass - applied green color on border of element element with class attribute:oxd-table-cell oxd-padding-cell
2025-12-22 21:16:05 INFO  BaseClass - element with class attribute:oxd-table-cell oxd-padding-cell is visible
2025-12-22 21:16:05 INFO  BaseClass - applied green color on border of element element with Name attribute:username
2025-12-22 21:16:06 INFO  BaseClass - applied green color on border of element element with class attribute:oxd-table-cell oxd-padding-cell
2025-12-22 21:16:06 INFO  BaseClass - Text are equals :anuragiequals to anuragi
2025-12-22 21:16:06 INFO  BaseClass - verifyEmployeeFromDB COMPLETED
2025-12-22 21:16:06 INFO  BaseClass - Entered text :admin in element with Name attribute:username
2025-12-22 21:16:06 INFO  BaseClass - page loaded successfully
2025-12-22 21:16:06 INFO  BaseClass - applied green color on border of element element with Name attribute:password
2025-12-22 21:16:06 INFO  BaseClass - element with Name attribute:password is visible
2025-12-22 21:16:06 INFO  BaseClass - browser is launched and window is mazimized
2025-12-22 21:16:06 INFO  BaseClass - ActionDriver initialized!!!
2025-12-22 21:16:06 INFO  BaseClass - ActionDriver class instance is created!!!----->31
2025-12-22 21:16:06 INFO  BaseClass - page loaded successfully
2025-12-22 21:16:06 INFO  BaseClass - applied green color on border of element element with Name attribute:password
2025-12-22 21:16:07 INFO  BaseClass - Entered text :Manish@880 in element with Name attribute:password
2025-12-22 21:16:07 INFO  BaseClass - page loaded successfully
2025-12-22 21:16:07 INFO  BaseClass - applied green color on border of element element with Name attribute:username
2025-12-22 21:16:07 INFO  BaseClass - element with Name attribute:username is visible
2025-12-22 21:16:07 INFO  BaseClass - applied green color on border of element element with class attribute:oxd-button oxd-button--medium oxd-button--main orangehrm-login-button
2025-12-22 21:16:07 INFO  BaseClass - located element by element with class attribute:oxd-button oxd-button--medium oxd-button--main orangehrm-login-button is clickable
2025-12-22 21:16:07 INFO  BaseClass - applied green color on border of element element with Name attribute:username
2025-12-22 21:16:07 INFO  BaseClass - applied green color on border of element element with class attribute:oxd-button oxd-button--medium oxd-button--main orangehrm-login-button
2025-12-22 21:16:07 INFO  BaseClass - Entered text :admin in element with Name attribute:username
2025-12-22 21:16:07 INFO  BaseClass - page loaded successfully
2025-12-22 21:16:08 INFO  BaseClass - applied green color on border of element element with Name attribute:password
2025-12-22 21:16:08 INFO  BaseClass - element with Name attribute:password is visible
2025-12-22 21:16:08 INFO  BaseClass - applied green color on border of element element with Name attribute:password
2025-12-22 21:16:08 INFO  BaseClass - webdriver & ActionDriver classes instance terminated!!!
2025-12-22 21:16:08 INFO  BaseClass - Entered text :Manish@880 in element with Name attribute:password
2025-12-22 21:16:08 INFO  BaseClass - webdriver & ActionDriver classes instance terminated!!!
2025-12-22 21:16:08 INFO  BaseClass - page loaded successfully
2025-12-22 21:16:08 INFO  BaseClass - applied green color on border of element element with class attribute:oxd-button oxd-button--medium oxd-button--main orangehrm-login-button
2025-12-22 21:16:08 INFO  BaseClass - located element by element with class attribute:oxd-button oxd-button--medium oxd-button--main orangehrm-login-button is clickable
2025-12-22 21:16:09 INFO  BaseClass - applied green color on border of element element with class attribute:oxd-button oxd-button--medium oxd-button--main orangehrm-login-button
2025-12-22 21:16:09 INFO  BaseClass - clicked on :element with class attribute:oxd-button oxd-button--medium oxd-button--main orangehrm-login-button
2025-12-22 21:16:09 INFO  BaseClass - clicked on :element with class attribute:oxd-button oxd-button--medium oxd-button--main orangehrm-login-button
2025-12-22 21:16:09 INFO  BaseClass - page loaded successfully
2025-12-22 21:16:10 INFO  BaseClass - applied green color on border of element unable to describe element attribute type!!!
2025-12-22 21:16:10 INFO  BaseClass - unable to describe element attribute type!!! is visible
2025-12-22 21:16:10 INFO  BaseClass - page loaded successfully
2025-12-22 21:16:11 INFO  BaseClass - applied green color on border of element unable to describe element attribute type!!!
2025-12-22 21:16:11 INFO  BaseClass - element is displayed :unable to describe element attribute type!!!
2025-12-22 21:16:12 INFO  BaseClass - applied green color on border of element element with class attribute:oxd-text oxd-text--span oxd-main-menu-item--name
2025-12-22 21:16:12 INFO  BaseClass - element with class attribute:oxd-text oxd-text--span oxd-main-menu-item--name is visible
2025-12-22 21:16:13 INFO  BaseClass - applied green color on border of element element with class attribute:oxd-text oxd-text--span oxd-main-menu-item--name
2025-12-22 21:16:13 INFO  BaseClass - element is displayed :element with class attribute:oxd-text oxd-text--span oxd-main-menu-item--name
2025-12-22 21:16:13 INFO  BaseClass - page loaded successfully
2025-12-22 21:16:13 INFO  BaseClass - applied green color on border of element element with class attribute:oxd-userdropdown-tab
2025-12-22 21:16:13 INFO  BaseClass - located element by element with class attribute:oxd-userdropdown-tab is clickable
2025-12-22 21:16:14 INFO  BaseClass - applied green color on border of element element with class attribute:oxd-userdropdown-tab
2025-12-22 21:16:14 INFO  BaseClass - clicked on :element with class attribute:oxd-userdropdown-tab
2025-12-22 21:16:14 INFO  BaseClass - page loaded successfully
2025-12-22 21:16:14 INFO  BaseClass - applied green color on border of element element with class attribute:oxd-userdropdown-link
2025-12-22 21:16:14 INFO  BaseClass - located element by element with class attribute:oxd-userdropdown-link is clickable
2025-12-22 21:16:14 INFO  BaseClass - webdriver & ActionDriver classes instance terminated!!!
2025-12-22 21:16:14 INFO  BaseClass - applied green color on border of element element with class attribute:oxd-userdropdown-link
2025-12-22 21:16:15 INFO  BaseClass - clicked on :element with class attribute:oxd-userdropdown-link
2025-12-22 21:16:21 INFO  BaseClass - webdriver & ActionDriver classes instance terminated!!!
2025-12-22 21:18:35 INFO  BaseClass - config.properties file is loaded!!!
2025-12-22 21:18:39 INFO  BaseClass - chromeDriver initialized!!!
2025-12-22 21:18:39 INFO  BaseClass - chromeDriver initialized!!!
2025-12-22 21:18:39 INFO  BaseClass - chromeDriver initialized!!!
2025-12-22 21:18:40 INFO  BaseClass - chromeDriver initialized!!!
2025-12-22 21:18:40 INFO  BaseClass - chromeDriver initialized!!!
2025-12-22 21:18:41 INFO  BaseClass - browser is launched and window is mazimized
2025-12-22 21:18:41 INFO  BaseClass - ActionDriver initialized!!!
2025-12-22 21:18:41 INFO  BaseClass - ActionDriver class instance is created!!!----->35
2025-12-22 21:18:41 INFO  BaseClass - starting verifyEmployeeFromDB()
2025-12-22 21:18:42 INFO  BaseClass - browser is launched and window is mazimized
2025-12-22 21:18:42 INFO  BaseClass - ActionDriver initialized!!!
2025-12-22 21:18:42 INFO  BaseClass - ActionDriver class instance is created!!!----->32
2025-12-22 21:18:42 INFO  BaseClass - browser is launched and window is mazimized
2025-12-22 21:18:42 INFO  BaseClass - ActionDriver initialized!!!
2025-12-22 21:18:42 INFO  BaseClass - ActionDriver class instance is created!!!----->31
2025-12-22 21:18:42 INFO  BaseClass - page loaded successfully
2025-12-22 21:18:42 INFO  BaseClass - browser is launched and window is mazimized
2025-12-22 21:18:42 INFO  BaseClass - ActionDriver initialized!!!
2025-12-22 21:18:42 INFO  BaseClass - ActionDriver class instance is created!!!----->34
2025-12-22 21:18:43 INFO  BaseClass - page loaded successfully
2025-12-22 21:18:43 INFO  BaseClass - browser is launched and window is mazimized
2025-12-22 21:18:43 INFO  BaseClass - ActionDriver initialized!!!
2025-12-22 21:18:43 INFO  BaseClass - ActionDriver class instance is created!!!----->33
2025-12-22 21:18:43 INFO  BaseClass - page loaded successfully
2025-12-22 21:18:43 INFO  BaseClass - applied green color on border of element element with Name attribute:username
2025-12-22 21:18:43 INFO  BaseClass - element with Name attribute:username is visible
2025-12-22 21:18:44 INFO  BaseClass - applied green color on border of element element with Name attribute:username
2025-12-22 21:18:44 INFO  BaseClass - element with Name attribute:username is visible
2025-12-22 21:18:44 INFO  BaseClass - applied green color on border of element element with Name attribute:username
2025-12-22 21:18:44 INFO  BaseClass - applied green color on border of element element with Name attribute:username
2025-12-22 21:18:44 INFO  BaseClass - element with Name attribute:username is visible
2025-12-22 21:18:44 INFO  BaseClass - applied green color on border of element element with Name attribute:username
2025-12-22 21:18:44 INFO  BaseClass - Entered text :admin in element with Name attribute:username
2025-12-22 21:18:44 INFO  BaseClass - applied green color on border of element element with Name attribute:username
2025-12-22 21:18:44 INFO  BaseClass - page loaded successfully
2025-12-22 21:18:44 INFO  BaseClass - Entered text :admin in element with Name attribute:username
2025-12-22 21:18:45 INFO  BaseClass - page loaded successfully
2025-12-22 21:18:45 INFO  BaseClass - Entered text :Admin in element with Name attribute:username
2025-12-22 21:18:45 INFO  BaseClass - applied green color on border of element element with Name attribute:password
2025-12-22 21:18:45 INFO  BaseClass - page loaded successfully
2025-12-22 21:18:45 INFO  BaseClass - element with Name attribute:password is visible
2025-12-22 21:18:45 INFO  BaseClass - applied green color on border of element element with Name attribute:password
2025-12-22 21:18:45 INFO  BaseClass - applied green color on border of element element with Name attribute:password
2025-12-22 21:18:45 INFO  BaseClass - element with Name attribute:password is visible
2025-12-22 21:18:45 INFO  BaseClass - element with Name attribute:password is visible
2025-12-22 21:18:45 INFO  BaseClass - applied green color on border of element element with Name attribute:password
2025-12-22 21:18:45 INFO  BaseClass - applied green color on border of element element with Name attribute:password
2025-12-22 21:18:45 INFO  BaseClass - applied green color on border of element element with Name attribute:password
2025-12-22 21:18:45 INFO  BaseClass - Entered text :Manish@880 in element with Name attribute:password
2025-12-22 21:18:45 INFO  BaseClass - Entered text :Manish@880 in element with Name attribute:password
2025-12-22 21:18:45 INFO  BaseClass - Entered text :xxxxx in element with Name attribute:password
2025-12-22 21:18:45 INFO  BaseClass - page loaded successfully
2025-12-22 21:18:45 INFO  BaseClass - page loaded successfully
2025-12-22 21:18:45 INFO  BaseClass - page loaded successfully
2025-12-22 21:18:46 INFO  BaseClass - applied green color on border of element element with class attribute:oxd-button oxd-button--medium oxd-button--main orangehrm-login-button
2025-12-22 21:18:46 INFO  BaseClass - located element by element with class attribute:oxd-button oxd-button--medium oxd-button--main orangehrm-login-button is clickable
2025-12-22 21:18:46 INFO  BaseClass - applied green color on border of element element with class attribute:oxd-button oxd-button--medium oxd-button--main orangehrm-login-button
2025-12-22 21:18:46 INFO  BaseClass - applied green color on border of element element with class attribute:oxd-button oxd-button--medium oxd-button--main orangehrm-login-button
2025-12-22 21:18:46 INFO  BaseClass - located element by element with class attribute:oxd-button oxd-button--medium oxd-button--main orangehrm-login-button is clickable
2025-12-22 21:18:46 INFO  BaseClass - located element by element with class attribute:oxd-button oxd-button--medium oxd-button--main orangehrm-login-button is clickable
2025-12-22 21:18:46 INFO  BaseClass - applied green color on border of element element with class attribute:oxd-button oxd-button--medium oxd-button--main orangehrm-login-button
2025-12-22 21:18:46 INFO  BaseClass - applied green color on border of element element with class attribute:oxd-button oxd-button--medium oxd-button--main orangehrm-login-button
2025-12-22 21:18:46 INFO  BaseClass - applied green color on border of element element with class attribute:oxd-button oxd-button--medium oxd-button--main orangehrm-login-button
2025-12-22 21:18:47 INFO  BaseClass - clicked on :element with class attribute:oxd-button oxd-button--medium oxd-button--main orangehrm-login-button
2025-12-22 21:18:47 INFO  BaseClass - clicked on :element with class attribute:oxd-button oxd-button--medium oxd-button--main orangehrm-login-button
2025-12-22 21:18:47 INFO  BaseClass - clicked on :element with class attribute:oxd-button oxd-button--medium oxd-button--main orangehrm-login-button
2025-12-22 21:18:48 INFO  BaseClass - page loaded successfully
2025-12-22 21:18:48 INFO  BaseClass - page loaded successfully
2025-12-22 21:18:48 INFO  BaseClass - applied green color on border of element element with class attribute:oxd-text oxd-text--p oxd-alert-content-text
2025-12-22 21:18:49 INFO  BaseClass - element with class attribute:oxd-text oxd-text--p oxd-alert-content-text is visible
2025-12-22 21:18:50 INFO  BaseClass - page loaded successfully
2025-12-22 21:18:51 INFO  BaseClass - applied green color on border of element element with class attribute:oxd-text oxd-text--span oxd-main-menu-item--name
2025-12-22 21:18:51 INFO  BaseClass - applied green color on border of element element with class attribute:oxd-text oxd-text--span oxd-main-menu-item--name
2025-12-22 21:18:51 INFO  BaseClass - element with class attribute:oxd-text oxd-text--span oxd-main-menu-item--name is visible
2025-12-22 21:18:51 INFO  BaseClass - located element by element with class attribute:oxd-text oxd-text--span oxd-main-menu-item--name is clickable
2025-12-22 21:18:51 INFO  BaseClass - applied green color on border of element element with class attribute:oxd-text oxd-text--p oxd-alert-content-text
2025-12-22 21:18:51 INFO  BaseClass - Text are equals :Invalid credentialsequals to Invalid credentials
2025-12-22 21:18:51 INFO  BaseClass - applied green color on border of element element with class attribute:oxd-text oxd-text--span oxd-main-menu-item--name
2025-12-22 21:18:51 INFO  BaseClass - applied green color on border of element element with class attribute:oxd-text oxd-text--span oxd-main-menu-item--name
2025-12-22 21:18:51 INFO  BaseClass - element is displayed :element with class attribute:oxd-text oxd-text--span oxd-main-menu-item--name
2025-12-22 21:18:51 INFO  BaseClass - page loaded successfully
2025-12-22 21:18:52 INFO  BaseClass - applied green color on border of element element with class attribute:oxd-userdropdown-tab
2025-12-22 21:18:52 INFO  BaseClass - located element by element with class attribute:oxd-userdropdown-tab is clickable
2025-12-22 21:18:52 INFO  BaseClass - applied green color on border of element element with class attribute:oxd-userdropdown-tab
2025-12-22 21:18:52 INFO  BaseClass - clicked on :element with class attribute:oxd-userdropdown-tab
2025-12-22 21:18:52 INFO  BaseClass - page loaded successfully
2025-12-22 21:18:52 INFO  BaseClass - applied green color on border of element element with class attribute:oxd-userdropdown-link
2025-12-22 21:18:53 INFO  BaseClass - located element by element with class attribute:oxd-userdropdown-link is clickable
2025-12-22 21:18:53 INFO  BaseClass - applied green color on border of element element with class attribute:oxd-userdropdown-link
2025-12-22 21:18:53 INFO  BaseClass - clicked on :element with class attribute:oxd-text oxd-text--span oxd-main-menu-item--name
2025-12-22 21:18:53 INFO  BaseClass - clicked on PIM Tab
2025-12-22 21:18:53 INFO  BaseClass - page loaded successfully
2025-12-22 21:18:54 INFO  BaseClass - clicked on :element with class attribute:oxd-userdropdown-link
2025-12-22 21:18:54 INFO  BaseClass - applied green color on border of element element with placeholder attribute:Type for hints...
2025-12-22 21:18:54 INFO  BaseClass - element with placeholder attribute:Type for hints... is visible
2025-12-22 21:18:54 INFO  BaseClass - applied green color on border of element element with placeholder attribute:Type for hints...
2025-12-22 21:18:54 INFO  BaseClass - Entered text :harish in element with placeholder attribute:Type for hints...
2025-12-22 21:18:54 INFO  BaseClass - page loaded successfully
2025-12-22 21:18:55 INFO  BaseClass - applied green color on border of element element with class attribute:oxd-button oxd-button--medium oxd-button--secondary orangehrm-left-space
2025-12-22 21:18:55 INFO  BaseClass - located element by element with class attribute:oxd-button oxd-button--medium oxd-button--secondary orangehrm-left-space is clickable
2025-12-22 21:18:55 INFO  BaseClass - webdriver & ActionDriver classes instance terminated!!!
2025-12-22 21:18:55 INFO  BaseClass - webdriver & ActionDriver classes instance terminated!!!
2025-12-22 21:18:55 INFO  BaseClass - applied green color on border of element element with class attribute:oxd-button oxd-button--medium oxd-button--secondary orangehrm-left-space
2025-12-22 21:18:55 INFO  BaseClass - clicked on :element with class attribute:oxd-button oxd-button--medium oxd-button--secondary orangehrm-left-space
2025-12-22 21:18:57 INFO  BaseClass - chromeDriver initialized!!!
2025-12-22 21:18:58 INFO  BaseClass - applied green color on border of element element with class attribute:oxd-table-cell oxd-padding-cell
2025-12-22 21:18:58 INFO  BaseClass - page is scrolled to element :element with class attribute:oxd-table-cell oxd-padding-cell
2025-12-22 21:18:59 INFO  BaseClass - DB connection successfull
2025-12-22 21:18:59 INFO  BaseClass - Executing query :SELECT employee_id,emp_firstname,emp_middle_name,emp_lastname FROM hs_hr_employee WHERE employee_id=0002
2025-12-22 21:18:59 INFO  BaseClass - query executed successfully
2025-12-22 21:18:59 INFO  BaseClass - able to store data from DB
2025-12-22 21:18:59 INFO  BaseClass - browser is launched and window is mazimized
2025-12-22 21:18:59 INFO  BaseClass - ActionDriver initialized!!!
2025-12-22 21:18:59 INFO  BaseClass - ActionDriver class instance is created!!!----->32
2025-12-22 21:18:59 INFO  BaseClass - page loaded successfully
2025-12-22 21:18:59 INFO  BaseClass - page loaded successfully
2025-12-22 21:18:59 INFO  BaseClass - applied green color on border of element element with class attribute:oxd-table-cell oxd-padding-cell
2025-12-22 21:19:00 INFO  BaseClass - element with class attribute:oxd-table-cell oxd-padding-cell is visible
2025-12-22 21:19:00 INFO  BaseClass - applied green color on border of element element with Name attribute:username
2025-12-22 21:19:00 INFO  BaseClass - element with Name attribute:username is visible
2025-12-22 21:19:00 INFO  BaseClass - applied green color on border of element element with class attribute:oxd-table-cell oxd-padding-cell
2025-12-22 21:19:00 INFO  BaseClass - Text are equals :harish kumarequals to harish kumar
2025-12-22 21:19:00 INFO  BaseClass - page loaded successfully
2025-12-22 21:19:00 INFO  BaseClass - applied green color on border of element element with Name attribute:username
2025-12-22 21:19:00 INFO  BaseClass - applied green color on border of element element with class attribute:oxd-table-cell oxd-padding-cell
2025-12-22 21:19:00 INFO  BaseClass - element with class attribute:oxd-table-cell oxd-padding-cell is visible
2025-12-22 21:19:00 INFO  BaseClass - Entered text :admin in element with Name attribute:username
2025-12-22 21:19:00 INFO  BaseClass - page loaded successfully
2025-12-22 21:19:00 INFO  BaseClass - applied green color on border of element element with class attribute:oxd-table-cell oxd-padding-cell
2025-12-22 21:19:00 INFO  BaseClass - Text are equals :anuragiequals to anuragi
2025-12-22 21:19:00 INFO  BaseClass - verifyEmployeeFromDB COMPLETED
2025-12-22 21:19:00 INFO  BaseClass - applied green color on border of element element with Name attribute:password
2025-12-22 21:19:00 INFO  BaseClass - element with Name attribute:password is visible
2025-12-22 21:19:01 INFO  BaseClass - applied green color on border of element element with Name attribute:password
2025-12-22 21:19:01 INFO  BaseClass - Entered text :Manish@880 in element with Name attribute:password
2025-12-22 21:19:01 INFO  BaseClass - page loaded successfully
2025-12-22 21:19:01 INFO  BaseClass - applied green color on border of element element with class attribute:oxd-button oxd-button--medium oxd-button--main orangehrm-login-button
2025-12-22 21:19:01 INFO  BaseClass - located element by element with class attribute:oxd-button oxd-button--medium oxd-button--main orangehrm-login-button is clickable
2025-12-22 21:19:01 INFO  BaseClass - applied green color on border of element element with class attribute:oxd-button oxd-button--medium oxd-button--main orangehrm-login-button
2025-12-22 21:19:01 INFO  BaseClass - clicked on :element with class attribute:oxd-button oxd-button--medium oxd-button--main orangehrm-login-button
2025-12-22 21:19:01 INFO  BaseClass - page loaded successfully
2025-12-22 21:19:02 INFO  BaseClass - webdriver & ActionDriver classes instance terminated!!!
2025-12-22 21:19:02 INFO  BaseClass - webdriver & ActionDriver classes instance terminated!!!
2025-12-22 21:19:03 INFO  BaseClass - chromeDriver initialized!!!
2025-12-22 21:19:04 INFO  BaseClass - applied green color on border of element unable to describe element attribute type!!!
2025-12-22 21:19:04 INFO  BaseClass - unable to describe element attribute type!!! is visible
2025-12-22 21:19:04 INFO  BaseClass - browser is launched and window is mazimized
2025-12-22 21:19:04 INFO  BaseClass - ActionDriver initialized!!!
2025-12-22 21:19:04 INFO  BaseClass - ActionDriver class instance is created!!!----->33
2025-12-22 21:19:04 INFO  BaseClass - page loaded successfully
2025-12-22 21:19:04 INFO  BaseClass - applied green color on border of element unable to describe element attribute type!!!
2025-12-22 21:19:05 INFO  BaseClass - element is displayed :unable to describe element attribute type!!!
2025-12-22 21:19:05 INFO  BaseClass - applied green color on border of element element with Name attribute:username
2025-12-22 21:19:05 INFO  BaseClass - webdriver & ActionDriver classes instance terminated!!!
2025-12-22 21:19:05 INFO  BaseClass - element with Name attribute:username is visible
2025-12-22 21:19:05 INFO  BaseClass - applied green color on border of element element with Name attribute:username
2025-12-22 21:19:05 INFO  BaseClass - Entered text :admin in element with Name attribute:username
2025-12-22 21:19:05 INFO  BaseClass - page loaded successfully
2025-12-22 21:19:06 INFO  BaseClass - applied green color on border of element element with Name attribute:password
2025-12-22 21:19:06 INFO  BaseClass - element with Name attribute:password is visible
2025-12-22 21:19:06 INFO  BaseClass - applied green color on border of element element with Name attribute:password
2025-12-22 21:19:06 INFO  BaseClass - Entered text :Manish@880 in element with Name attribute:password
2025-12-22 21:19:06 INFO  BaseClass - page loaded successfully
2025-12-22 21:19:06 INFO  BaseClass - applied green color on border of element element with class attribute:oxd-button oxd-button--medium oxd-button--main orangehrm-login-button
2025-12-22 21:19:06 INFO  BaseClass - located element by element with class attribute:oxd-button oxd-button--medium oxd-button--main orangehrm-login-button is clickable
2025-12-22 21:19:06 INFO  BaseClass - applied green color on border of element element with class attribute:oxd-button oxd-button--medium oxd-button--main orangehrm-login-button
2025-12-22 21:19:06 INFO  BaseClass - clicked on :element with class attribute:oxd-button oxd-button--medium oxd-button--main orangehrm-login-button
2025-12-22 21:19:07 INFO  BaseClass - webdriver & ActionDriver classes instance terminated!!!
2025-12-22 21:19:08 INFO  BaseClass - page loaded successfully
2025-12-22 21:19:08 INFO  BaseClass - applied green color on border of element element with class attribute:oxd-text oxd-text--span oxd-main-menu-item--name
2025-12-22 21:19:08 INFO  BaseClass - element with class attribute:oxd-text oxd-text--span oxd-main-menu-item--name is visible
2025-12-22 21:19:09 INFO  BaseClass - applied green color on border of element element with class attribute:oxd-text oxd-text--span oxd-main-menu-item--name
2025-12-22 21:19:09 INFO  BaseClass - element is displayed :element with class attribute:oxd-text oxd-text--span oxd-main-menu-item--name
2025-12-22 21:19:09 INFO  BaseClass - page loaded successfully
2025-12-22 21:19:09 INFO  BaseClass - applied green color on border of element element with class attribute:oxd-userdropdown-tab
2025-12-22 21:19:09 INFO  BaseClass - located element by element with class attribute:oxd-userdropdown-tab is clickable
2025-12-22 21:19:09 INFO  BaseClass - applied green color on border of element element with class attribute:oxd-userdropdown-tab
2025-12-22 21:19:09 INFO  BaseClass - clicked on :element with class attribute:oxd-userdropdown-tab
2025-12-22 21:19:09 INFO  BaseClass - page loaded successfully
2025-12-22 21:19:10 INFO  BaseClass - applied green color on border of element element with class attribute:oxd-userdropdown-link
2025-12-22 21:19:10 INFO  BaseClass - located element by element with class attribute:oxd-userdropdown-link is clickable
2025-12-22 21:19:10 INFO  BaseClass - applied green color on border of element element with class attribute:oxd-userdropdown-link
2025-12-22 21:19:11 INFO  BaseClass - clicked on :element with class attribute:oxd-userdropdown-link
2025-12-22 21:19:15 INFO  BaseClass - webdriver & ActionDriver classes instance terminated!!!
